month,model,model_slug,weighting,n,weight_sum,k_original,k_mhb,negative_log_score,interval_score,coverage,width
2022-03,DR normal,dr_normal,equal,1935,1935.0,0.10905516489962247,0.062087934669935,10.258326859274238,0.151724292829381,0.9441860465116281,0.02564684169737551
2022-03,DR normal,dr_normal,volume,1935,266605.0,0.10905516489962247,0.062087934669935,6.58677969036044,0.09661204353337456,0.9410288629245513,0.041220011813642946
2022-03,DR normal,dr_normal,contract_balanced,1935,54.0,0.10905516489962247,0.062087934669935,11.367061358729455,0.2600500336149345,0.8397388089069682,0.026341771483265997
2022-03,DR-AS normal,dras_normal,equal,1935,1935.0,0.10905516489962247,0.062087934669935,9.357136782670555,0.14722651581557544,0.9617571059431527,0.03453170883711331
2022-03,DR-AS normal,dras_normal,volume,1935,266605.0,0.10905516489962247,0.062087934669935,2.848196401485069,0.1275935393763327,0.9876558954258171,0.11200813496131887
2022-03,DR-AS normal,dras_normal,contract_balanced,1935,54.0,0.10905516489962247,0.062087934669935,4.367882196175426,0.19457658751207813,0.9227688487334682,0.06639792963196645
2022-03,"Beta, no hurdle",beta_no_hurdle,equal,1935,1935.0,0.10905516489962247,0.062087934669935,9.631951618150206,0.1466002840865383,0.9581395348837211,0.031716419422261666
2022-03,"Beta, no hurdle",beta_no_hurdle,volume,1935,266605.0,0.10905516489962247,0.062087934669935,2.7480161835940056,0.11290418484195588,0.9778586298081431,0.09218152894845613
2022-03,"Beta, no hurdle",beta_no_hurdle,contract_balanced,1935,54.0,0.10905516489962247,0.062087934669935,4.301759622951145,0.2019296968564151,0.8940915024783689,0.05449902169317428
2022-03,"Hurdle beta, post-hoc coherence",hurdle_posthoc,equal,1935,1935.0,0.10905516489962247,0.062087934669935,5.815414310289635,0.14714628108275163,0.9669250645994834,0.037586616006174065
2022-03,"Hurdle beta, post-hoc coherence",hurdle_posthoc,volume,1935,266605.0,0.10905516489962247,0.062087934669935,2.112808975287434,0.11909290192011052,0.9876558954258171,0.10278067112304412
2022-03,"Hurdle beta, post-hoc coherence",hurdle_posthoc,contract_balanced,1935,54.0,0.10905516489962247,0.062087934669935,1.8751830778145298,0.19019551549085817,0.9290819800465995,0.06415331812705281
2022-03,MHB,mhb,equal,1935,1935.0,0.10905516489962247,0.062087934669935,6.180452012698867,0.14712511049491858,0.9669250645994834,0.03751399076283883
2022-03,MHB,mhb,volume,1935,266605.0,0.10905516489962247,0.062087934669935,2.1127157803808103,0.1191194526428307,0.9876558954258171,0.10281061962368834
2022-03,MHB,mhb,contract_balanced,1935,54.0,0.10905516489962247,0.062087934669935,1.8675890052779032,0.19007400046025233,0.9290819800465995,0.06380361377157123
2022-04,DR normal,dr_normal,equal,5122,5122.0,0.09265008246110687,0.04491797965982688,11.382091590649786,0.2137343070475102,0.9240531042561497,0.03667266425867817
2022-04,DR normal,dr_normal,volume,5122,337339.0,0.09265008246110687,0.04491797965982688,4.49634884410348,0.1308059851209283,0.917362060123496,0.04488978087416777
2022-04,DR normal,dr_normal,contract_balanced,5122,103.0,0.09265008246110687,0.04491797965982688,14.96656402126332,0.2699326944569539,0.8883548350133315,0.029909309046158378
2022-04,DR-AS normal,dras_normal,equal,5122,5122.0,0.09265008246110687,0.04491797965982688,11.403335228169606,0.21464877725581602,0.9297149550956656,0.041502205649956415
2022-04,DR-AS normal,dras_normal,volume,5122,337339.0,0.09265008246110687,0.04491797965982688,4.763022775806819,0.13466675573933634,0.9877007994924988,0.11091017475904581
2022-04,DR-AS normal,dras_normal,contract_balanced,5122,103.0,0.09265008246110687,0.04491797965982688,15.237877715662403,0.27670544157528887,0.9352505022466177,0.06469713802695257
2022-04,"Beta, no hurdle",beta_no_hurdle,equal,5122,5122.0,0.09265008246110687,0.04491797965982688,10.771511478829282,0.21336735572965165,0.9295197188598202,0.03946779193280269
2022-04,"Beta, no hurdle",beta_no_hurdle,volume,5122,337339.0,0.09265008246110687,0.04491797965982688,4.581236133326735,0.11770980217182953,0.9800378847390905,0.08713502195835947
2022-04,"Beta, no hurdle",beta_no_hurdle,contract_balanced,5122,103.0,0.09265008246110687,0.04491797965982688,14.27940919039675,0.268405009573665,0.9316201481754816,0.051994156065072794
2022-04,"Hurdle beta, post-hoc coherence",hurdle_posthoc,equal,5122,5122.0,0.09265008246110687,0.04491797965982688,6.594749825325645,0.21384588749507724,0.9424053104256149,0.049473752418833554
2022-04,"Hurdle beta, post-hoc coherence",hurdle_posthoc,volume,5122,337339.0,0.09265008246110687,0.04491797965982688,3.15091500531912,0.12518068372073102,0.9862452903459132,0.10031566689176254
2022-04,"Hurdle beta, post-hoc coherence",hurdle_posthoc,contract_balanced,5122,103.0,0.09265008246110687,0.04491797965982688,6.925729078777673,0.2698190607955836,0.9415787783573896,0.06181938936078593
2022-04,MHB,mhb,equal,5122,5122.0,0.09265008246110687,0.04491797965982688,6.462155570611818,0.21420024553320766,0.9404529480671611,0.04931163018688485
2022-04,MHB,mhb,volume,5122,337339.0,0.09265008246110687,0.04491797965982688,3.1525043846023206,0.12522787590663184,0.9862452903459132,0.10046957903130188
2022-04,MHB,mhb,contract_balanced,5122,103.0,0.09265008246110687,0.04491797965982688,6.4134853538079675,0.27051271179496944,0.9396721735824884,0.061613034585960916
2022-05,DR normal,dr_normal,equal,6994,6994.0,0.10129949886589759,0.04471081448708458,7.579937248065862,0.1438676510918897,0.945524735487561,0.04915417805600261
2022-05,DR normal,dr_normal,volume,6994,484513.0,0.10129949886589759,0.04471081448708458,11.873832975321918,0.3059569978104059,0.8901020199664406,0.0971104855713899
2022-05,DR normal,dr_normal,contract_balanced,6994,132.0,0.10129949886589759,0.04471081448708458,22.385271079472908,0.32670792156505873,0.8398455591367721,0.037995070447131116
2022-05,DR-AS normal,dras_normal,equal,6994,6994.0,0.10129949886589759,0.04471081448708458,6.651088657812646,0.1415236112898385,0.9518158421504148,0.053917712934993006
2022-05,DR-AS normal,dras_normal,volume,6994,484513.0,0.10129949886589759,0.04471081448708458,3.627784897980124,0.2867538280037854,0.9738830537054733,0.1589471426100417
2022-05,DR-AS normal,dras_normal,contract_balanced,6994,132.0,0.10129949886589759,0.04471081448708458,4.407969792117429,0.2697038019073081,0.9209544046226793,0.07557371583395886
2022-05,"Beta, no hurdle",beta_no_hurdle,equal,6994,6994.0,0.10129949886589759,0.04471081448708458,6.615444370530895,0.1423313033563866,0.948813268515871,0.05239206556411611
2022-05,"Beta, no hurdle",beta_no_hurdle,volume,6994,484513.0,0.10129949886589759,0.04471081448708458,3.608897179809907,0.28404411870267343,0.9570620396150361,0.13385095474040679
2022-05,"Beta, no hurdle",beta_no_hurdle,contract_balanced,6994,132.0,0.10129949886589759,0.04471081448708458,5.2014567690039755,0.28259188819531167,0.8896228818446119,0.06064570092125944
2022-05,"Hurdle beta, post-hoc coherence",hurdle_posthoc,equal,6994,6994.0,0.10129949886589759,0.04471081448708458,2.154075823276959,0.14571887435640127,0.9473834715470406,0.05983034802480761
2022-05,"Hurdle beta, post-hoc coherence",hurdle_posthoc,volume,6994,484513.0,0.10129949886589759,0.04471081448708458,2.5134046615502355,0.2901626001678963,0.9638296598852869,0.1529286031613258
2022-05,"Hurdle beta, post-hoc coherence",hurdle_posthoc,contract_balanced,6994,132.0,0.10129949886589759,0.04471081448708458,2.6561705427130766,0.2763453539471057,0.8949113790821875,0.06987957292994953
2022-05,MHB,mhb,equal,6994,6994.0,0.10129949886589759,0.04471081448708458,2.149883617220748,0.1459721093692255,0.9482413497283388,0.06034920417515396
2022-05,MHB,mhb,volume,6994,484513.0,0.10129949886589759,0.04471081448708458,2.5100109721319557,0.2901691492879092,0.9638915777285646,0.15300755830764276
2022-05,MHB,mhb,contract_balanced,6994,132.0,0.10129949886589759,0.04471081448708458,2.656048669098687,0.27655741487847824,0.8949454478465816,0.06994202442509734
2022-06,DR normal,dr_normal,equal,8274,8274.0,0.199253631767042,0.09439920204392917,4.433400652209612,0.08498856135746333,0.9502054628958179,0.043012377020790804
2022-06,DR normal,dr_normal,volume,8274,775736.0,0.199253631767042,0.09439920204392917,20.869906635971756,0.6014250983555779,0.808366506130952,0.06736383378142308
2022-06,DR normal,dr_normal,contract_balanced,8274,138.0,0.199253631767042,0.09439920204392917,33.25807038738529,0.29135211197399796,0.8073584346727828,0.03838250068595123
2022-06,DR-AS normal,dras_normal,equal,8274,8274.0,0.199253631767042,0.09439920204392917,3.1889104688197945,0.08065815027969697,0.9641044234952862,0.053741060598419405
2022-06,DR-AS normal,dras_normal,volume,8274,775736.0,0.199253631767042,0.09439920204392917,5.169700787170194,0.25198034962848104,0.9422793321439252,0.1905805006011222
2022-06,DR-AS normal,dras_normal,contract_balanced,8274,138.0,0.199253631767042,0.09439920204392917,3.0366908773801393,0.15988250725257175,0.9363859539493933,0.1180495697299416
2022-06,"Beta, no hurdle",beta_no_hurdle,equal,8274,8274.0,0.199253631767042,0.09439920204392917,3.0379853972051984,0.07975344324027736,0.9624123761179597,0.04996750103224125
2022-06,"Beta, no hurdle",beta_no_hurdle,volume,8274,775736.0,0.199253631767042,0.09439920204392917,5.151071012973139,0.3064452304992181,0.8937048171027256,0.1478363834938051
2022-06,"Beta, no hurdle",beta_no_hurdle,contract_balanced,8274,138.0,0.199253631767042,0.09439920204392917,3.0040112735223605,0.18443207092977054,0.923835583238785,0.09237320022557538
2022-06,"Hurdle beta, post-hoc coherence",hurdle_posthoc,equal,8274,8274.0,0.199253631767042,0.09439920204392917,1.4385694146284116,0.0849439217240103,0.9715977761663038,0.06054446547815169
2022-06,"Hurdle beta, post-hoc coherence",hurdle_posthoc,volume,8274,775736.0,0.199253631767042,0.09439920204392917,3.009569849369662,0.28151674286599476,0.9392177235554363,0.1675950917428191
2022-06,"Hurdle beta, post-hoc coherence",hurdle_posthoc,contract_balanced,8274,138.0,0.199253631767042,0.09439920204392917,2.142847627058826,0.1767017279536643,0.9326694993293899,0.10703750328698382
2022-06,MHB,mhb,equal,8274,8274.0,0.199253631767042,0.09439920204392917,1.4389364104978324,0.08504259884644075,0.9718394972202076,0.06064165368439808
2022-06,MHB,mhb,volume,8274,775736.0,0.199253631767042,0.09439920204392917,3.010346215589168,0.2816672388664757,0.9392177235554363,0.1679249880463442
2022-06,MHB,mhb,contract_balanced,8274,138.0,0.199253631767042,0.09439920204392917,2.1422905661712806,0.17680576796193748,0.9326694993293899,0.10725072040699611
2022-07,DR normal,dr_normal,equal,11293,11293.0,0.21754438960171507,0.11018306748649255,2.797968799333609,0.07716062463286685,0.9575843442840696,0.0444998263650833
2022-07,DR normal,dr_normal,volume,11293,1247682.0,0.21754438960171507,0.11018306748649255,6.148559410268965,0.25858099779088795,0.8517667161985185,0.09513041348166232
2022-07,DR normal,dr_normal,contract_balanced,11293,121.0,0.21754438960171507,0.11018306748649255,2.6038919893733694,0.08748530600185732,0.9183804401678597,0.04556856499945513
2022-07,DR-AS normal,dras_normal,equal,11293,11293.0,0.21754438960171507,0.11018306748649255,2.4841464051499598,0.07637667398074423,0.9692730009740546,0.05547254919556159
2022-07,DR-AS normal,dras_normal,volume,11293,1247682.0,0.21754438960171507,0.11018306748649255,3.437796177127902,0.24443342928351913,0.9766767493640206,0.2177451441939732
2022-07,DR-AS normal,dras_normal,contract_balanced,11293,121.0,0.21754438960171507,0.11018306748649255,2.500798523837446,0.11926420732522813,0.993458673032243,0.11685579135777677
2022-07,"Beta, no hurdle",beta_no_hurdle,equal,11293,11293.0,0.21754438960171507,0.11018306748649255,2.868293828849874,0.07549958955370151,0.9672363410962541,0.05218492468238753
2022-07,"Beta, no hurdle",beta_no_hurdle,volume,11293,1247682.0,0.21754438960171507,0.11018306748649255,5.969679768031325,0.23044700561763565,0.9638273213847759,0.18125696008220174
2022-07,"Beta, no hurdle",beta_no_hurdle,contract_balanced,11293,121.0,0.21754438960171507,0.11018306748649255,2.5636239313097704,0.10491740919918621,0.9817333148420239,0.09764263765587003
2022-07,"Hurdle beta, post-hoc coherence",hurdle_posthoc,equal,11293,11293.0,0.21754438960171507,0.11018306748649255,1.442370011943841,0.07991555133785314,0.9727264677233683,0.06078063794900555
2022-07,"Hurdle beta, post-hoc coherence",hurdle_posthoc,volume,11293,1247682.0,0.21754438960171507,0.11018306748649255,5.514287313298635,0.2410596197443291,0.9679084895029342,0.2019373647956504
2022-07,"Hurdle beta, post-hoc coherence",hurdle_posthoc,contract_balanced,11293,121.0,0.21754438960171507,0.11018306748649255,1.5357379556515338,0.11289406822059643,0.9839471073730346,0.10796689758868942
2022-07,MHB,mhb,equal,11293,11293.0,0.21754438960171507,0.11018306748649255,1.441053602661617,0.08011498028505787,0.9730806694412466,0.06104396133199949
2022-07,MHB,mhb,volume,11293,1247682.0,0.21754438960171507,0.11018306748649255,5.51409150263758,0.24126414551515246,0.9679084895029342,0.2020998788759915
2022-07,MHB,mhb,contract_balanced,11293,121.0,0.21754438960171507,0.11018306748649255,1.5368713006416512,0.11329267286360542,0.9839471073730346,0.10828337792408581
2022-08,DR normal,dr_normal,equal,9823,9823.0,0.1760169528601168,0.08785536155625856,2.5365782509385557,0.06804483366699912,0.9747531304082255,0.042595328160334636
2022-08,DR normal,dr_normal,volume,9823,631364.0,0.1760169528601168,0.08785536155625856,3.309548141977532,0.13557642000913547,0.9478304116167535,0.08174482138846295
2022-08,DR normal,dr_normal,contract_balanced,9823,113.0,0.1760169528601168,0.08785536155625856,3.827526990349153,0.08586647675476453,0.9574380897275176,0.04177417269087731
2022-08,DR-AS normal,dras_normal,equal,9823,9823.0,0.1760169528601168,0.08785536155625856,2.5143366952990536,0.07148684380311186,0.9789270080423496,0.04958444002421396
2022-08,DR-AS normal,dras_normal,volume,9823,631364.0,0.1760169528601168,0.08785536155625856,3.5297061635325715,0.17798386432050256,0.9931054035390044,0.16427907946590678
2022-08,DR-AS normal,dras_normal,contract_balanced,9823,113.0,0.1760169528601168,0.08785536155625856,4.163776298596001,0.11528853083304137,0.9856539583101597,0.08840073613985408
2022-08,"Beta, no hurdle",beta_no_hurdle,equal,9823,9823.0,0.1760169528601168,0.08785536155625856,2.8122393343387824,0.0696538145564549,0.9772981777461061,0.04707552476880336
2022-08,"Beta, no hurdle",beta_no_hurdle,volume,9823,631364.0,0.1760169528601168,0.08785536155625856,3.3583129149235527,0.15533204642519013,0.9788030359665738,0.1347160015385729
2022-08,"Beta, no hurdle",beta_no_hurdle,contract_balanced,9823,113.0,0.1760169528601168,0.08785536155625856,4.3823287079356845,0.10243229517622232,0.978770907933625,0.072416780190594
2022-08,"Hurdle beta, post-hoc coherence",hurdle_posthoc,equal,9823,9823.0,0.1760169528601168,0.08785536155625856,1.3740477912237736,0.0747007301439907,0.9743459228341647,0.052380343930310304
2022-08,"Hurdle beta, post-hoc coherence",hurdle_posthoc,volume,9823,631364.0,0.1760169528601168,0.08785536155625856,2.609140947573179,0.167228939511279,0.9900437782325252,0.15113358584281233
2022-08,"Hurdle beta, post-hoc coherence",hurdle_posthoc,contract_balanced,9823,113.0,0.1760169528601168,0.08785536155625856,1.8141854862707842,0.11173590423716516,0.9735216017953556,0.08149568603525881
2022-08,MHB,mhb,equal,9823,9823.0,0.1760169528601168,0.08785536155625856,1.2988614719248681,0.07479579214734092,0.9750585360887712,0.05262629034307696
2022-08,MHB,mhb,volume,9823,631364.0,0.1760169528601168,0.08785536155625856,2.6095902919854126,0.1673676693178923,0.9900437782325252,0.15126140364320417
2022-08,MHB,mhb,contract_balanced,9823,113.0,0.1760169528601168,0.08785536155625856,1.8143208049535038,0.11188616389302468,0.973599916463693,0.08162174553414998
2022-09,DR normal,dr_normal,equal,7191,7191.0,0.17340985881995066,0.08399821011835387,4.753307414345805,0.09403364858208454,0.9365874009178137,0.039463130190681366
2022-09,DR normal,dr_normal,volume,7191,1069397.0,0.17340985881995066,0.08399821011835387,12.736522009278554,0.17590516298405834,0.856675303932964,0.05504611707996456
2022-09,DR normal,dr_normal,contract_balanced,7191,106.0,0.17340985881995066,0.08399821011835387,6.481967205541534,0.11111482619579154,0.9230592159567206,0.046155845545094706
2022-09,DR-AS normal,dras_normal,equal,7191,7191.0,0.17340985881995066,0.08399821011835387,3.9575139018900574,0.09166875638965903,0.9514671116673616,0.049528731316882874
2022-09,DR-AS normal,dras_normal,volume,7191,1069397.0,0.17340985881995066,0.08399821011835387,3.398523408408443,0.16887720441756715,0.9810042481884651,0.141655456770463
2022-09,DR-AS normal,dras_normal,contract_balanced,7191,106.0,0.17340985881995066,0.08399821011835387,2.500855162892608,0.11679019987592658,0.9853394903878849,0.10165174898253426
2022-09,"Beta, no hurdle",beta_no_hurdle,equal,7191,7191.0,0.17340985881995066,0.08399821011835387,5.097720666372653,0.09040003345191563,0.9503546099290776,0.046082234673783876
2022-09,"Beta, no hurdle",beta_no_hurdle,volume,7191,1069397.0,0.17340985881995066,0.08399821011835387,3.2805163654049787,0.15192452902174444,0.975071933061342,0.11352900406124397
2022-09,"Beta, no hurdle",beta_no_hurdle,contract_balanced,7191,106.0,0.17340985881995066,0.08399821011835387,3.0407094499841882,0.10647741950443089,0.9816274397921292,0.08492258322834058
2022-09,"Hurdle beta, post-hoc coherence",hurdle_posthoc,equal,7191,7191.0,0.17340985881995066,0.08399821011835387,1.668124396556475,0.09352000336610759,0.940063968849951,0.049723875172707876
2022-09,"Hurdle beta, post-hoc coherence",hurdle_posthoc,volume,7191,1069397.0,0.17340985881995066,0.08399821011835387,2.93933992394778,0.15779042573592222,0.9787384853333234,0.12483077907233439
2022-09,"Hurdle beta, post-hoc coherence",hurdle_posthoc,contract_balanced,7191,106.0,0.17340985881995066,0.08399821011835387,1.6526458044805317,0.10858786152120548,0.9818776290812943,0.09011501990224806
2022-09,MHB,mhb,equal,7191,7191.0,0.17340985881995066,0.08399821011835387,1.6649121379342995,0.09348937712728274,0.9413155333055205,0.04991629659672388
2022-09,MHB,mhb,volume,7191,1069397.0,0.17340985881995066,0.08399821011835387,2.9396952937896703,0.15805728737281066,0.9787384853333234,0.1250253889388415
2022-09,MHB,mhb,contract_balanced,7191,106.0,0.17340985881995066,0.08399821011835387,1.6483579590128323,0.11002256132321304,0.9818776290812943,0.09151543793264973
2022-10,DR normal,dr_normal,equal,3558,3558.0,0.15688943305300337,0.07900204994873812,3.5540581448825526,0.10343281753494633,0.9415401911186059,0.06080669521793183
2022-10,DR normal,dr_normal,volume,3558,530360.0,0.15688943305300337,0.07900204994873812,2.712347007611409,0.12465716699493494,0.9213232521306283,0.07284697645158018
2022-10,DR normal,dr_normal,contract_balanced,3558,78.0,0.15688943305300337,0.07900204994873812,5.198068517502962,0.10729272825804412,0.9045795157622585,0.05017009697550495
2022-10,DR-AS normal,dras_normal,equal,3558,3558.0,0.15688943305300337,0.07900204994873812,3.5109315449645946,0.10577694007957729,0.959246767847105,0.07478351533431739
2022-10,DR-AS normal,dras_normal,volume,3558,530360.0,0.15688943305300337,0.07900204994873812,2.999978366825551,0.16611201369874135,0.9928067727581265,0.15839409579773608
2022-10,DR-AS normal,dras_normal,contract_balanced,3558,78.0,0.15688943305300337,0.07900204994873812,5.3052181254503115,0.12689769238791926,0.981971995669324,0.11062284607262454
2022-10,"Beta, no hurdle",beta_no_hurdle,equal,3558,3558.0,0.15688943305300337,0.07900204994873812,2.9241695707279085,0.10299105144321143,0.9584035975267002,0.06985969937175984
2022-10,"Beta, no hurdle",beta_no_hurdle,volume,3558,530360.0,0.15688943305300337,0.07900204994873812,2.8223699877056445,0.14162692982909356,0.9908062448148427,0.13127826010741195
2022-10,"Beta, no hurdle",beta_no_hurdle,contract_balanced,3558,78.0,0.15688943305300337,0.07900204994873812,5.179156559303468,0.10958781850489228,0.9793687675363637,0.0914476595779891
2022-10,"Hurdle beta, post-hoc coherence",hurdle_posthoc,equal,3558,3558.0,0.15688943305300337,0.07900204994873812,1.847703005020927,0.10826695313089706,0.9519392917369307,0.07648937235546288
2022-10,"Hurdle beta, post-hoc coherence",hurdle_posthoc,volume,3558,530360.0,0.15688943305300337,0.07900204994873812,2.6385172218123136,0.15651016699559372,0.9927577494532016,0.14791193812802533
2022-10,"Hurdle beta, post-hoc coherence",hurdle_posthoc,contract_balanced,3558,78.0,0.15688943305300337,0.07900204994873812,1.9253807287699116,0.11859410448592897,0.9800241823343356,0.09920376680310228
2022-10,MHB,mhb,equal,3558,3558.0,0.15688943305300337,0.07900204994873812,1.840731127410177,0.10871686979992845,0.9522203485103989,0.07705365976414855
2022-10,MHB,mhb,volume,3558,530360.0,0.15688943305300337,0.07900204994873812,2.637731041587001,0.15655311971450936,0.9928897352741535,0.1479591360856769
2022-10,MHB,mhb,contract_balanced,3558,78.0,0.15688943305300337,0.07900204994873812,1.925539312528791,0.11872621527499537,0.9799770790563731,0.09936749879627275
2022-11,DR normal,dr_normal,equal,930,930.0,0.14226236589840213,0.07247831324390691,14.518176627884278,0.2912208795134317,0.8795698924731186,0.0810873033740357
2022-11,DR normal,dr_normal,volume,930,339472.0,0.14226236589840213,0.07247831324390691,6.40566633981164,0.2536410514306491,0.8171366121506339,0.06420875162772666
2022-11,DR normal,dr_normal,contract_balanced,930,54.0,0.14226236589840213,0.07247831324390691,110.66615343019542,1.4402622317813056,0.5929935638567981,0.04434791487262287
2022-11,DR-AS normal,dras_normal,equal,930,930.0,0.14226236589840213,0.07247831324390691,11.91043915558243,0.272623758571914,0.9225806451612906,0.1097174869423464
2022-11,DR-AS normal,dras_normal,volume,930,339472.0,0.14226236589840213,0.07247831324390691,3.2304128833975136,0.2046219610308783,0.9739683979827497,0.16443101933358878
2022-11,DR-AS normal,dras_normal,contract_balanced,930,54.0,0.14226236589840213,0.07247831324390691,98.02275461207576,1.3525691823402066,0.7398058520516387,0.09641592712325431
2022-11,"Beta, no hurdle",beta_no_hurdle,equal,930,930.0,0.14226236589840213,0.07247831324390691,12.614852949606636,0.2730752387652631,0.9139784946236562,0.09939538540920875
2022-11,"Beta, no hurdle",beta_no_hurdle,volume,930,339472.0,0.14226236589840213,0.07247831324390691,3.4824757135047735,0.19363555432482066,0.969649926945374,0.13312040386238677
2022-11,"Beta, no hurdle",beta_no_hurdle,contract_balanced,930,54.0,0.14226236589840213,0.07247831324390691,97.89898992246773,1.3675200886985195,0.7088637996586573,0.08096198465529202
2022-11,"Hurdle beta, post-hoc coherence",hurdle_posthoc,equal,930,930.0,0.14226236589840213,0.07247831324390691,7.144249187524418,0.2820903558274104,0.9182795698924734,0.11746005398165339
2022-11,"Hurdle beta, post-hoc coherence",hurdle_posthoc,volume,930,339472.0,0.14226236589840213,0.07247831324390691,3.063090197630852,0.20073799264873496,0.9711257482207662,0.1467669654780102
2022-11,"Hurdle beta, post-hoc coherence",hurdle_posthoc,contract_balanced,930,54.0,0.14226236589840213,0.07247831324390691,35.4460729793072,1.3785596273724618,0.6767225043797263,0.08927611632773395
2022-11,MHB,mhb,equal,930,930.0,0.14226236589840213,0.07247831324390691,6.388173116061914,0.28217786716987037,0.9193548387096777,0.11782934570188543
2022-11,MHB,mhb,volume,930,339472.0,0.14226236589840213,0.07247831324390691,3.0639033154301654,0.2008172420351773,0.971128693971815,0.14676616607926984
2022-11,MHB,mhb,contract_balanced,930,54.0,0.14226236589840213,0.07247831324390691,35.456348195251536,1.378618932047187,0.6767274664693614,0.08930136848372153
2022-12,DR normal,dr_normal,equal,845,845.0,0.13877164673767237,0.07192369297883239,9.033312136655997,0.21991188169893489,0.9088757396449705,0.1016973519046131
2022-12,DR normal,dr_normal,volume,845,363258.0,0.13877164673767237,0.07192369297883239,8.113440230576563,0.2535729005704414,0.8394694679814347,0.08706847984636354
2022-12,DR normal,dr_normal,contract_balanced,845,53.0,0.13877164673767237,0.07192369297883239,18.87582660036484,0.38361413481633727,0.8396950435955137,0.05366144163312652
2022-12,DR-AS normal,dras_normal,equal,845,845.0,0.13877164673767237,0.07192369297883239,5.537471040735062,0.20819928882342364,0.9396449704142011,0.12571158692200313
2022-12,DR-AS normal,dras_normal,volume,845,363258.0,0.13877164673767237,0.07192369297883239,3.333502511454392,0.2615048631896502,0.9879259369373834,0.1879190753194488
2022-12,DR-AS normal,dras_normal,contract_balanced,845,53.0,0.13877164673767237,0.07192369297883239,3.2043390197888364,0.32549564669581754,0.909511038589438,0.11285527634494762
2022-12,"Beta, no hurdle",beta_no_hurdle,equal,845,845.0,0.13877164673767237,0.07192369297883239,7.161524543030666,0.20788162062936832,0.9349112426035502,0.11830545389040151
2022-12,"Beta, no hurdle",beta_no_hurdle,volume,845,363258.0,0.13877164673767237,0.07192369297883239,3.326940541916753,0.24973514537991154,0.984749131471296,0.16422912133409062
2022-12,"Beta, no hurdle",beta_no_hurdle,contract_balanced,845,53.0,0.13877164673767237,0.07192369297883239,3.5920501866778,0.33713428544413493,0.9177910648080434,0.09978896934248419
2022-12,"Hurdle beta, post-hoc coherence",hurdle_posthoc,equal,845,845.0,0.13877164673767237,0.07192369297883239,4.47000609012596,0.22114510878822283,0.9408284023668638,0.13854926176362561
2022-12,"Hurdle beta, post-hoc coherence",hurdle_posthoc,volume,845,363258.0,0.13877164673767237,0.07192369297883239,3.0394429211249694,0.2579231316072684,0.9857676912827797,0.17722456243619522
2022-12,"Hurdle beta, post-hoc coherence",hurdle_posthoc,contract_balanced,845,53.0,0.13877164673767237,0.07192369297883239,3.345118327216082,0.339178167235363,0.8838091533595303,0.1050296065149051
2022-12,MHB,mhb,equal,845,845.0,0.13877164673767237,0.07192369297883239,3.6278184144087096,0.2216300095340349,0.9420118343195265,0.13914911252460566
2022-12,MHB,mhb,volume,845,363258.0,0.13877164673767237,0.07192369297883239,3.0306203749744522,0.257969654481657,0.9857676912827797,0.1772858778285606
2022-12,MHB,mhb,contract_balanced,845,53.0,0.13877164673767237,0.07192369297883239,3.3349844569822444,0.3395941760915083,0.8838091533595303,0.1054568919222192
2023-01,DR normal,dr_normal,equal,408,408.0,0.13630479936482293,0.07132885909831777,7.2416908052044775,0.2169451542818218,0.8676470588235292,0.09512735065282499
2023-01,DR normal,dr_normal,volume,408,223656.0,0.13630479936482293,0.07132885909831777,3.74630806870894,0.162406195352024,0.8480478949815788,0.07181331602619492
2023-01,DR normal,dr_normal,contract_balanced,408,34.0,0.13630479936482293,0.07132885909831777,26.695639959572347,0.5081777207318697,0.6344484891897855,0.05606509022917246
2023-01,DR-AS normal,dras_normal,equal,408,408.0,0.13630479936482293,0.07132885909831777,5.377656284770689,0.20098382279276727,0.9142156862745096,0.12595508185663545
2023-01,DR-AS normal,dras_normal,volume,408,223656.0,0.13630479936482293,0.07132885909831777,3.253702403790497,0.18660200706238556,0.9978225489144041,0.18201602558813912
2023-01,DR-AS normal,dras_normal,contract_balanced,408,34.0,0.13630479936482293,0.07132885909831777,4.823774270624519,0.369350105625196,0.8058595215618078,0.12898128233219622
2023-01,"Beta, no hurdle",beta_no_hurdle,equal,408,408.0,0.13630479936482293,0.07132885909831777,5.280613857431479,0.19663160252615214,0.9019607843137253,0.11681470572173575
2023-01,"Beta, no hurdle",beta_no_hurdle,volume,408,223656.0,0.13630479936482293,0.07132885909831777,3.0982298877351546,0.1742289142668798,0.937193726079336,0.16237181799994865
2023-01,"Beta, no hurdle",beta_no_hurdle,contract_balanced,408,34.0,0.13630479936482293,0.07132885909831777,4.552004693170298,0.36001765384833145,0.7998695660003858,0.10972208822830008
2023-01,"Hurdle beta, post-hoc coherence",hurdle_posthoc,equal,408,408.0,0.13630479936482293,0.07132885909831777,3.082391366650949,0.20217105508385846,0.924019607843137,0.13482893792086964
2023-01,"Hurdle beta, post-hoc coherence",hurdle_posthoc,volume,408,223656.0,0.13630479936482293,0.07132885909831777,3.0752952795558404,0.1814947138104996,0.9932262045283827,0.1754190876699046
2023-01,"Hurdle beta, post-hoc coherence",hurdle_posthoc,contract_balanced,408,34.0,0.13630479936482293,0.07132885909831777,3.6654166579638403,0.3764572721557249,0.8202640995128909,0.12004861698093566
2023-01,MHB,mhb,equal,408,408.0,0.13630479936482293,0.07132885909831777,3.0831929778171374,0.20275151303862798,0.924019607843137,0.1354801503142316
2023-01,MHB,mhb,volume,408,223656.0,0.13630479936482293,0.07132885909831777,3.0703140536179294,0.18144062642442282,0.9932262045283827,0.17537334868687948
2023-01,MHB,mhb,contract_balanced,408,34.0,0.13630479936482293,0.07132885909831777,3.665364646600623,0.376187126883324,0.8202640995128909,0.12011656604710373
2023-02,DR normal,dr_normal,equal,426,426.0,0.13133201947326725,0.06968879416602779,37.856577670779,0.3927270665108442,0.7816901408450703,0.0654145777361102
2023-02,DR normal,dr_normal,volume,426,327423.0,0.13133201947326725,0.06968879416602779,17.871686650085337,0.18974235492838343,0.8620988751553801,0.0665798701695934
2023-02,DR normal,dr_normal,contract_balanced,426,42.0,0.13133201947326725,0.06968879416602779,169.3794289693481,0.9095749887126898,0.46651236096298165,0.03733746111976531
2023-02,DR-AS normal,dras_normal,equal,426,426.0,0.13133201947326725,0.06968879416602779,25.752601819853723,0.3695790288924502,0.8333333333333331,0.1061061527499002
2023-02,DR-AS normal,dras_normal,volume,426,327423.0,0.13133201947326725,0.06968879416602779,3.3865184450442305,0.21992123992130982,0.9666211597841324,0.19591325833030235
2023-02,DR-AS normal,dras_normal,contract_balanced,426,42.0,0.13133201947326725,0.06968879416602779,86.37514797467468,0.7299602540489035,0.693764026218255,0.12243773091116003
2023-02,"Beta, no hurdle",beta_no_hurdle,equal,426,426.0,0.13133201947326725,0.06968879416602779,27.44299089415491,0.3672616800468437,0.8309859154929576,0.0919358643151264
2023-02,"Beta, no hurdle",beta_no_hurdle,volume,426,327423.0,0.13133201947326725,0.06968879416602779,3.4068241161305135,0.19929783767644965,0.9634631653854493,0.1614782606735465
2023-02,"Beta, no hurdle",beta_no_hurdle,contract_balanced,426,42.0,0.13133201947326725,0.06968879416602779,87.35961951564644,0.7260230113922269,0.6654449566549456,0.09810685919202122
2023-02,"Hurdle beta, post-hoc coherence",hurdle_posthoc,equal,426,426.0,0.13133201947326725,0.06968879416602779,11.615835084770005,0.36714749869012997,0.8403755868544599,0.10723549194998523
2023-02,"Hurdle beta, post-hoc coherence",hurdle_posthoc,volume,426,327423.0,0.13133201947326725,0.06968879416602779,3.0896294940209708,0.2021697841371639,0.9793417078213809,0.1738593425679239
2023-02,"Hurdle beta, post-hoc coherence",hurdle_posthoc,contract_balanced,426,42.0,0.13133201947326725,0.06968879416602779,25.099676658021444,0.7300052684971088,0.7246482239767029,0.1064684361136094
2023-02,MHB,mhb,equal,426,426.0,0.13133201947326725,0.06968879416602779,11.630611962737047,0.3671084431255157,0.8403755868544599,0.10724368210411195
2023-02,MHB,mhb,volume,426,327423.0,0.13133201947326725,0.06968879416602779,3.095454640153461,0.20236365780266663,0.9793417078213809,0.17403759770512686
2023-02,MHB,mhb,contract_balanced,426,42.0,0.13133201947326725,0.06968879416602779,25.138397187796244,0.7301591413632068,0.7246482239767029,0.1066904714837226
2023-03,DR normal,dr_normal,equal,2012,2012.0,0.12751613448090263,0.06770042985399181,29.529710898934567,0.45661235250263565,0.7857852882703777,0.0528999883613563
2023-03,DR normal,dr_normal,volume,2012,1074841.0,0.12751613448090263,0.06770042985399181,9.139437493842467,0.34844541182315153,0.8452040813478459,0.09979663491935989
2023-03,DR normal,dr_normal,contract_balanced,2012,52.0,0.12751613448090263,0.06770042985399181,21.720298828184106,0.3895179875547472,0.7656141065744586,0.04478757575067574
2023-03,DR-AS normal,dras_normal,equal,2012,2012.0,0.12751613448090263,0.06770042985399181,24.907601447543747,0.4241201845608052,0.8235586481113322,0.0781575276133972
2023-03,DR-AS normal,dras_normal,volume,2012,1074841.0,0.12751613448090263,0.06770042985399181,3.444746628020469,0.2895337913486594,0.9579575025515401,0.1869070703611896
2023-03,DR-AS normal,dras_normal,contract_balanced,2012,52.0,0.12751613448090263,0.06770042985399181,3.83988859005206,0.23204944377316394,0.9513000176707695,0.16216631427388686
2023-03,"Beta, no hurdle",beta_no_hurdle,equal,2012,2012.0,0.12751613448090263,0.06770042985399181,25.862810717018846,0.42730677372980475,0.8225646123260439,0.0706830442514008
2023-03,"Beta, no hurdle",beta_no_hurdle,volume,2012,1074841.0,0.12751613448090263,0.06770042985399181,10.044344744619407,0.29243460773915037,0.956057686671796,0.16746887157256138
2023-03,"Beta, no hurdle",beta_no_hurdle,contract_balanced,2012,52.0,0.12751613448090263,0.06770042985399181,4.208810527933662,0.23186272566428412,0.9423591454824574,0.1277435032084051
2023-03,"Hurdle beta, post-hoc coherence",hurdle_posthoc,equal,2012,2012.0,0.12751613448090263,0.06770042985399181,13.489585285439967,0.4134175631137683,0.8484095427435389,0.08173040646716435
2023-03,"Hurdle beta, post-hoc coherence",hurdle_posthoc,volume,2012,1074841.0,0.12751613448090263,0.06770042985399181,9.909571787866817,0.29304618277840816,0.9584626935518836,0.17944365426790276
2023-03,"Hurdle beta, post-hoc coherence",hurdle_posthoc,contract_balanced,2012,52.0,0.12751613448090263,0.06770042985399181,3.1308117987864055,0.23091633467961198,0.9482486067485201,0.1416735286330597
2023-03,MHB,mhb,equal,2012,2012.0,0.12751613448090263,0.06770042985399181,13.503711167693805,0.41354542687213425,0.8484095427435389,0.08181952241131443
2023-03,MHB,mhb,volume,2012,1074841.0,0.12751613448090263,0.06770042985399181,9.912139411821627,0.2932352284238087,0.9584626935518836,0.17961924712180394
2023-03,MHB,mhb,contract_balanced,2012,52.0,0.12751613448090263,0.06770042985399181,3.130054395425249,0.23099009298954004,0.9482486067485201,0.14159504975629936
2023-04,DR normal,dr_normal,equal,896,896.0,0.12505408695201894,0.06881759975730793,8.141781689280993,0.22323145812261241,0.8270089285714283,0.07548092524071527
2023-04,DR normal,dr_normal,volume,896,637411.0,0.12505408695201894,0.06881759975730793,3.3026613303486974,0.12378777239826247,0.9170911703751583,0.07245795950374925
2023-04,DR normal,dr_normal,contract_balanced,896,43.0,0.12505408695201894,0.06881759975730793,25.084975885584054,0.2875096647052518,0.7330507755387352,0.0475167736132683
2023-04,DR-AS normal,dras_normal,equal,896,896.0,0.12505408695201894,0.06881759975730793,6.269555221172161,0.21595085406259268,0.870535714285714,0.1064960951264971
2023-04,DR-AS normal,dras_normal,volume,896,637411.0,0.12505408695201894,0.06881759975730793,3.0523229912644343,0.1784743738400895,0.9915360732714057,0.1647480805545368
2023-04,DR-AS normal,dras_normal,contract_balanced,896,43.0,0.12505408695201894,0.06881759975730793,3.495299956164966,0.20875637660316393,0.887299045852673,0.14013611079365482
2023-04,"Beta, no hurdle",beta_no_hurdle,equal,896,896.0,0.12505408695201894,0.06881759975730793,6.240805345661801,0.2118218787676102,0.864955357142857,0.09727861515005345
2023-04,"Beta, no hurdle",beta_no_hurdle,volume,896,637411.0,0.12505408695201894,0.06881759975730793,2.904588191608348,0.15273659215308152,0.9899640891042043,0.1378764900213052
2023-04,"Beta, no hurdle",beta_no_hurdle,contract_balanced,896,43.0,0.12505408695201894,0.06881759975730793,3.4810075490422654,0.19740967984550134,0.885361137492116,0.11611454438976251
2023-04,"Hurdle beta, post-hoc coherence",hurdle_posthoc,equal,896,896.0,0.12505408695201894,0.06881759975730793,3.2437539024801803,0.20573090169986175,0.8895089285714283,0.11291580974531407
2023-04,"Hurdle beta, post-hoc coherence",hurdle_posthoc,volume,896,637411.0,0.12505408695201894,0.06881759975730793,2.5572403067199274,0.16205392821080733,0.992158905321684,0.1501276681044058
2023-04,"Hurdle beta, post-hoc coherence",hurdle_posthoc,contract_balanced,896,43.0,0.12505408695201894,0.06881759975730793,3.168679959827474,0.1962549823413403,0.8880177007095101,0.12843417174788102
2023-04,MHB,mhb,equal,896,896.0,0.12505408695201894,0.06881759975730793,3.245359938612929,0.20598844858055881,0.8906249999999997,0.11321579166145967
2023-04,MHB,mhb,volume,896,637411.0,0.12505408695201894,0.06881759975730793,2.5576628977158236,0.16217626399429552,0.992158905321684,0.150262474190231
2023-04,MHB,mhb,contract_balanced,896,43.0,0.12505408695201894,0.06881759975730793,3.1637891442670316,0.19621474969229236,0.8918936697017582,0.12842200296788578
2023-05,DR normal,dr_normal,equal,946,946.0,0.11768183411008176,0.06443798477547864,7.902550425979694,0.24034103838276746,0.864693446088795,0.06340382888799315
2023-05,DR normal,dr_normal,volume,946,682701.0,0.11768183411008176,0.06443798477547864,3.4946601670430253,0.20130691220003136,0.8419395899522633,0.08553987336889335
2023-05,DR normal,dr_normal,contract_balanced,946,42.0,0.11768183411008176,0.06443798477547864,3.829231555387187,0.18763843721916368,0.8326445370613522,0.057128799648542596
2023-05,DR-AS normal,dras_normal,equal,946,946.0,0.11768183411008176,0.06443798477547864,6.542474705618758,0.22679144563319947,0.9101479915433404,0.09648762256626915
2023-05,DR-AS normal,dras_normal,volume,946,682701.0,0.11768183411008176,0.06443798477547864,3.1111757196980516,0.1783497464707225,0.9825267576874795,0.16381583108415132
2023-05,DR-AS normal,dras_normal,contract_balanced,946,42.0,0.11768183411008176,0.06443798477547864,2.971869752159445,0.1832546950402806,0.955298113233857,0.16100074001743758
2023-05,"Beta, no hurdle",beta_no_hurdle,equal,946,946.0,0.11768183411008176,0.06443798477547864,7.784512292339046,0.22627168503907674,0.9080338266384778,0.08745780574499372
2023-05,"Beta, no hurdle",beta_no_hurdle,volume,946,682701.0,0.11768183411008176,0.06443798477547864,7.817336734096262,0.16987579935811875,0.9798037501043649,0.15008065512786145
2023-05,"Beta, no hurdle",beta_no_hurdle,contract_balanced,946,42.0,0.11768183411008176,0.06443798477547864,3.6028710536965907,0.17364971744698732,0.9516584724817003,0.13454573131039177
2023-05,"Hurdle beta, post-hoc coherence",hurdle_posthoc,equal,946,946.0,0.11768183411008176,0.06443798477547864,4.642922574598757,0.22403368269784227,0.9101479915433404,0.10034258527696518
2023-05,"Hurdle beta, post-hoc coherence",hurdle_posthoc,volume,946,682701.0,0.11768183411008176,0.06443798477547864,7.456105013715622,0.177564584051184,0.9805874020984295,0.16200855472396342
2023-05,"Hurdle beta, post-hoc coherence",hurdle_posthoc,contract_balanced,946,42.0,0.11768183411008176,0.06443798477547864,3.4359418159791435,0.17626744446086912,0.948318657903094,0.1486322468011712
2023-05,MHB,mhb,equal,946,946.0,0.11768183411008176,0.06443798477547864,4.6432460441212084,0.22326782588470903,0.9112050739957716,0.10067895937132057
2023-05,MHB,mhb,volume,946,682701.0,0.11768183411008176,0.06443798477547864,7.4494402589665185,0.1776740363974808,0.9806166975000769,0.16208076481626882
2023-05,MHB,mhb,contract_balanced,946,42.0,0.11768183411008176,0.06443798477547864,3.4309079826994573,0.17633068948810632,0.9484587551305699,0.14864023157791995
2023-06,DR normal,dr_normal,equal,865,865.0,0.11163240086396399,0.06177012410139569,10.463663889091997,0.22425185190978236,0.8670520231213873,0.07323509389239871
2023-06,DR normal,dr_normal,volume,865,472217.0,0.11163240086396399,0.06177012410139569,11.027590136660189,0.2122375979030412,0.8896079556644508,0.06905621296871546
2023-06,DR normal,dr_normal,contract_balanced,865,40.0,0.11163240086396399,0.06177012410139569,19.128434977241078,0.24364541803648493,0.8375982907822108,0.05190756202380417
2023-06,DR-AS normal,dras_normal,equal,865,865.0,0.11163240086396399,0.06177012410139569,7.22054058513284,0.2246450874064547,0.915606936416185,0.10890696756342111
2023-06,DR-AS normal,dras_normal,volume,865,472217.0,0.11163240086396399,0.06177012410139569,6.453560469744481,0.25092336408362514,0.9874273903734936,0.1646183168976929
2023-06,DR-AS normal,dras_normal,contract_balanced,865,40.0,0.11163240086396399,0.06177012410139569,5.772741527289195,0.27177789374245787,0.9689209163176937,0.1675450315649991
2023-06,"Beta, no hurdle",beta_no_hurdle,equal,865,865.0,0.11163240086396399,0.06177012410139569,6.4105029202195345,0.21714311110645998,0.9098265895953757,0.09719598968307801
2023-06,"Beta, no hurdle",beta_no_hurdle,volume,865,472217.0,0.11163240086396399,0.06177012410139569,6.426269106343533,0.23019824923036028,0.97748916282133,0.1369764005389456
2023-06,"Beta, no hurdle",beta_no_hurdle,contract_balanced,865,40.0,0.11163240086396399,0.06177012410139569,6.813567137369371,0.2513852915354508,0.96176093338376,0.1348393254053965
2023-06,"Hurdle beta, post-hoc coherence",hurdle_posthoc,equal,865,865.0,0.11163240086396399,0.06177012410139569,4.471623294350383,0.2189379972712221,0.9341040462427745,0.11412974527224982
2023-06,"Hurdle beta, post-hoc coherence",hurdle_posthoc,volume,865,472217.0,0.11163240086396399,0.06177012410139569,5.932106133208606,0.23993420163024295,0.9873342128724718,0.15008758070121786
2023-06,"Hurdle beta, post-hoc coherence",hurdle_posthoc,contract_balanced,865,40.0,0.11163240086396399,0.06177012410139569,5.5828739062868635,0.25911954917571217,0.9689657446447613,0.14893565237307024
2023-06,MHB,mhb,equal,865,865.0,0.11163240086396399,0.06177012410139569,4.472834306776514,0.21920074303661882,0.9341040462427745,0.11422019960538098
2023-06,MHB,mhb,volume,865,472217.0,0.11163240086396399,0.06177012410139569,5.930646143839648,0.239981368569292,0.9873342128724718,0.1501166695067016
2023-06,MHB,mhb,contract_balanced,865,40.0,0.11163240086396399,0.06177012410139569,5.585934507715791,0.2590407058512896,0.9689657446447613,0.1488729396090975
2023-07,DR normal,dr_normal,equal,1950,1950.0,0.15598219411437741,0.08703786179585511,14.333540804752408,0.34164409128935797,0.8661538461538458,0.06448116930775052
2023-07,DR normal,dr_normal,volume,1950,356056.0,0.15598219411437741,0.08703786179585511,6.1630710436118905,0.270902229994176,0.8853972408834565,0.07272017040377295
2023-07,DR normal,dr_normal,contract_balanced,1950,87.0,0.15598219411437741,0.08703786179585511,19.197371183877795,0.41835751048933556,0.8319739783812067,0.05291050650386253
2023-07,DR-AS normal,dras_normal,equal,1950,1950.0,0.15598219411437741,0.08703786179585511,13.244088060806172,0.33472963747970846,0.8841025641025638,0.07829657393827122
2023-07,DR-AS normal,dras_normal,volume,1950,356056.0,0.15598219411437741,0.08703786179585511,3.185083907194313,0.2616438399742408,0.9823932190441953,0.1669812339699463
2023-07,DR-AS normal,dras_normal,contract_balanced,1950,87.0,0.15598219411437741,0.08703786179585511,13.565611421389859,0.3934435148917798,0.9133961647564293,0.10252107286614684
2023-07,"Beta, no hurdle",beta_no_hurdle,equal,1950,1950.0,0.15598219411437741,0.08703786179585511,11.690373103626563,0.33438986580334995,0.8825641025641022,0.07409005101296208
2023-07,"Beta, no hurdle",beta_no_hurdle,volume,1950,356056.0,0.15598219411437741,0.08703786179585511,3.123950891969578,0.24720933884965035,0.9815731233289144,0.13763653352960292
2023-07,"Beta, no hurdle",beta_no_hurdle,contract_balanced,1950,87.0,0.15598219411437741,0.08703786179585511,13.165677219348495,0.39048957634679726,0.9113413561832208,0.08804156428052543
2023-07,"Hurdle beta, post-hoc coherence",hurdle_posthoc,equal,1950,1950.0,0.15598219411437741,0.08703786179585511,6.6148867828203715,0.3420454035453115,0.8815384615384613,0.08674101107552412
2023-07,"Hurdle beta, post-hoc coherence",hurdle_posthoc,volume,1950,356056.0,0.15598219411437741,0.08703786179585511,2.665158479805805,0.2554895147305386,0.9825954344260452,0.1520934194842184
2023-07,"Hurdle beta, post-hoc coherence",hurdle_posthoc,contract_balanced,1950,87.0,0.15598219411437741,0.08703786179585511,8.588886453774789,0.39784804395866713,0.8961804339586378,0.09956265503446912
2023-07,MHB,mhb,equal,1950,1950.0,0.15598219411437741,0.08703786179585511,6.655577386161534,0.34178266444918726,0.8846153846153844,0.08710266048089796
2023-07,MHB,mhb,volume,1950,356056.0,0.15598219411437741,0.08703786179585511,2.6639288228604423,0.2554290667315643,0.9825954344260452,0.15214564296091082
2023-07,MHB,mhb,contract_balanced,1950,87.0,0.15598219411437741,0.08703786179585511,8.614474840045734,0.3973614214420573,0.898764960408863,0.09968565418787526
2023-08,DR normal,dr_normal,equal,1763,1763.0,0.15628976612689305,0.08711933654330617,3.8802978439774365,0.09526247717155084,0.9211571185479296,0.03678884468038071
2023-08,DR normal,dr_normal,volume,1763,200141.0,0.15628976612689305,0.08711933654330617,7.898742979163682,0.12025881868966556,0.9008598937748886,0.06615616098640917
2023-08,DR normal,dr_normal,contract_balanced,1763,72.0,0.15628976612689305,0.08711933654330617,18.69993647719594,0.23700997345490848,0.8803902038259304,0.043313142423051114
2023-08,DR-AS normal,dras_normal,equal,1763,1763.0,0.15628976612689305,0.08711933654330617,2.746753663705011,0.10095547884380872,0.935904707884288,0.053667570659972595
2023-08,DR-AS normal,dras_normal,volume,1763,200141.0,0.15628976612689305,0.08711933654330617,3.189919100900445,0.20534564976607722,0.9954931773099964,0.20216122881674245
2023-08,DR-AS normal,dras_normal,contract_balanced,1763,72.0,0.15628976612689305,0.08711933654330617,4.808553258866736,0.2551917865935802,0.9664417671347934,0.12390237583189699
2023-08,"Beta, no hurdle",beta_no_hurdle,equal,1763,1763.0,0.15628976612689305,0.08711933654330617,2.253032257126578,0.09761241895002315,0.9353374929098127,0.04854752167957438
2023-08,"Beta, no hurdle",beta_no_hurdle,volume,1763,200141.0,0.15628976612689305,0.08711933654330617,3.009258980273472,0.16898880064462876,0.9944888853358382,0.16396454378024272
2023-08,"Beta, no hurdle",beta_no_hurdle,contract_balanced,1763,72.0,0.15628976612689305,0.08711933654330617,4.85283671112054,0.2352610921108831,0.9649270966457172,0.1025194593927572
2023-08,"Hurdle beta, post-hoc coherence",hurdle_posthoc,equal,1763,1763.0,0.15628976612689305,0.08711933654330617,1.8893688306508933,0.09824674669365357,0.9472490073737946,0.05686597524976912
2023-08,"Hurdle beta, post-hoc coherence",hurdle_posthoc,volume,1763,200141.0,0.15628976612689305,0.08711933654330617,2.701833782638971,0.1838938029757318,0.9954432125351627,0.18036208150721514
2023-08,"Hurdle beta, post-hoc coherence",hurdle_posthoc,contract_balanced,1763,72.0,0.15628976612689305,0.08711933654330617,3.360585272226122,0.24083143236667265,0.9670947361679683,0.11240018741066285
2023-08,MHB,mhb,equal,1763,1763.0,0.15628976612689305,0.08711933654330617,1.8833671663504568,0.0982727210287585,0.9478162223482699,0.05697324878659285
2023-08,MHB,mhb,volume,1763,200141.0,0.15628976612689305,0.08711933654330617,2.705135178025175,0.18398723121507005,0.9954931773099964,0.18045446582428282
2023-08,MHB,mhb,contract_balanced,1763,72.0,0.15628976612689305,0.08711933654330617,3.3385434269790575,0.24121558444981617,0.9672394120938942,0.11282631886252775
2023-09,DR normal,dr_normal,equal,1714,1714.0,0.15274533225000494,0.08502039123156753,16.700187891305575,0.2883374471685174,0.8943990665110849,0.046611563250131216
2023-09,DR normal,dr_normal,volume,1714,374691.0,0.15274533225000494,0.08502039123156753,4.041262681773906,0.30524239430370076,0.9384212591175127,0.10357741651808999
2023-09,DR normal,dr_normal,contract_balanced,1714,62.0,0.15274533225000494,0.08502039123156753,17.380581803388907,0.30385283797576246,0.9066394119910353,0.04486961919022663
2023-09,DR-AS normal,dras_normal,equal,1714,1714.0,0.15274533225000494,0.08502039123156753,16.72818685022748,0.2917355195712464,0.9019836639439904,0.05921747726806731
2023-09,DR-AS normal,dras_normal,volume,1714,374691.0,0.15274533225000494,0.08502039123156753,4.1931525761046595,0.3156846376460135,0.9730818194192014,0.1909576841074867
2023-09,DR-AS normal,dras_normal,contract_balanced,1714,62.0,0.15274533225000494,0.08502039123156753,17.590968006542305,0.322838258646571,0.9287073187059338,0.0755393351438805
2023-09,"Beta, no hurdle",beta_no_hurdle,equal,1714,1714.0,0.15274533225000494,0.08502039123156753,16.769196698119487,0.28949513015270745,0.9002333722287045,0.055280326064886365
2023-09,"Beta, no hurdle",beta_no_hurdle,volume,1714,374691.0,0.15274533225000494,0.08502039123156753,4.140066130206307,0.31568935190443714,0.970092689709654,0.17218327259516908
2023-09,"Beta, no hurdle",beta_no_hurdle,contract_balanced,1714,62.0,0.15274533225000494,0.08502039123156753,17.56844145861012,0.3163522554074713,0.9279189605453149,0.06802446204079994
2023-09,"Hurdle beta, post-hoc coherence",hurdle_posthoc,equal,1714,1714.0,0.15274533225000494,0.08502039123156753,13.072225507890124,0.2889273866527674,0.9305717619603264,0.06283139112169529
2023-09,"Hurdle beta, post-hoc coherence",hurdle_posthoc,volume,1714,374691.0,0.15274533225000494,0.08502039123156753,3.9183374139293026,0.3110025058653578,0.9730898260166377,0.17841429255126595
2023-09,"Hurdle beta, post-hoc coherence",hurdle_posthoc,contract_balanced,1714,62.0,0.15274533225000494,0.08502039123156753,12.749969412907333,0.3147055771008477,0.9455844448018783,0.07181316402161456
2023-09,MHB,mhb,equal,1714,1714.0,0.15274533225000494,0.08502039123156753,13.134095185248041,0.28915084338372643,0.9317386231038504,0.06309991730231831
2023-09,MHB,mhb,volume,1714,374691.0,0.15274533225000494,0.08502039123156753,3.929515612136507,0.31196190533629864,0.9730898260166377,0.17979221241289772
2023-09,MHB,mhb,contract_balanced,1714,62.0,0.15274533225000494,0.08502039123156753,12.835360205301987,0.3156613331314648,0.9469869693460579,0.07280456400137338
2023-10,DR normal,dr_normal,equal,1167,1167.0,0.14899429924415664,0.08343084756712166,8.22801695634694,0.1666561191721016,0.8491859468723223,0.03565781918320904
2023-10,DR normal,dr_normal,volume,1167,553159.0,0.14899429924415664,0.08343084756712166,2.347395119542992,0.07167554709456744,0.9273373478511603,0.036803861153188205
2023-10,DR normal,dr_normal,contract_balanced,1167,46.0,0.14899429924415664,0.08343084756712166,34.178308300995354,0.561836789442863,0.822508182120876,0.030210376409822173
2023-10,DR-AS normal,dras_normal,equal,1167,1167.0,0.14899429924415664,0.08343084756712166,6.457434060666037,0.16685836794166792,0.8723221936589547,0.05597274068497638
2023-10,DR-AS normal,dras_normal,volume,1167,553159.0,0.14899429924415664,0.08343084756712166,2.671820131212743,0.11141244945307989,0.9972828788829251,0.10809282332964275
2023-10,DR-AS normal,dras_normal,contract_balanced,1167,46.0,0.14899429924415664,0.08343084756712166,18.958651354894013,0.5570991679184852,0.856130858513995,0.07999972256730212
2023-10,"Beta, no hurdle",beta_no_hurdle,equal,1167,1167.0,0.14899429924415664,0.08343084756712166,6.9928771908885015,0.16259304065040392,0.8688946015424166,0.05032727944271604
2023-10,"Beta, no hurdle",beta_no_hurdle,volume,1167,553159.0,0.14899429924415664,0.08343084756712166,2.55332292842781,0.0986217360594895,0.9955564313334864,0.09401480409621797
2023-10,"Beta, no hurdle",beta_no_hurdle,contract_balanced,1167,46.0,0.14899429924415664,0.08343084756712166,18.92307243078321,0.5461371054370558,0.8538063704710502,0.06757769697032094
2023-10,"Hurdle beta, post-hoc coherence",hurdle_posthoc,equal,1167,1167.0,0.14899429924415664,0.08343084756712166,3.7389982171639926,0.15941302851851077,0.9143101970865469,0.05818337349091532
2023-10,"Hurdle beta, post-hoc coherence",hurdle_posthoc,volume,1167,553159.0,0.14899429924415664,0.08343084756712166,2.2452448209593525,0.10585210919021523,0.9972901100768494,0.10201051083588406
2023-10,"Hurdle beta, post-hoc coherence",hurdle_posthoc,contract_balanced,1167,46.0,0.14899429924415664,0.08343084756712166,3.661965336114319,0.5494941917733679,0.8872908155781161,0.0745684527895373
2023-10,MHB,mhb,equal,1167,1167.0,0.14899429924415664,0.08343084756712166,3.737300593591187,0.15952893742844176,0.9134532990574125,0.05818168231980952
2023-10,MHB,mhb,volume,1167,553159.0,0.14899429924415664,0.08343084756712166,2.2409912179173896,0.10612496938544792,0.9972901100768494,0.10228603682533621
2023-10,MHB,mhb,contract_balanced,1167,46.0,0.14899429924415664,0.08343084756712166,3.6232536438716823,0.5497116548602523,0.8858415402157973,0.07452864502458312
2023-11,DR normal,dr_normal,equal,1458,1458.0,0.14199711450315539,0.07845926055369253,5.72892615650542,0.12770031742107207,0.8635116598079561,0.02828132796981025
2023-11,DR normal,dr_normal,volume,1458,426023.0,0.14199711450315539,0.07845926055369253,10.626476320189868,0.18191740508795512,0.858455998854522,0.03886997521048742
2023-11,DR normal,dr_normal,contract_balanced,1458,64.0,0.14199711450315539,0.07845926055369253,9.834832773634968,0.18736838452189986,0.8392425018457161,0.027052031627879447
2023-11,DR-AS normal,dras_normal,equal,1458,1458.0,0.14199711450315539,0.07845926055369253,5.241757310062216,0.13477793482891504,0.879286694101509,0.044375819389552186
2023-11,DR-AS normal,dras_normal,volume,1458,426023.0,0.14199711450315539,0.07845926055369253,4.112480490216127,0.25205647495397937,0.984935085664389,0.16315658904651276
2023-11,DR-AS normal,dras_normal,contract_balanced,1458,64.0,0.14199711450315539,0.07845926055369253,4.758426253707579,0.23425678115572995,0.936541297803798,0.11966990898753135
2023-11,"Beta, no hurdle",beta_no_hurdle,equal,1458,1458.0,0.14199711450315539,0.07845926055369253,5.039821949807941,0.13154035138085488,0.8799725651577504,0.04005816477157129
2023-11,"Beta, no hurdle",beta_no_hurdle,volume,1458,426023.0,0.14199711450315539,0.07845926055369253,3.3909909169349284,0.23286073226236265,0.984935085664389,0.14110005207815562
2023-11,"Beta, no hurdle",beta_no_hurdle,contract_balanced,1458,64.0,0.14199711450315539,0.07845926055369253,4.190915222828872,0.2159993139833276,0.9369753255815757,0.09862351470152578
2023-11,"Hurdle beta, post-hoc coherence",hurdle_posthoc,equal,1458,1458.0,0.14199711450315539,0.07845926055369253,3.4564149174462955,0.12766050895190373,0.911522633744856,0.046574474303330414
2023-11,"Hurdle beta, post-hoc coherence",hurdle_posthoc,volume,1458,426023.0,0.14199711450315539,0.07845926055369253,2.794272160829425,0.2317967078482778,0.984935085664389,0.14347201884130295
2023-11,"Hurdle beta, post-hoc coherence",hurdle_posthoc,contract_balanced,1458,64.0,0.14199711450315539,0.07845926055369253,3.186135489073138,0.22049319371587067,0.9335725868272744,0.10630025166707509
2023-11,MHB,mhb,equal,1458,1458.0,0.14199711450315539,0.07845926055369253,3.4656258019929616,0.1277311922897355,0.911522633744856,0.04659411294526421
2023-11,MHB,mhb,volume,1458,426023.0,0.14199711450315539,0.07845926055369253,2.8001470629147223,0.23406626559647292,0.984935085664389,0.14571475163259442
2023-11,MHB,mhb,contract_balanced,1458,64.0,0.14199711450315539,0.07845926055369253,3.196631938380781,0.22089297177447756,0.9335725868272744,0.10665220609689283
2023-12,DR normal,dr_normal,equal,2709,2709.0,0.16383862781589525,0.09433851713709586,4.268089275292957,0.10499441468254098,0.903654485049834,0.03376320656442744
2023-12,DR normal,dr_normal,volume,2709,260517.0,0.16383862781589525,0.09433851713709586,6.0811422164324105,0.12320408301023758,0.7873804780494171,0.028819575339804268
2023-12,DR normal,dr_normal,contract_balanced,2709,66.0,0.16383862781589525,0.09433851713709586,8.724203710623001,0.14881289918706372,0.859060321384379,0.025552952055060554
2023-12,DR-AS normal,dras_normal,equal,2709,2709.0,0.16383862781589525,0.09433851713709586,3.562579344443612,0.10717049960366874,0.9147286821705427,0.044456425001311944
2023-12,DR-AS normal,dras_normal,volume,2709,260517.0,0.16383862781589525,0.09433851713709586,3.181056310937799,0.18314310144314694,0.9738942180356751,0.160706328712236
2023-12,DR-AS normal,dras_normal,contract_balanced,2709,66.0,0.16383862781589525,0.09433851713709586,3.548061889658609,0.23966717530259135,0.9415231665266419,0.16078861423811117
2023-12,"Beta, no hurdle",beta_no_hurdle,equal,2709,2709.0,0.16383862781589525,0.09433851713709586,3.545012881995967,0.10534511521702469,0.9139904023624954,0.04146987217393276
2023-12,"Beta, no hurdle",beta_no_hurdle,volume,2709,260517.0,0.16383862781589525,0.09433851713709586,3.0489199471645474,0.15879087586792268,0.9709385567928388,0.12905135185127709
2023-12,"Beta, no hurdle",beta_no_hurdle,contract_balanced,2709,66.0,0.16383862781589525,0.09433851713709586,3.390703602404513,0.21207605020869555,0.9344802689491747,0.1267054069258831
2023-12,"Hurdle beta, post-hoc coherence",hurdle_posthoc,equal,2709,2709.0,0.16383862781589525,0.09433851713709586,2.5117206004257664,0.10645140359408292,0.9350313768918421,0.05065507397819011
2023-12,"Hurdle beta, post-hoc coherence",hurdle_posthoc,volume,2709,260517.0,0.16383862781589525,0.09433851713709586,2.5662243591948317,0.16320267530635812,0.9892483024140459,0.1405198656071085
2023-12,"Hurdle beta, post-hoc coherence",hurdle_posthoc,contract_balanced,2709,66.0,0.16383862781589525,0.09433851713709586,2.6129358743306703,0.2158335697229554,0.9589142451806039,0.13977433941174222
2023-12,MHB,mhb,equal,2709,2709.0,0.16383862781589525,0.09433851713709586,2.5127224152499146,0.1064288726671497,0.9350313768918421,0.05059291643014055
2023-12,MHB,mhb,volume,2709,260517.0,0.16383862781589525,0.09433851713709586,2.5648927503426795,0.16314666200879757,0.9892483024140459,0.14042055254624383
2023-12,MHB,mhb,contract_balanced,2709,66.0,0.16383862781589525,0.09433851713709586,2.6115752252580386,0.21564308249323588,0.9589142451806039,0.1396101505068011
2024-01,DR normal,dr_normal,equal,4696,4696.0,0.16172193406486832,0.0926940181632812,4.277097444208815,0.10229710188622337,0.8758517887563884,0.03478958247306957
2024-01,DR normal,dr_normal,volume,4696,540562.0,0.16172193406486832,0.0926940181632812,30.366074365149817,0.2849792632700686,0.8837043669366327,0.040696381618736205
2024-01,DR normal,dr_normal,contract_balanced,4696,70.0,0.16172193406486832,0.0926940181632812,21.551817745392057,0.26242446655748536,0.8101118608319461,0.03858082729969611
2024-01,DR-AS normal,dras_normal,equal,4696,4696.0,0.16172193406486832,0.0926940181632812,3.5487307001441986,0.09871553298393311,0.8856473594548551,0.042713999817512845
2024-01,DR-AS normal,dras_normal,volume,4696,540562.0,0.16172193406486832,0.0926940181632812,3.0860377532096477,0.22452776809068747,0.9516022213918108,0.13108509089737536
2024-01,DR-AS normal,dras_normal,contract_balanced,4696,70.0,0.16172193406486832,0.0926940181632812,3.453670832164305,0.1906726177953156,0.9480335061321004,0.14132137138955814
2024-01,"Beta, no hurdle",beta_no_hurdle,equal,4696,4696.0,0.16172193406486832,0.0926940181632812,3.535074512468772,0.09831305706153633,0.8850085178875637,0.040454400224740755
2024-01,"Beta, no hurdle",beta_no_hurdle,volume,4696,540562.0,0.16172193406486832,0.0926940181632812,3.07985088275336,0.23987260003239058,0.9471198493419811,0.10848989640999504
2024-01,"Beta, no hurdle",beta_no_hurdle,contract_balanced,4696,70.0,0.16172193406486832,0.0926940181632812,3.4369945723203372,0.1840090817690218,0.9419941919604661,0.11495211416418619
2024-01,"Hurdle beta, post-hoc coherence",hurdle_posthoc,equal,4696,4696.0,0.16172193406486832,0.0926940181632812,2.1398214164802365,0.09463305814459876,0.9137563884156727,0.049374815923616026
2024-01,"Hurdle beta, post-hoc coherence",hurdle_posthoc,volume,4696,540562.0,0.16172193406486832,0.0926940181632812,3.005423778627871,0.24103655500575974,0.9516244205105058,0.11874394534225678
2024-01,"Hurdle beta, post-hoc coherence",hurdle_posthoc,contract_balanced,4696,70.0,0.16172193406486832,0.0926940181632812,2.6336087526892964,0.18600084485583585,0.9506201529740641,0.12818909531183395
2024-01,MHB,mhb,equal,4696,4696.0,0.16172193406486832,0.0926940181632812,2.138056811509224,0.09473441809862182,0.9137563884156727,0.04932878584361927
2024-01,MHB,mhb,volume,4696,540562.0,0.16172193406486832,0.0926940181632812,3.008024922764135,0.24118450569599614,0.9516244205105058,0.1187443774577428
2024-01,MHB,mhb,contract_balanced,4696,70.0,0.16172193406486832,0.0926940181632812,2.631487494054677,0.18616047353465215,0.9506201529740641,0.12818866737413895
2024-02,DR normal,dr_normal,equal,2452,2452.0,0.15980043137683186,0.09238170996973283,10.454852274094142,0.19591318152909337,0.8462479608482871,0.030028262305349822
2024-02,DR normal,dr_normal,volume,2452,447132.0,0.15980043137683186,0.09238170996973283,3.118116746973489,0.0641604901609207,0.915465679038852,0.039294368032161464
2024-02,DR normal,dr_normal,contract_balanced,2452,69.0,0.15980043137683186,0.09238170996973283,39.147841745018404,0.7290996561048301,0.7410128532985307,0.03335476835440811
2024-02,DR-AS normal,dras_normal,equal,2452,2452.0,0.15980043137683186,0.09238170996973283,10.170457315160824,0.19921032796688948,0.8576672104404568,0.040111590885404745
2024-02,DR-AS normal,dras_normal,volume,2452,447132.0,0.15980043137683186,0.09238170996973283,2.850066711592005,0.14722208927246316,0.9968644606067112,0.14454517644152962
2024-02,DR-AS normal,dras_normal,contract_balanced,2452,69.0,0.15980043137683186,0.09238170996973283,31.789183777482656,0.7445161103321002,0.8015980286722613,0.1174396100869243
2024-02,"Beta, no hurdle",beta_no_hurdle,equal,2452,2452.0,0.15980043137683186,0.09238170996973283,9.907707772235145,0.19770486094119744,0.8560358890701468,0.037290048077865956
2024-02,"Beta, no hurdle",beta_no_hurdle,volume,2452,447132.0,0.15980043137683186,0.09238170996973283,2.6560092683368324,0.12517493587073622,0.9944826136353471,0.11996097735760414
2024-02,"Beta, no hurdle",beta_no_hurdle,contract_balanced,2452,69.0,0.15980043137683186,0.09238170996973283,28.618609392762327,0.7391808328102053,0.790673294159727,0.09666010875737283
2024-02,"Hurdle beta, post-hoc coherence",hurdle_posthoc,equal,2452,2452.0,0.15980043137683186,0.09238170996973283,4.688503409873922,0.1943265967579252,0.8784665579119086,0.044904482950115544
2024-02,"Hurdle beta, post-hoc coherence",hurdle_posthoc,volume,2452,447132.0,0.15980043137683186,0.09238170996973283,2.3463889397531617,0.13526038895642833,0.9947040247622625,0.1315647043503019
2024-02,"Hurdle beta, post-hoc coherence",hurdle_posthoc,contract_balanced,2452,69.0,0.15980043137683186,0.09238170996973283,11.13273833106524,0.7506218768828278,0.7690917721336347,0.10781886874236254
2024-02,MHB,mhb,equal,2452,2452.0,0.15980043137683186,0.09238170996973283,4.694391196340289,0.1945759235268444,0.8792822185970637,0.0448568960747791
2024-02,MHB,mhb,volume,2452,447132.0,0.15980043137683186,0.09238170996973283,2.348138848007051,0.13523864858124385,0.9947040247622625,0.13152965195483524
2024-02,MHB,mhb,contract_balanced,2452,69.0,0.15980043137683186,0.09238170996973283,11.149519678461791,0.7517126320695997,0.7696285407863453,0.10764457365893837
2024-03,DR normal,dr_normal,equal,2533,2533.0,0.15417002456888887,0.08862415969626702,58.012068419304924,0.8621304078124747,0.6944334780892223,0.029654533200700016
2024-03,DR normal,dr_normal,volume,2533,634276.0,0.15417002456888887,0.08862415969626702,5.754525486112763,0.34447215014318044,0.8499722518272803,0.0786422276191346
2024-03,DR normal,dr_normal,contract_balanced,2533,68.0,0.15417002456888887,0.08862415969626702,69.22383964049176,1.1472293890349232,0.5895513371388144,0.026632138264635025
2024-03,DR-AS normal,dras_normal,equal,2533,2533.0,0.15417002456888887,0.08862415969626702,56.357746613652125,0.8497810464243574,0.7189103829451244,0.041701225455446356
2024-03,DR-AS normal,dras_normal,volume,2533,634276.0,0.15417002456888887,0.08862415969626702,3.8855673672033864,0.31937167549784024,0.9549312917405042,0.19509800404937694
2024-03,DR-AS normal,dras_normal,contract_balanced,2533,68.0,0.15417002456888887,0.08862415969626702,62.775436259874006,1.086594672211341,0.8040916913357292,0.1167512239069281
2024-03,"Beta, no hurdle",beta_no_hurdle,equal,2533,2533.0,0.15417002456888887,0.08862415969626702,53.628886727737665,0.8482440324554039,0.7165416502171339,0.03819770955833643
2024-03,"Beta, no hurdle",beta_no_hurdle,volume,2533,634276.0,0.15417002456888887,0.08862415969626702,4.266953647900034,0.2942835883291926,0.9537062729789556,0.16252271116581565
2024-03,"Beta, no hurdle",beta_no_hurdle,contract_balanced,2533,68.0,0.15417002456888887,0.08862415969626702,56.7336994824155,1.0745069977426538,0.7992875390806766,0.0978419530129864
2024-03,"Hurdle beta, post-hoc coherence",hurdle_posthoc,equal,2533,2533.0,0.15417002456888887,0.08862415969626702,27.732286813383237,0.8323925266743295,0.7433872878010265,0.04453599349866815
2024-03,"Hurdle beta, post-hoc coherence",hurdle_posthoc,volume,2533,634276.0,0.15417002456888887,0.08862415969626702,4.010289600917319,0.2893942688516152,0.9542092086095012,0.17523958885576846
2024-03,"Hurdle beta, post-hoc coherence",hurdle_posthoc,contract_balanced,2533,68.0,0.15417002456888887,0.08862415969626702,25.739266052540746,1.0811080620519748,0.7942942324517321,0.10680134300840347
2024-03,MHB,mhb,equal,2533,2533.0,0.15417002456888887,0.08862415969626702,27.79289716900987,0.8323303981686847,0.7437820765890248,0.04457422098128807
2024-03,MHB,mhb,volume,2533,634276.0,0.15417002456888887,0.08862415969626702,4.010358564254854,0.28930050023760273,0.9542170916131147,0.17528732476069958
2024-03,MHB,mhb,contract_balanced,2533,68.0,0.15417002456888887,0.08862415969626702,25.73767173901974,1.0815539998901424,0.8090001148046734,0.10694143149497276
2024-04,DR normal,dr_normal,equal,2514,2514.0,0.15530498751475755,0.0884878616544425,8.787926680244784,0.14509608594477946,0.8007159904534606,0.029356158172977497
2024-04,DR normal,dr_normal,volume,2514,606417.0,0.15530498751475755,0.0884878616544425,4.590690147384556,0.16598050264201109,0.7594460577457426,0.05183909084557434
2024-04,DR normal,dr_normal,contract_balanced,2514,67.0,0.15530498751475755,0.0884878616544425,8.614426933787161,0.09683819835397964,0.8138514881351844,0.03557992440660529
2024-04,DR-AS normal,dras_normal,equal,2514,2514.0,0.15530498751475755,0.0884878616544425,7.9283061518216424,0.14573749170686084,0.8142402545743834,0.03869111919471119
2024-04,DR-AS normal,dras_normal,volume,2514,606417.0,0.15530498751475755,0.0884878616544425,3.239386174919943,0.21588037528078624,0.9979749908066561,0.21494561959388025
2024-04,DR-AS normal,dras_normal,contract_balanced,2514,67.0,0.15530498751475755,0.0884878616544425,5.6885147665158335,0.12962936891806004,0.9014121298928824,0.10434509552265138
2024-04,"Beta, no hurdle",beta_no_hurdle,equal,2514,2514.0,0.15530498751475755,0.0884878616544425,8.851823961443065,0.1440162706716325,0.8142402545743834,0.03620585642529059
2024-04,"Beta, no hurdle",beta_no_hurdle,volume,2514,606417.0,0.15530498751475755,0.0884878616544425,3.0807634206543577,0.18167568740748316,0.9967299729394131,0.18012816860166747
2024-04,"Beta, no hurdle",beta_no_hurdle,contract_balanced,2514,67.0,0.15530498751475755,0.0884878616544425,5.651461897569148,0.11446808382813704,0.8933576349484453,0.08877904369347664
2024-04,"Hurdle beta, post-hoc coherence",hurdle_posthoc,equal,2514,2514.0,0.15530498751475755,0.0884878616544425,3.5882308742624227,0.13716266623561876,0.8675417661097853,0.042926815406268665
2024-04,"Hurdle beta, post-hoc coherence",hurdle_posthoc,volume,2514,606417.0,0.15530498751475755,0.0884878616544425,3.081525322996842,0.19417974270577093,0.9980838268056469,0.19317305198744045
2024-04,"Hurdle beta, post-hoc coherence",hurdle_posthoc,contract_balanced,2514,67.0,0.15530498751475755,0.0884878616544425,2.61219430604592,0.12328801208918966,0.9255074644249028,0.09824351959678503
2024-04,MHB,mhb,equal,2514,2514.0,0.15530498751475755,0.0884878616544425,3.6084278353968364,0.13722748118790323,0.86793953858393,0.04288384058493649
2024-04,MHB,mhb,volume,2514,606417.0,0.15530498751475755,0.0884878616544425,3.07819633602241,0.1939264858054932,0.9980838268056469,0.19291506004865622
2024-04,MHB,mhb,contract_balanced,2514,67.0,0.15530498751475755,0.0884878616544425,2.611635613543867,0.12322011815869313,0.933467663429878,0.09821844808725963
2024-05,DR normal,dr_normal,equal,2000,2000.0,0.14618628607639855,0.08421484341785185,5.837832454471025,0.10471893622150158,0.7955000000000003,0.028535489695472767
2024-05,DR normal,dr_normal,volume,2000,670759.0,0.14618628607639855,0.08421484341785185,2.0410449752482798,0.06923755780801827,0.9627630788405374,0.04347125650965289
2024-05,DR normal,dr_normal,contract_balanced,2000,55.0,0.14618628607639855,0.08421484341785185,5.380100296333222,0.09373870191978824,0.7449943680885883,0.03331207695968315
2024-05,DR-AS normal,dras_normal,equal,2000,2000.0,0.14618628607639855,0.08421484341785185,5.80552076673582,0.10596903202931814,0.8015000000000003,0.034973423667335024
2024-05,DR-AS normal,dras_normal,volume,2000,670759.0,0.14618628607639855,0.08421484341785185,2.823180076764581,0.1388662124734814,0.9904839144908976,0.1282316296082347
2024-05,DR-AS normal,dras_normal,contract_balanced,2000,55.0,0.14618628607639855,0.08421484341785185,5.3096096698325095,0.11477669799715885,0.7949043253179142,0.07290562879921868
2024-05,"Beta, no hurdle",beta_no_hurdle,equal,2000,2000.0,0.14618628607639855,0.08421484341785185,8.881759904349522,0.1055168415745806,0.7990000000000003,0.03313520537176069
2024-05,"Beta, no hurdle",beta_no_hurdle,volume,2000,670759.0,0.14618628607639855,0.08421484341785185,2.670102311889094,0.12260957038942771,0.9904839144908976,0.10876282419865677
2024-05,"Beta, no hurdle",beta_no_hurdle,contract_balanced,2000,55.0,0.14618628607639855,0.08421484341785185,11.016819315794436,0.10912669164653627,0.7877467974821062,0.06437737098582612
2024-05,"Hurdle beta, post-hoc coherence",hurdle_posthoc,equal,2000,2000.0,0.14618628607639855,0.08421484341785185,3.206248090660944,0.10108828989575291,0.8505000000000003,0.03969565679425187
2024-05,"Hurdle beta, post-hoc coherence",hurdle_posthoc,volume,2000,670759.0,0.14618628607639855,0.08421484341785185,1.996498910681037,0.1324620477574227,0.9904839144908976,0.1200145640820515
2024-05,"Hurdle beta, post-hoc coherence",hurdle_posthoc,contract_balanced,2000,55.0,0.14618628607639855,0.08421484341785185,3.2908023935289976,0.10774704667631868,0.8430114469925665,0.0703505562923894
2024-05,MHB,mhb,equal,2000,2000.0,0.14618628607639855,0.08421484341785185,3.2083887476915516,0.10099235653704228,0.8505000000000003,0.03963814593962479
2024-05,MHB,mhb,volume,2000,670759.0,0.14618628607639855,0.08421484341785185,1.9953082803567113,0.13254434744554422,0.9904839144908976,0.12006312113380907
2024-05,MHB,mhb,contract_balanced,2000,55.0,0.14618628607639855,0.08421484341785185,3.2843557776612977,0.10782485246782131,0.8430114469925665,0.07054340898664424
2024-06,DR normal,dr_normal,equal,1232,1232.0,0.14150508670817938,0.07938855275166525,3.7706153591237452,0.06913033893753942,0.8685064935064937,0.026701946952560993
2024-06,DR normal,dr_normal,volume,1232,584928.0,0.14150508670817938,0.07938855275166525,2.2899842614074615,0.08335314660093311,0.9588667323157722,0.03150970988039645
2024-06,DR normal,dr_normal,contract_balanced,1232,46.0,0.14150508670817938,0.07938855275166525,3.322750532980942,0.07402763996232437,0.7710962513974762,0.021551212593932452
2024-06,DR-AS normal,dras_normal,equal,1232,1232.0,0.14150508670817938,0.07938855275166525,3.8007033357949633,0.07325520499601332,0.8741883116883118,0.033844313888280575
2024-06,DR-AS normal,dras_normal,volume,1232,584928.0,0.14150508670817938,0.07938855275166525,3.0144597184764055,0.15911818924811783,0.9905971333223919,0.144330851940156
2024-06,DR-AS normal,dras_normal,contract_balanced,1232,46.0,0.14150508670817938,0.07938855275166525,3.542643140855371,0.0995842149344899,0.8328481294101511,0.058101795655306154
2024-06,"Beta, no hurdle",beta_no_hurdle,equal,1232,1232.0,0.14150508670817938,0.07938855275166525,4.600408637070029,0.07221415428706729,0.8774350649350651,0.03236447256927922
2024-06,"Beta, no hurdle",beta_no_hurdle,volume,1232,584928.0,0.14150508670817938,0.07938855275166525,2.854816214560074,0.1353699993745411,0.9905971333223919,0.1186097055678704
2024-06,"Beta, no hurdle",beta_no_hurdle,contract_balanced,1232,46.0,0.14150508670817938,0.07938855275166525,7.95410790668927,0.09307147058149012,0.8388501788904613,0.05085512011652975
2024-06,"Hurdle beta, post-hoc coherence",hurdle_posthoc,equal,1232,1232.0,0.14150508670817938,0.07938855275166525,2.478209571555083,0.06997127492283864,0.9025974025974028,0.03856101319921455
2024-06,"Hurdle beta, post-hoc coherence",hurdle_posthoc,volume,1232,584928.0,0.14150508670817938,0.07938855275166525,2.0917014903824667,0.14489590840172611,0.9905971333223919,0.12944142712601028
2024-06,"Hurdle beta, post-hoc coherence",hurdle_posthoc,contract_balanced,1232,46.0,0.14150508670817938,0.07938855275166525,2.1111497572272375,0.09130110321029042,0.8637869490446228,0.05623644293463189
2024-06,MHB,mhb,equal,1232,1232.0,0.14150508670817938,0.07938855275166525,1.9056155262913272,0.07001299207032079,0.9025974025974028,0.038529074178653304
2024-06,MHB,mhb,volume,1232,584928.0,0.14150508670817938,0.07938855275166525,2.092638554619186,0.14490843796270392,0.9905971333223919,0.12940962100884756
2024-06,MHB,mhb,contract_balanced,1232,46.0,0.14150508670817938,0.07938855275166525,2.10698329964222,0.09126714293801233,0.8637869490446228,0.05623245644849115
2024-07,DR normal,dr_normal,equal,969,969.0,0.13772478866191565,0.0757183621236705,6.73673332475828,0.16396260667398016,0.8049535603715172,0.027758131497491803
2024-07,DR normal,dr_normal,volume,969,539687.0,0.13772478866191565,0.0757183621236705,3.088784427591605,0.12082620261801127,0.9055044868599763,0.040270952537630196
2024-07,DR normal,dr_normal,contract_balanced,969,39.0,0.13772478866191565,0.0757183621236705,5.472509319435649,0.21092970132798805,0.6766965284831506,0.023086970305898832
2024-07,DR-AS normal,dras_normal,equal,969,969.0,0.13772478866191565,0.0757183621236705,6.607466787976728,0.16159824194097644,0.8235294117647061,0.04079661444247237
2024-07,DR-AS normal,dras_normal,volume,969,539687.0,0.13772478866191565,0.0757183621236705,3.034084257390567,0.1710956355320274,0.996931554771562,0.16853552773406377
2024-07,DR-AS normal,dras_normal,contract_balanced,969,39.0,0.13772478866191565,0.0757183621236705,3.0761179311331226,0.1330450294234466,0.8147056224152749,0.08594409876314403
2024-07,"Beta, no hurdle",beta_no_hurdle,equal,969,969.0,0.13772478866191565,0.0757183621236705,6.4248241796945305,0.15900792652500398,0.8235294117647061,0.03723367631491183
2024-07,"Beta, no hurdle",beta_no_hurdle,volume,969,539687.0,0.13772478866191565,0.0757183621236705,2.8183957237574897,0.13665026212350412,0.9943893404880977,0.13201373792959445
2024-07,"Beta, no hurdle",beta_no_hurdle,contract_balanced,969,39.0,0.13772478866191565,0.0757183621236705,3.109428097338136,0.12684185770871093,0.7933369177772216,0.068739559511618
2024-07,"Hurdle beta, post-hoc coherence",hurdle_posthoc,equal,969,969.0,0.13772478866191565,0.0757183621236705,3.778833935963342,0.15015777847141978,0.8586171310629517,0.04253350191766779
2024-07,"Hurdle beta, post-hoc coherence",hurdle_posthoc,volume,969,539687.0,0.13772478866191565,0.0757183621236705,2.4830651904686194,0.1473346101530413,0.9944263990053495,0.14356770120745696
2024-07,"Hurdle beta, post-hoc coherence",hurdle_posthoc,contract_balanced,969,39.0,0.13772478866191565,0.0757183621236705,2.616133170643467,0.11961758716020723,0.8403166380070066,0.0755065776038637
2024-07,MHB,mhb,equal,969,969.0,0.13772478866191565,0.0757183621236705,3.783369888662935,0.15063220429371743,0.8586171310629517,0.04282577910702466
2024-07,MHB,mhb,volume,969,539687.0,0.13772478866191565,0.0757183621236705,2.4798075176867,0.14755174916228916,0.9944263990053495,0.14377014533733232
2024-07,MHB,mhb,contract_balanced,969,39.0,0.13772478866191565,0.0757183621236705,2.6121773273653597,0.11974995304913301,0.8403166380070066,0.07569079358847608
2024-08,DR normal,dr_normal,equal,1454,1454.0,0.13223345452933613,0.07246370785718009,24.37874735747788,0.3653762981390806,0.6657496561210452,0.033288762313612955
2024-08,DR normal,dr_normal,volume,1454,819517.0,0.13223345452933613,0.07246370785718009,25.894543341445885,0.5429564791558262,0.624515415787592,0.04525605444480614
2024-08,DR normal,dr_normal,contract_balanced,1454,38.0,0.13223345452933613,0.07246370785718009,74.31773389151161,0.7798229723327902,0.49542342474111634,0.023174258219766673
2024-08,DR-AS normal,dras_normal,equal,1454,1454.0,0.13223345452933613,0.07246370785718009,21.70017890621051,0.32135784399235656,0.7290233837689133,0.0561594709335454
2024-08,DR-AS normal,dras_normal,volume,1454,819517.0,0.13223345452933613,0.07246370785718009,3.4136003783964655,0.2190601737010329,0.9933619436814611,0.2160962842502333
2024-08,DR-AS normal,dras_normal,contract_balanced,1454,38.0,0.13223345452933613,0.07246370785718009,54.474116109996416,0.5165287954445591,0.7300365888222405,0.1031488639330456
2024-08,"Beta, no hurdle",beta_no_hurdle,equal,1454,1454.0,0.13223345452933613,0.07246370785718009,19.57011789149601,0.32012183337437466,0.7242090784044015,0.04924930080347703
2024-08,"Beta, no hurdle",beta_no_hurdle,volume,1454,819517.0,0.13223345452933613,0.07246370785718009,3.2865630220325004,0.18243879042356578,0.9781346817698717,0.17049382062167387
2024-08,"Beta, no hurdle",beta_no_hurdle,contract_balanced,1454,38.0,0.13223345452933613,0.07246370785718009,43.34866702936788,0.5334609141764224,0.722786107535132,0.08427842372196549
2024-08,"Hurdle beta, post-hoc coherence",hurdle_posthoc,equal,1454,1454.0,0.13223345452933613,0.07246370785718009,11.50529811565815,0.3017782248152429,0.7599724896836313,0.05575091298774671
2024-08,"Hurdle beta, post-hoc coherence",hurdle_posthoc,volume,1454,819517.0,0.13223345452933613,0.07246370785718009,3.3461692181806746,0.1902685077161818,0.9914315383329448,0.18204873959863205
2024-08,"Hurdle beta, post-hoc coherence",hurdle_posthoc,contract_balanced,1454,38.0,0.13223345452933613,0.07246370785718009,23.61694620190027,0.5155312393053146,0.7316317392446446,0.09221050415356807
2024-08,MHB,mhb,equal,1454,1454.0,0.13223345452933613,0.07246370785718009,11.49995974890726,0.3019553310302893,0.7599724896836313,0.05567222433408411
2024-08,MHB,mhb,volume,1454,819517.0,0.13223345452933613,0.07246370785718009,3.343417387885438,0.19020057122684236,0.9914315383329448,0.18196669984930458
2024-08,MHB,mhb,contract_balanced,1454,38.0,0.13223345452933613,0.07246370785718009,23.568864468087376,0.5154454749476645,0.7316317392446446,0.09218934669063043
2024-09,DR normal,dr_normal,equal,1225,1225.0,0.12477849949262884,0.07045909396484833,30.162938121669725,0.7029573051471791,0.7053061224489796,0.05691595551662581
2024-09,DR normal,dr_normal,volume,1225,750682.0,0.12477849949262884,0.07045909396484833,10.151698463699152,0.4039712961068378,0.8830103825587932,0.08854465736655569
2024-09,DR normal,dr_normal,contract_balanced,1225,51.00000000000001,0.12477849949262884,0.07045909396484833,309.2278154031792,7.398249057516815,0.389956445586157,0.029028636205547173
2024-09,DR-AS normal,dras_normal,equal,1225,1225.0,0.12477849949262884,0.07045909396484833,29.36809804995652,0.6816597623102526,0.7338775510204083,0.07536612094843306
2024-09,DR-AS normal,dras_normal,volume,1225,750682.0,0.12477849949262884,0.07045909396484833,8.507595448773012,0.41062808697406183,0.9593076695591475,0.26826527284100504
2024-09,DR-AS normal,dras_normal,contract_balanced,1225,51.00000000000001,0.12477849949262884,0.07045909396484833,308.80885534609774,7.31317139391979,0.42949662761652285,0.06955333344900924
2024-09,"Beta, no hurdle",beta_no_hurdle,equal,1225,1225.0,0.12477849949262884,0.07045909396484833,25.145692702097055,0.6781423554705295,0.7338775510204083,0.06995930340692999
2024-09,"Beta, no hurdle",beta_no_hurdle,volume,1225,750682.0,0.12477849949262884,0.07045909396484833,3.743472556323989,0.38340769744139497,0.9582646180406617,0.21932657112254966
2024-09,"Beta, no hurdle",beta_no_hurdle,contract_balanced,1225,51.00000000000001,0.12477849949262884,0.07045909396484833,292.76126751085695,7.291034677316613,0.43322870990441437,0.06178109137443767
2024-09,"Hurdle beta, post-hoc coherence",hurdle_posthoc,equal,1225,1225.0,0.12477849949262884,0.07045909396484833,20.309417538127185,0.6698831933834145,0.7608163265306124,0.07610672099558372
2024-09,"Hurdle beta, post-hoc coherence",hurdle_posthoc,volume,1225,750682.0,0.12477849949262884,0.07045909396484833,3.410717521635548,0.3941007301693249,0.9582646180406617,0.2306120705456292
2024-09,"Hurdle beta, post-hoc coherence",hurdle_posthoc,contract_balanced,1225,51.00000000000001,0.12477849949262884,0.07045909396484833,273.6248476716005,7.320633377712136,0.43304196854120236,0.06276634153580184
2024-09,MHB,mhb,equal,1225,1225.0,0.12477849949262884,0.07045909396484833,20.321874126328623,0.6668212522346415,0.7608163265306124,0.07642390875695444
2024-09,MHB,mhb,volume,1225,750682.0,0.12477849949262884,0.07045909396484833,3.407610029166985,0.3924692375262395,0.9582646180406617,0.23073831988292032
2024-09,MHB,mhb,contract_balanced,1225,51.00000000000001,0.12477849949262884,0.07045909396484833,273.70381086202514,7.300950437347005,0.43304196854120236,0.06418570432375338
2024-10,DR normal,dr_normal,equal,3469,3469.0,0.13001196154099628,0.07470561179540187,20.209956327447355,0.339809268420285,0.8809455174401848,0.046509210801832485
2024-10,DR normal,dr_normal,volume,3469,131927721.0,0.13001196154099628,0.07470561179540187,1.8690855193936207,0.04217631605089753,0.9984418589327408,0.04165754675046243
2024-10,DR normal,dr_normal,contract_balanced,3469,122.0,0.13001196154099628,0.07470561179540187,63.15059926102559,1.150728796260747,0.5448578270792128,0.038077516784975625
2024-10,DR-AS normal,dras_normal,equal,3469,3469.0,0.13001196154099628,0.07470561179540187,19.967340567506415,0.35812695051618837,0.8884404727587203,0.07129044744874745
2024-10,DR-AS normal,dras_normal,volume,3469,131927721.0,0.13001196154099628,0.07470561179540187,3.1762293467041594,0.19280591405342873,0.9999507078576761,0.1925685658897393
2024-10,DR-AS normal,dras_normal,contract_balanced,3469,122.0,0.13001196154099628,0.07470561179540187,56.298963564623776,1.123955024774816,0.6025040105987303,0.07571961034821367
2024-10,"Beta, no hurdle",beta_no_hurdle,equal,3469,3469.0,0.13001196154099628,0.07470561179540187,17.8885782521693,0.3498396352315847,0.8878639377342177,0.0634606073809321
2024-10,"Beta, no hurdle",beta_no_hurdle,volume,3469,131927721.0,0.13001196154099628,0.07470561179540187,2.930666200664374,0.14839485549627646,0.9999461599128208,0.1481627989931761
2024-10,"Beta, no hurdle",beta_no_hurdle,contract_balanced,3469,122.0,0.13001196154099628,0.07470561179540187,54.4012763640702,1.1150495333939068,0.6001830680461764,0.06533947100074808
2024-10,"Hurdle beta, post-hoc coherence",hurdle_posthoc,equal,3469,3469.0,0.13001196154099628,0.07470561179540187,10.907777851880427,0.34692986085333843,0.9008359757855293,0.07181877749120259
2024-10,"Hurdle beta, post-hoc coherence",hurdle_posthoc,volume,3469,131927721.0,0.13001196154099628,0.07470561179540187,2.1487245258642473,0.1557934768990042,0.9999463494105231,0.15558785422867075
2024-10,"Hurdle beta, post-hoc coherence",hurdle_posthoc,contract_balanced,3469,122.0,0.13001196154099628,0.07470561179540187,40.70016376202705,1.09026397350503,0.652979318241927,0.07307793712536732
2024-10,MHB,mhb,equal,3469,3469.0,0.13001196154099628,0.07470561179540187,10.91096271741857,0.346916299377939,0.9011242432977806,0.07175762642334085
2024-10,MHB,mhb,volume,3469,131927721.0,0.13001196154099628,0.07470561179540187,2.1634380801056583,0.15549320584701254,0.9999463494105231,0.15528811742146054
2024-10,MHB,mhb,contract_balanced,3469,122.0,0.13001196154099628,0.07470561179540187,40.683026126661254,1.090300709605327,0.6536623783512167,0.07317401434207454
2024-11,DR normal,dr_normal,equal,4240,4240.0,0.014369950935871284,0.0031825401640759804,8.037820961391015,0.17694674525253437,0.9431603773584906,0.0464739500184663
2024-11,DR normal,dr_normal,volume,4240,373277137.0,0.014369950935871284,0.0031825401640759804,20.849316522393785,0.33434702801760546,0.7020126255415423,0.02814056165731179
2024-11,DR normal,dr_normal,contract_balanced,4240,82.0,0.014369950935871284,0.0031825401640759804,28.195246079245003,0.49341618423334016,0.7597249603994497,0.07582294803851478
2024-11,DR-AS normal,dras_normal,equal,4240,4240.0,0.014369950935871284,0.0031825401640759804,7.67178408655306,0.1769598962296856,0.9509433962264151,0.054306165525636024
2024-11,DR-AS normal,dras_normal,volume,4240,373277137.0,0.014369950935871284,0.0031825401640759804,2.8429688771299357,0.1345522471225788,0.9717077984339555,0.09451467197119073
2024-11,DR-AS normal,dras_normal,contract_balanced,4240,82.0,0.014369950935871284,0.0031825401640759804,27.4762606313411,0.4766565667245093,0.7987202168118074,0.08929135845199235
2024-11,"Beta, no hurdle",beta_no_hurdle,equal,4240,4240.0,0.014369950935871284,0.0031825401640759804,7.077391664463617,0.17570810165185274,0.9466981132075472,0.049204409487938236
2024-11,"Beta, no hurdle",beta_no_hurdle,volume,4240,373277137.0,0.014369950935871284,0.0031825401640759804,3.028282234387318,0.2125690437563866,0.8906929169894484,0.05809778921639305
2024-11,"Beta, no hurdle",beta_no_hurdle,contract_balanced,4240,82.0,0.014369950935871284,0.0031825401640759804,24.591690559881002,0.4782822718549891,0.775991575193488,0.08115552486782059
2024-11,"Hurdle beta, post-hoc coherence",hurdle_posthoc,equal,4240,4240.0,0.014369950935871284,0.0031825401640759804,5.395673560127004,0.17628553817032433,0.9554245283018867,0.054730819942190964
2024-11,"Hurdle beta, post-hoc coherence",hurdle_posthoc,volume,4240,373277137.0,0.014369950935871284,0.0031825401640759804,2.625385125191704,0.20196023391277435,0.9021013038899298,0.06696839320741642
2024-11,"Hurdle beta, post-hoc coherence",hurdle_posthoc,contract_balanced,4240,82.0,0.014369950935871284,0.0031825401640759804,17.830858280847096,0.4726329778417416,0.83304478950518,0.08696701842038243
2024-11,MHB,mhb,equal,4240,4240.0,0.014369950935871284,0.0031825401640759804,5.401922569676066,0.17628931993545682,0.9551886792452831,0.054730809497119726
2024-11,MHB,mhb,volume,4240,373277137.0,0.014369950935871284,0.0031825401640759804,2.6262509160078435,0.2020210039531705,0.9021013038899298,0.06693091531599375
2024-11,MHB,mhb,contract_balanced,4240,82.0,0.014369950935871284,0.0031825401640759804,17.864441423357412,0.47256830555691104,0.8208496675539605,0.08684117716889533
2024-12,DR normal,dr_normal,equal,5055,5055.0,0.013680760515591486,0.006614526311566794,3.0357505632653505,0.07978063503198611,0.9754698318496537,0.05016666706625908
2024-12,DR normal,dr_normal,volume,5055,18105709.0,0.013680760515591486,0.006614526311566794,1.1495673161847608,0.01982771689595377,0.9940147607586093,0.016256582044372914
2024-12,DR normal,dr_normal,contract_balanced,5055,94.0,0.013680760515591486,0.006614526311566794,8.219370009829994,0.19156864232213194,0.8884243733743582,0.06370956396922214
2024-12,DR-AS normal,dras_normal,equal,5055,5055.0,0.013680760515591486,0.006614526311566794,2.606486359476321,0.0789966003219558,0.9788328387734916,0.05268017819379331
2024-12,DR-AS normal,dras_normal,volume,5055,18105709.0,0.013680760515591486,0.006614526311566794,2.454919414251981,0.07220742498662047,0.9989395609970313,0.07036356607595821
2024-12,DR-AS normal,dras_normal,contract_balanced,5055,94.0,0.013680760515591486,0.006614526311566794,3.19907996564562,0.17940223678140446,0.9064240250512967,0.08531521592642768
2024-12,"Beta, no hurdle",beta_no_hurdle,equal,5055,5055.0,0.013680760515591486,0.006614526311566794,2.5847688001306466,0.07932397146883566,0.9772502472799208,0.05208230636651129
2024-12,"Beta, no hurdle",beta_no_hurdle,volume,5055,18105709.0,0.013680760515591486,0.006614526311566794,2.3185522233728073,0.06895566342371327,0.9968301710802929,0.0667630325718265
2024-12,"Beta, no hurdle",beta_no_hurdle,contract_balanced,5055,94.0,0.013680760515591486,0.006614526311566794,3.261769454893912,0.18263768536605202,0.8860910136643527,0.0802571974764384
2024-12,"Hurdle beta, post-hoc coherence",hurdle_posthoc,equal,5055,5055.0,0.013680760515591486,0.006614526311566794,10.281786215184422,0.102456783713047,0.8609297725024727,0.038506292335965975
2024-12,"Hurdle beta, post-hoc coherence",hurdle_posthoc,volume,5055,18105709.0,0.013680760515591486,0.006614526311566794,1.448120207917562,0.05830969726699161,0.9908740386802858,0.05397995016628437
2024-12,"Hurdle beta, post-hoc coherence",hurdle_posthoc,contract_balanced,5055,94.0,0.013680760515591486,0.006614526311566794,16.831033041489583,0.21942354852294144,0.7673393086569613,0.07450575756001332
2024-12,MHB,mhb,equal,5055,5055.0,0.013680760515591486,0.006614526311566794,1.8580886568879327,0.10296732672271731,0.8607319485657765,0.038781056973005615
2024-12,MHB,mhb,volume,5055,18105709.0,0.013680760515591486,0.006614526311566794,1.4483193185239032,0.05879017276583814,0.9908727683627301,0.05448003158269911
2024-12,MHB,mhb,contract_balanced,5055,94.0,0.013680760515591486,0.006614526311566794,3.336740507676289,0.22065011147684604,0.7667985682754395,0.07456435053184274
2025-01,DR normal,dr_normal,equal,3886,3886.0,0.013283795580673137,0.006314105851195474,5.403943488555191,0.14003843624600756,0.9575398867730311,0.07393008588148876
2025-01,DR normal,dr_normal,volume,3886,5585839.0,0.013283795580673137,0.006314105851195474,1.230918824296578,0.031994106290844204,0.9952234570312535,0.026236042075704583
2025-01,DR normal,dr_normal,contract_balanced,3886,130.0,0.013283795580673137,0.006314105851195474,22.561981780378733,0.2547120122698624,0.8001692837049073,0.05862547759480013
2025-01,DR-AS normal,dras_normal,equal,3886,3886.0,0.013283795580673137,0.006314105851195474,5.2247126689467525,0.140355585053613,0.9603705609881625,0.07686386121924604
2025-01,DR-AS normal,dras_normal,volume,3886,5585839.0,0.013283795580673137,0.006314105851195474,1.8838769477170305,0.045559400570689745,0.9964270362966066,0.0416603073053338
2025-01,DR-AS normal,dras_normal,contract_balanced,3886,130.0,0.013283795580673137,0.006314105851195474,20.759139741699947,0.25644699869792337,0.8228412288910896,0.07428151214223999
2025-01,"Beta, no hurdle",beta_no_hurdle,equal,3886,3886.0,0.013283795580673137,0.006314105851195474,5.020359906160075,0.14011115049216716,0.9598558929490477,0.07636907977620158
2025-01,"Beta, no hurdle",beta_no_hurdle,volume,3886,5585839.0,0.013283795580673137,0.006314105851195474,1.8252920322062054,0.04696636692607645,0.9957911425660495,0.0427849244603633
2025-01,"Beta, no hurdle",beta_no_hurdle,contract_balanced,3886,130.0,0.013283795580673137,0.006314105851195474,19.378883295180774,0.2532502881014836,0.8144475336759434,0.06889843549044222
2025-01,"Hurdle beta, post-hoc coherence",hurdle_posthoc,equal,3886,3886.0,0.013283795580673137,0.006314105851195474,23.173375273291033,0.17407950194579577,0.8468862583633555,0.06607365138960299
2025-01,"Hurdle beta, post-hoc coherence",hurdle_posthoc,volume,3886,5585839.0,0.013283795580673137,0.006314105851195474,0.7961933120565486,0.03179718402773029,0.9871478572869716,0.025275832418972556
2025-01,"Hurdle beta, post-hoc coherence",hurdle_posthoc,contract_balanced,3886,130.0,0.013283795580673137,0.006314105851195474,15.540841561665264,0.30059312083306444,0.7099261109877266,0.063576261886548
2025-01,MHB,mhb,equal,3886,3886.0,0.013283795580673137,0.006314105851195474,3.0856161041241803,0.17452676073254136,0.8471435923829129,0.06649936223240371
2025-01,MHB,mhb,volume,3886,5585839.0,0.013283795580673137,0.006314105851195474,0.7205003471739708,0.031521167087406335,0.9871571665420361,0.02504402421953511
2025-01,MHB,mhb,contract_balanced,3886,130.0,0.013283795580673137,0.006314105851195474,3.888412490276028,0.30262664792048366,0.7055094117813577,0.06345459868140099
2025-02,DR normal,dr_normal,equal,6109,6109.0,0.013255085584403801,0.006251739772564862,4.302038321529018,0.11294854761232474,0.9467998035685057,0.06340206296075433
2025-02,DR normal,dr_normal,volume,6109,986024.0,0.013255085584403801,0.006251739772564862,2.516872792555433,0.14012664370781922,0.9608427381077944,0.1080156872002007
2025-02,DR normal,dr_normal,contract_balanced,6109,141.0,0.013255085584403801,0.006251739772564862,9.31655933359463,0.26813444289084487,0.8948948733631772,0.06020302670316452
2025-02,DR-AS normal,dras_normal,equal,6109,6109.0,0.013255085584403801,0.006251739772564862,4.28890537263487,0.11224381184322209,0.9507284334588313,0.06589193180519651
2025-02,DR-AS normal,dras_normal,volume,6109,986024.0,0.013255085584403801,0.006251739772564862,2.5576575377783817,0.13693264576357708,0.9856768192254954,0.12621584852408696
2025-02,DR-AS normal,dras_normal,contract_balanced,6109,141.0,0.013255085584403801,0.006251739772564862,9.118601592174794,0.2582660628718534,0.9222017540640901,0.07928472792252589
2025-02,"Beta, no hurdle",beta_no_hurdle,equal,6109,6109.0,0.013255085584403801,0.006251739772564862,4.043660001786141,0.11222618509579484,0.9489278114257653,0.06478354738601963
2025-02,"Beta, no hurdle",beta_no_hurdle,volume,6109,986024.0,0.013255085584403801,0.006251739772564862,2.511571193018665,0.13462195241434255,0.9797773685021867,0.11785548869477933
2025-02,"Beta, no hurdle",beta_no_hurdle,contract_balanced,6109,141.0,0.013255085584403801,0.006251739772564862,8.756601040025656,0.25883062376027255,0.9116495156844246,0.07171330809956207
2025-02,"Hurdle beta, post-hoc coherence",hurdle_posthoc,equal,6109,6109.0,0.013255085584403801,0.006251739772564862,28.391500459661774,0.15665450654592902,0.775085938778851,0.04864416267260263
2025-02,"Hurdle beta, post-hoc coherence",hurdle_posthoc,volume,6109,986024.0,0.013255085584403801,0.006251739772564862,3.6711973441933177,0.15379859086226147,0.8881335545585097,0.11051607521889285
2025-02,"Hurdle beta, post-hoc coherence",hurdle_posthoc,contract_balanced,6109,141.0,0.013255085584403801,0.006251739772564862,13.18237723493099,0.2794249637359708,0.8503110932200875,0.06891334537417317
2025-02,MHB,mhb,equal,6109,6109.0,0.013255085584403801,0.006251739772564862,3.0771715099346086,0.15722584152959063,0.7724668521853004,0.04876918975522625
2025-02,MHB,mhb,volume,6109,986024.0,0.013255085584403801,0.006251739772564862,2.686095735930879,0.15535917945926112,0.8871254655059106,0.11055688784729446
2025-02,MHB,mhb,contract_balanced,6109,141.0,0.013255085584403801,0.006251739772564862,2.785994333490329,0.2804237027466633,0.8410854889406835,0.06892505874974776
2025-03,DR normal,dr_normal,equal,26782,26782.0,0.013252198198925024,0.006249890511480592,4.459221099734439,0.14710700909018484,0.9720334553058024,0.11813055460737107
2025-03,DR normal,dr_normal,volume,26782,80795549.0,0.013252198198925024,0.006249890511480592,4.2379352295195485,0.3572838962049987,0.9876139092761161,0.3407157315339739
2025-03,DR normal,dr_normal,contract_balanced,26782,289.0,0.013252198198925024,0.006249890511480592,4.072538081214955,0.26612493056797704,0.9535534584228378,0.23674676909281148
2025-03,DR-AS normal,dras_normal,equal,26782,26782.0,0.013252198198925024,0.006249890511480592,4.402284402463256,0.14766698933489797,0.9746844895825555,0.12027943306032104
2025-03,DR-AS normal,dras_normal,volume,26782,80795549.0,0.013252198198925024,0.006249890511480592,3.473434439028065,0.35803651138505,0.9946277114844533,0.34640140952977994
2025-03,DR-AS normal,dras_normal,contract_balanced,26782,289.0,0.013252198198925024,0.006249890511480592,3.954029634425252,0.26650844404421026,0.982492223408837,0.24745404945779276
2025-03,"Beta, no hurdle",beta_no_hurdle,equal,26782,26782.0,0.013252198198925024,0.006249890511480592,6.017141718642764,0.14830927896777224,0.9736390112762303,0.12083691565644145
2025-03,"Beta, no hurdle",beta_no_hurdle,volume,26782,80795549.0,0.013252198198925024,0.006249890511480592,32.52871008348986,0.3695553235799472,0.991962329509018,0.3561373321601049
2025-03,"Beta, no hurdle",beta_no_hurdle,contract_balanced,26782,289.0,0.013252198198925024,0.006249890511480592,18.301718601804502,0.27520262791500466,0.9715491480722528,0.2532288758939594
2025-03,"Hurdle beta, post-hoc coherence",hurdle_posthoc,equal,26782,26782.0,0.013252198198925024,0.006249890511480592,23.126944917561083,0.18278686944954575,0.857105518631917,0.10618898282644265
2025-03,"Hurdle beta, post-hoc coherence",hurdle_posthoc,volume,26782,80795549.0,0.013252198198925024,0.006249890511480592,32.04736823571737,0.3870911702459891,0.9760593866377466,0.36961458055422447
2025-03,"Hurdle beta, post-hoc coherence",hurdle_posthoc,contract_balanced,26782,289.0,0.013252198198925024,0.006249890511480592,28.20409593617476,0.298163330524068,0.927934225547244,0.26065627923122475
2025-03,MHB,mhb,equal,26782,26782.0,0.013252198198925024,0.006249890511480592,4.115299256865446,0.1836711301013956,0.8568441490553356,0.10688958696896435
2025-03,MHB,mhb,volume,26782,80795549.0,0.013252198198925024,0.006249890511480592,31.544048913279177,0.3874417803033676,0.9757716603918367,0.36982655406211096
2025-03,MHB,mhb,contract_balanced,26782,289.0,0.013252198198925024,0.006249890511480592,17.164582292908,0.2989636953311553,0.92798229939966,0.2609031579577734
2025-04,DR normal,dr_normal,equal,27795,27795.0,0.013261561277240456,0.006216469953358843,3.2040539996363004,0.08777834436104667,0.9721892426695447,0.0592033669503734
2025-04,DR normal,dr_normal,volume,27795,37329014.0,0.013261561277240456,0.006216469953358843,7.807104279395494,0.5692211968154087,0.9203666081295369,0.24436716372209127
2025-04,DR normal,dr_normal,contract_balanced,27795,174.0,0.013261561277240456,0.006216469953358843,4.6252402028348225,0.20770518658704584,0.9041889147743136,0.08281806120267216
2025-04,DR-AS normal,dras_normal,equal,27795,27795.0,0.013261561277240456,0.006216469953358843,3.077646019250077,0.08715305944333832,0.9756071235833781,0.06096490623715129
2025-04,DR-AS normal,dras_normal,volume,27795,37329014.0,0.013261561277240456,0.006216469953358843,7.414352571524208,0.5528689536874639,0.9450217999328887,0.25636366277360234
2025-04,DR-AS normal,dras_normal,contract_balanced,27795,174.0,0.013261561277240456,0.006216469953358843,4.252912900238709,0.20029678671637696,0.9372766584574889,0.10011479755760458
2025-04,"Beta, no hurdle",beta_no_hurdle,equal,27795,27795.0,0.013261561277240456,0.006216469953358843,3.206927540408765,0.08725150559397829,0.9745277927684834,0.06045847436541782
2025-04,"Beta, no hurdle",beta_no_hurdle,volume,27795,37329014.0,0.013261561277240456,0.006216469953358843,16.604774327382607,0.5511737752656694,0.9333647816146444,0.2502471315598983
2025-04,"Beta, no hurdle",beta_no_hurdle,contract_balanced,27795,174.0,0.013261561277240456,0.006216469953358843,5.134663370519274,0.20374371494223015,0.9271310743906158,0.09529645998895267
2025-04,"Hurdle beta, post-hoc coherence",hurdle_posthoc,equal,27795,27795.0,0.013261561277240456,0.006216469953358843,18.23693054178721,0.11165383914884887,0.859363194819212,0.04404743497474243
2025-04,"Hurdle beta, post-hoc coherence",hurdle_posthoc,volume,27795,37329014.0,0.013261561277240456,0.006216469953358843,15.08913496226257,0.588465973392233,0.9246816966555826,0.29299014325563505
2025-04,"Hurdle beta, post-hoc coherence",hurdle_posthoc,contract_balanced,27795,174.0,0.013261561277240456,0.006216469953358843,7.505459968558112,0.2077083243448195,0.9086482941893446,0.09702678192406303
2025-04,MHB,mhb,equal,27795,27795.0,0.013261561277240456,0.006216469953358843,2.7939187552513687,0.11115821796338271,0.8623133657132576,0.04441318277331109
2025-04,MHB,mhb,volume,27795,37329014.0,0.013261561277240456,0.006216469953358843,14.57993352512519,0.5948982154601915,0.9235074090089814,0.29567620961854824
2025-04,MHB,mhb,contract_balanced,27795,174.0,0.013261561277240456,0.006216469953358843,3.5650447366598708,0.20888750780066756,0.908805137025434,0.09725510785517574
2025-05,DR normal,dr_normal,equal,52862,52862.0,0.014914551910928093,0.006493952813358312,1.8573476983834802,0.04595289398167553,0.9891793727062916,0.03757648382214699
2025-05,DR normal,dr_normal,volume,52862,9176560.0,0.014914551910928093,0.006493952813358312,3.6201394892390573,0.1477745038169302,0.9803286852589641,0.12779828825884132
2025-05,DR normal,dr_normal,contract_balanced,52862,194.0,0.014914551910928093,0.006493952813358312,9.136885824022572,0.17970676845887673,0.9641075186393853,0.055891417887141755
2025-05,DR-AS normal,dras_normal,equal,52862,52862.0,0.014914551910928093,0.006493952813358312,1.8143921261842673,0.0463022458940687,0.9899360599296279,0.03853602927172976
2025-05,DR-AS normal,dras_normal,volume,52862,9176560.0,0.014914551910928093,0.006493952813358312,2.849064535903743,0.15424763292472388,0.9913900197895508,0.14311828519636383
2025-05,DR-AS normal,dras_normal,contract_balanced,52862,194.0,0.014914551910928093,0.006493952813358312,6.088197353559197,0.17298421577858317,0.9702815025292448,0.07161272048010142
2025-05,"Beta, no hurdle",beta_no_hurdle,equal,52862,52862.0,0.014914551910928093,0.006493952813358312,1.8028659574666164,0.046522933578879606,0.9899171427490444,0.03850143206562594
2025-05,"Beta, no hurdle",beta_no_hurdle,volume,52862,9176560.0,0.014914551910928093,0.006493952813358312,2.857649749184082,0.15366712369078261,0.9871758044408798,0.1390320088046632
2025-05,"Beta, no hurdle",beta_no_hurdle,contract_balanced,52862,194.0,0.014914551910928093,0.006493952813358312,6.0460301007187525,0.17773726251572564,0.968658574446355,0.0669184085306554
2025-05,"Hurdle beta, post-hoc coherence",hurdle_posthoc,equal,52862,52862.0,0.014914551910928093,0.006493952813358312,8.207744811142042,0.05221743164632846,0.9212288600506978,0.023192806500095777
2025-05,"Hurdle beta, post-hoc coherence",hurdle_posthoc,volume,52862,9176560.0,0.014914551910928093,0.006493952813358312,4.498823543909071,0.16453928464602643,0.9701660535102478,0.14508371366167094
2025-05,"Hurdle beta, post-hoc coherence",hurdle_posthoc,contract_balanced,52862,194.0,0.014914551910928093,0.006493952813358312,7.7063594650129446,0.17569809069268527,0.9607262599686199,0.06428454746984229
2025-05,MHB,mhb,equal,52862,52862.0,0.014914551910928093,0.006493952813358312,1.2627562597896564,0.052124120929697385,0.9245772010139607,0.024155170912082857
2025-05,MHB,mhb,volume,52862,9176560.0,0.014914551910928093,0.006493952813358312,2.8193309495993537,0.1655357034691775,0.9713277088582214,0.1461999178223853
2025-05,MHB,mhb,contract_balanced,52862,194.0,0.014914551910928093,0.006493952813358312,5.408207548669527,0.17591322053944702,0.9607064997900162,0.06431965043682161
2025-06,DR normal,dr_normal,equal,63678,63678.0,0.014890166654509339,0.006487158248370171,1.9520574631928107,0.04697201454613548,0.9877979836050124,0.033745844599932996
2025-06,DR normal,dr_normal,volume,63678,7106918.0,0.014890166654509339,0.006487158248370171,2.8959997979631655,0.14534770844584172,0.9727168654541953,0.12102412528766529
2025-06,DR normal,dr_normal,contract_balanced,63678,167.0,0.014890166654509339,0.006487158248370171,4.574776020719778,0.13301316824032577,0.9641724126460812,0.05079679828517053
2025-06,DR-AS normal,dras_normal,equal,63678,63678.0,0.014890166654509339,0.006487158248370171,1.9449296942206358,0.047113708962191185,0.988614592166839,0.034543251543576195
2025-06,DR-AS normal,dras_normal,volume,63678,7106918.0,0.014890166654509339,0.006487158248370171,2.7837480258274123,0.15021367911165212,0.9845325357630411,0.135467312339406
2025-06,DR-AS normal,dras_normal,contract_balanced,63678,167.0,0.014890166654509339,0.006487158248370171,4.61679490836354,0.1351386948685927,0.9869655145159696,0.06533512556301205
2025-06,"Beta, no hurdle",beta_no_hurdle,equal,63678,63678.0,0.014890166654509339,0.006487158248370171,1.8663722121335073,0.04752074674910953,0.9884889600804042,0.03473606252814526
2025-06,"Beta, no hurdle",beta_no_hurdle,volume,63678,7106918.0,0.014890166654509339,0.006487158248370171,2.949081900444507,0.14925470108306857,0.9818253144330638,0.13073130569376964
2025-06,"Beta, no hurdle",beta_no_hurdle,contract_balanced,63678,167.0,0.014890166654509339,0.006487158248370171,4.614331078886721,0.1328945568624284,0.9804891684394292,0.06075366104967959
2025-06,"Hurdle beta, post-hoc coherence",hurdle_posthoc,equal,63678,63678.0,0.014890166654509339,0.006487158248370171,6.199588861129882,0.05358369439334133,0.9228618989289861,0.020166006003235794
2025-06,"Hurdle beta, post-hoc coherence",hurdle_posthoc,volume,63678,7106918.0,0.014890166654509339,0.006487158248370171,5.171337339223211,0.15922713172702974,0.9713996981532642,0.1372958095852963
2025-06,"Hurdle beta, post-hoc coherence",hurdle_posthoc,contract_balanced,63678,167.0,0.014890166654509339,0.006487158248370171,5.289055394061836,0.13417001786640492,0.970404206377735,0.05881374816498913
2025-06,MHB,mhb,equal,63678,63678.0,0.014890166654509339,0.006487158248370171,1.2601293559597075,0.05321043253837667,0.9276516222243159,0.0213226360497739
2025-06,MHB,mhb,volume,63678,7106918.0,0.014890166654509339,0.006487158248370171,2.689613425272885,0.16018693566488942,0.970120522004053,0.13801225771825326
2025-06,MHB,mhb,contract_balanced,63678,167.0,0.014890166654509339,0.006487158248370171,4.017029118769079,0.13345800511473832,0.969982695853545,0.05903295350132817
2025-07,DR normal,dr_normal,equal,69842,69842.0,0.01487444121253969,0.006477777608384338,1.7760032112039221,0.046991669957694444,0.9914234987543312,0.03844931035263049
2025-07,DR normal,dr_normal,volume,69842,9790186.0,0.01487444121253969,0.006477777608384338,3.213558076853719,0.18253675749691112,0.9769173946235548,0.15919713873762145
2025-07,DR normal,dr_normal,contract_balanced,69842,168.0,0.01487444121253969,0.006477777608384338,2.2267467183128478,0.08810047167068229,0.9586579688022808,0.06284482608177601
2025-07,DR-AS normal,dras_normal,equal,69842,69842.0,0.01487444121253969,0.006477777608384338,1.7445400236928692,0.047229585244039696,0.9920821282322958,0.039229669554966415
2025-07,DR-AS normal,dras_normal,volume,69842,9790186.0,0.01487444121253969,0.006477777608384338,3.0416517843884927,0.18709143391294958,0.9851536017803952,0.17398980369974065
2025-07,DR-AS normal,dras_normal,contract_balanced,69842,168.0,0.01487444121253969,0.006477777608384338,2.19243457878458,0.08735960532448436,0.9780126114861449,0.0782206309736054
2025-07,"Beta, no hurdle",beta_no_hurdle,equal,69842,69842.0,0.01487444121253969,0.006477777608384338,1.7227166420249898,0.04776415984929193,0.9919532659431287,0.039614277432335615
2025-07,"Beta, no hurdle",beta_no_hurdle,volume,69842,9790186.0,0.01487444121253969,0.006477777608384338,3.115316782148417,0.1877621006842472,0.983186734143764,0.17026671071331767
2025-07,"Beta, no hurdle",beta_no_hurdle,contract_balanced,69842,168.0,0.01487444121253969,0.006477777608384338,2.2258120169683515,0.08987225600179541,0.9740013078393907,0.07446982573095125
2025-07,"Hurdle beta, post-hoc coherence",hurdle_posthoc,equal,69842,69842.0,0.01487444121253969,0.006477777608384338,7.067706092984097,0.051836110502985235,0.9403653961799492,0.02592921353335937
2025-07,"Hurdle beta, post-hoc coherence",hurdle_posthoc,volume,69842,9790186.0,0.01487444121253969,0.006477777608384338,3.8207633623077246,0.1963239876047786,0.9766373182286834,0.1785210796416824
2025-07,"Hurdle beta, post-hoc coherence",hurdle_posthoc,contract_balanced,69842,168.0,0.01487444121253969,0.006477777608384338,2.9712824364727544,0.0888384995598758,0.9686350388022594,0.07292756717371746
2025-07,MHB,mhb,equal,69842,69842.0,0.01487444121253969,0.006477777608384338,1.0500169209324923,0.05202779170161524,0.9442742189513474,0.027154343698655138
2025-07,MHB,mhb,volume,69842,9790186.0,0.01487444121253969,0.006477777608384338,2.8376807368005497,0.19740297230186732,0.9762423308402924,0.17955474467209875
2025-07,MHB,mhb,contract_balanced,69842,168.0,0.01487444121253969,0.006477777608384338,1.5890509198307057,0.08911549570595077,0.9676371594694771,0.07316698670128316
2025-08,DR normal,dr_normal,equal,82815,82815.0,0.014856176010045246,0.006471146258154301,2.0736977580870533,0.04216559272078371,0.9936605687375475,0.029727329466709765
2025-08,DR normal,dr_normal,volume,82815,8386983.0,0.014856176010045246,0.006471146258154301,2.6860958600772102,0.12945954054356168,0.969481874471428,0.11698882202154957
2025-08,DR normal,dr_normal,contract_balanced,82815,177.0,0.014856176010045246,0.006471146258154301,2.2569938571605057,0.06963075329378485,0.9808331522233318,0.054090005656197815
2025-08,DR-AS normal,dras_normal,equal,82815,82815.0,0.014856176010045246,0.006471146258154301,2.0783231741800035,0.0424347870105697,0.9941194228098775,0.030216043786211257
2025-08,DR-AS normal,dras_normal,volume,82815,8386983.0,0.014856176010045246,0.006471146258154301,2.8267658798469206,0.14154929409220932,0.9931285183241697,0.1353161724641746
2025-08,DR-AS normal,dras_normal,contract_balanced,82815,177.0,0.014856176010045246,0.006471146258154301,2.4531215680563436,0.07803405624200829,0.9925601003470049,0.06736993797006856
2025-08,"Beta, no hurdle",beta_no_hurdle,equal,82815,82815.0,0.014856176010045246,0.006471146258154301,2.0278841434932833,0.04247437882038386,0.9940107468453783,0.030200838941407328
2025-08,"Beta, no hurdle",beta_no_hurdle,volume,82815,8386983.0,0.014856176010045246,0.006471146258154301,2.7858586945057286,0.13838928673056916,0.9815806232109925,0.13078680158653286
2025-08,"Beta, no hurdle",beta_no_hurdle,contract_balanced,82815,177.0,0.014856176010045246,0.006471146258154301,2.3636727973821277,0.07718705999969597,0.9893229686027962,0.0654149365066938
2025-08,"Hurdle beta, post-hoc coherence",hurdle_posthoc,equal,82815,82815.0,0.014856176010045246,0.006471146258154301,3.8117882988049447,0.041377958753380434,0.9562518867354949,0.018149119212749986
2025-08,"Hurdle beta, post-hoc coherence",hurdle_posthoc,volume,82815,8386983.0,0.014856176010045246,0.006471146258154301,2.914286653549798,0.14933245553986357,0.9868236289497665,0.14014793382144028
2025-08,"Hurdle beta, post-hoc coherence",hurdle_posthoc,contract_balanced,82815,177.0,0.014856176010045246,0.006471146258154301,1.9649809730206258,0.07485015222279341,0.9875244179369518,0.06202771337389795
2025-08,MHB,mhb,equal,82815,82815.0,0.014856176010045246,0.006471146258154301,1.1999216102640589,0.041540213777983434,0.9586789832759767,0.019001116870321143
2025-08,MHB,mhb,volume,82815,8386983.0,0.014856176010045246,0.006471146258154301,2.6306899328011317,0.15000214649803578,0.9866561074465037,0.14085845405753755
2025-08,MHB,mhb,contract_balanced,82815,177.0,0.014856176010045246,0.006471146258154301,1.6131655365852802,0.07516112530473944,0.9874969540556608,0.0623314896290164
2025-09,DR normal,dr_normal,equal,80329,80329.0,0.01479587678897346,0.006449014319375829,2.6077729151923723,0.052445683678267394,0.9914974666683263,0.03382530524814695
2025-09,DR normal,dr_normal,volume,80329,10508852.0,0.01479587678897346,0.006449014319375829,2.953542843724434,0.17382484414824895,0.9864913884028436,0.16728883312863868
2025-09,DR normal,dr_normal,contract_balanced,80329,176.0,0.01479587678897346,0.006449014319375829,8.857482206468655,0.20846530832526958,0.9654144350821713,0.057207823449811165
2025-09,DR-AS normal,dras_normal,equal,80329,80329.0,0.01479587678897346,0.006449014319375829,2.596689399281174,0.052655793710735935,0.9918584819928045,0.03421204922532893
2025-09,DR-AS normal,dras_normal,volume,80329,10508852.0,0.01479587678897346,0.006449014319375829,3.0257330354427516,0.18043671591058544,0.9975847028771554,0.1783088792665563
2025-09,DR-AS normal,dras_normal,contract_balanced,80329,176.0,0.01479587678897346,0.006449014319375829,8.771306169109465,0.21177424219967622,0.9833751672353238,0.07059229230533322
2025-09,"Beta, no hurdle",beta_no_hurdle,equal,80329,80329.0,0.01479587678897346,0.006449014319375829,2.521325623012146,0.05309015796149115,0.9917588915584656,0.034602095273196645
2025-09,"Beta, no hurdle",beta_no_hurdle,volume,80329,10508852.0,0.01479587678897346,0.006449014319375829,2.9949910815136653,0.18188910380250028,0.9914482571454998,0.17842898785626102
2025-09,"Beta, no hurdle",beta_no_hurdle,contract_balanced,80329,176.0,0.01479587678897346,0.006449014319375829,6.923053299123693,0.21101548952570476,0.9799462490544246,0.06802300321435133
2025-09,"Hurdle beta, post-hoc coherence",hurdle_posthoc,equal,80329,80329.0,0.01479587678897346,0.006449014319375829,5.129661531288362,0.05008752566549455,0.9580226319262033,0.020317025162698277
2025-09,"Hurdle beta, post-hoc coherence",hurdle_posthoc,volume,80329,10508852.0,0.01479587678897346,0.006449014319375829,4.801404991347425,0.20435556660805776,0.9851221617737123,0.1981835421822134
2025-09,"Hurdle beta, post-hoc coherence",hurdle_posthoc,contract_balanced,80329,176.0,0.01479587678897346,0.006449014319375829,6.209518023353415,0.21143444053304422,0.9708618598761803,0.06685308512405738
2025-09,MHB,mhb,equal,80329,80329.0,0.01479587678897346,0.006449014319375829,1.4865085708543255,0.050257431273357314,0.9600766846344407,0.021141248241706528
2025-09,MHB,mhb,volume,80329,10508852.0,0.01479587678897346,0.006449014319375829,2.6531236315760953,0.20619877091081348,0.98540354360305,0.20023120994403062
2025-09,MHB,mhb,contract_balanced,80329,176.0,0.01479587678897346,0.006449014319375829,4.968618126222441,0.2115698792194169,0.9731157356579911,0.06723670588188028
2025-10,DR normal,dr_normal,equal,90465,90465.0,0.014757051175825603,0.006431531048842194,1.9549857666086483,0.04342937198755373,0.9944287846128339,0.03395054447952089
2025-10,DR normal,dr_normal,volume,90465,7760057.0,0.014757051175825603,0.006431531048842194,5.557901492070021,0.16119135580673527,0.9863587342206378,0.11676804549028022
2025-10,DR normal,dr_normal,contract_balanced,90465,296.0,0.014757051175825603,0.006431531048842194,1.9659036073765486,0.055315839590319535,0.9860470095358053,0.03972434514324652
2025-10,DR-AS normal,dras_normal,equal,90465,90465.0,0.014757051175825603,0.006431531048842194,1.9474255223914236,0.04353494748180149,0.9946940805836514,0.034222611593601515
2025-10,DR-AS normal,dras_normal,volume,90465,7760057.0,0.014757051175825603,0.006431531048842194,5.597381733718848,0.16880524359793947,0.9905081882774831,0.12942927273916113
2025-10,DR-AS normal,dras_normal,contract_balanced,90465,296.0,0.014757051175825603,0.006431531048842194,2.1363944963761607,0.06298952838193594,0.9913146111336434,0.05047466556774186
2025-10,"Beta, no hurdle",beta_no_hurdle,equal,90465,90465.0,0.014757051175825603,0.006431531048842194,1.8713836733420421,0.04384760955158958,0.9947382965787877,0.03449917189305207
2025-10,"Beta, no hurdle",beta_no_hurdle,volume,90465,7760057.0,0.014757051175825603,0.006431531048842194,13.42709386182521,0.1834713586443301,0.9779149818100563,0.13948159487512277
2025-10,"Beta, no hurdle",beta_no_hurdle,contract_balanced,90465,296.0,0.014757051175825603,0.006431531048842194,2.0553588853728866,0.06095917802804893,0.9908069803173916,0.047052132528051474
2025-10,"Hurdle beta, post-hoc coherence",hurdle_posthoc,equal,90465,90465.0,0.014757051175825603,0.006431531048842194,4.692578666931822,0.04368448510258345,0.9648372298679049,0.024834028623972042
2025-10,"Hurdle beta, post-hoc coherence",hurdle_posthoc,volume,90465,7760057.0,0.014757051175825603,0.006431531048842194,12.724275335626388,0.1676057505719927,0.9735221017062118,0.12371508380365066
2025-10,"Hurdle beta, post-hoc coherence",hurdle_posthoc,contract_balanced,90465,296.0,0.014757051175825603,0.006431531048842194,1.6003477695113355,0.06299467675410536,0.9866265531601737,0.04888991257793733
2025-10,MHB,mhb,equal,90465,90465.0,0.014757051175825603,0.006431531048842194,0.8007979793399491,0.04410394878319121,0.9668822196429561,0.025924449633342617
2025-10,MHB,mhb,volume,90465,7760057.0,0.014757051175825603,0.006431531048842194,10.603461128076729,0.16547122741869022,0.9726108970591324,0.1215780380633211
2025-10,MHB,mhb,contract_balanced,90465,296.0,0.014757051175825603,0.006431531048842194,1.0318487511477388,0.06343927178240263,0.9859949300399027,0.049426007488060364
2025-11,DR normal,dr_normal,equal,92826,92826.0,0.014853059885518338,0.006440757017972842,1.388760024739757,0.033142393773407774,0.9941611186521015,0.024717324698129418
2025-11,DR normal,dr_normal,volume,92826,6116963.0,0.014853059885518338,0.006440757017972842,2.1840780366483927,0.09694352610332256,0.9545251458934769,0.06526403174945086
2025-11,DR normal,dr_normal,contract_balanced,92826,257.0,0.014853059885518338,0.006440757017972842,2.1872947023780887,0.05695280677527574,0.9913545022088099,0.041951332343356726
2025-11,DR-AS normal,dras_normal,equal,92826,92826.0,0.014853059885518338,0.006440757017972842,1.399908789962987,0.033389479890662085,0.994699760842867,0.025141376644501872
2025-11,DR-AS normal,dras_normal,volume,92826,6116963.0,0.014853059885518338,0.006440757017972842,2.5311622711492245,0.10364628192511621,0.9799289287837771,0.08946751836148326
2025-11,DR-AS normal,dras_normal,contract_balanced,92826,257.0,0.014853059885518338,0.006440757017972842,2.4284266784535187,0.06350470789203234,0.996260507823062,0.05179379334858449
2025-11,"Beta, no hurdle",beta_no_hurdle,equal,92826,92826.0,0.014853059885518338,0.006440757017972842,1.3242027388271636,0.03334951852529447,0.994764397905759,0.025091545401158495
2025-11,"Beta, no hurdle",beta_no_hurdle,volume,92826,6116963.0,0.014853059885518338,0.006440757017972842,2.3653420426626015,0.10205523697188051,0.9783202873713639,0.0817033490211308
2025-11,"Beta, no hurdle",beta_no_hurdle,contract_balanced,92826,257.0,0.014853059885518338,0.006440757017972842,2.247802115226871,0.06212977563500664,0.9950644760210359,0.04939271152251734
2025-11,"Hurdle beta, post-hoc coherence",hurdle_posthoc,equal,92826,92826.0,0.014853059885518338,0.006440757017972842,2.497307837121323,0.032636692430029896,0.9739620364983947,0.01613059895609373
2025-11,"Hurdle beta, post-hoc coherence",hurdle_posthoc,volume,92826,6116963.0,0.014853059885518338,0.006440757017972842,1.8863025803035744,0.10778240642986611,0.9709976993485167,0.08623951220020493
2025-11,"Hurdle beta, post-hoc coherence",hurdle_posthoc,contract_balanced,92826,257.0,0.014853059885518338,0.006440757017972842,1.7901395218801495,0.06533157046134444,0.9903073139240792,0.051111597203046776
2025-11,MHB,mhb,equal,92826,92826.0,0.014853059885518338,0.006440757017972842,0.5122509374706574,0.03272992725577159,0.9756210544459525,0.016888655154721946
2025-11,MHB,mhb,volume,92826,6116963.0,0.014853059885518338,0.006440757017972842,1.784714616246725,0.10805529457022742,0.9741585816360179,0.08694039946013352
2025-11,MHB,mhb,contract_balanced,92826,257.0,0.014853059885518338,0.006440757017972842,1.1542152383349367,0.06527105912121747,0.9916331651114905,0.05136112648651252
2025-12,DR normal,dr_normal,equal,82003,82003.0,0.014880239768366747,0.006412404164668067,1.7981615408477327,0.04273451817309773,0.9924027169737695,0.029286451488366262
2025-12,DR normal,dr_normal,volume,82003,5799665.0,0.014880239768366747,0.006412404164668067,2.6588237146617386,0.09046771730672831,0.9661340784338405,0.05231135012905646
2025-12,DR normal,dr_normal,contract_balanced,82003,259.0,0.014880239768366747,0.006412404164668067,2.7205964090712613,0.06882462833494107,0.9852471508163466,0.041061109005326335
2025-12,DR-AS normal,dras_normal,equal,82003,82003.0,0.014880239768366747,0.006412404164668067,1.8053476010442113,0.042949104838837945,0.9929148933575602,0.02979147898818294
2025-12,DR-AS normal,dras_normal,volume,82003,5799665.0,0.014880239768366747,0.006412404164668067,2.888495375256325,0.09994643200279008,0.9828312497359761,0.07302583171826696
2025-12,DR-AS normal,dras_normal,contract_balanced,82003,259.0,0.014880239768366747,0.006412404164668067,2.9328448269913703,0.07533905420067777,0.9914970465571095,0.05278299866520597
2025-12,"Beta, no hurdle",beta_no_hurdle,equal,82003,82003.0,0.014880239768366747,0.006412404164668067,1.9315165131830154,0.0432239805312003,0.9926953891930785,0.029923774459975225
2025-12,"Beta, no hurdle",beta_no_hurdle,volume,82003,5799665.0,0.014880239768366747,0.006412404164668067,3.8632318701765684,0.09673121693699602,0.9792086267051631,0.06577039831318476
2025-12,"Beta, no hurdle",beta_no_hurdle,contract_balanced,82003,259.0,0.014880239768366747,0.006412404164668067,3.1533072968242175,0.0739693982361039,0.9893429404564535,0.049481752568054274
2025-12,"Hurdle beta, post-hoc coherence",hurdle_posthoc,equal,82003,82003.0,0.014880239768366747,0.006412404164668067,3.3186349102256276,0.04432122981518606,0.9666353669987685,0.020642416024193908
2025-12,"Hurdle beta, post-hoc coherence",hurdle_posthoc,volume,82003,5799665.0,0.014880239768366747,0.006412404164668067,2.9815535671926177,0.09833464966036572,0.9671962087465397,0.06542646290508176
2025-12,"Hurdle beta, post-hoc coherence",hurdle_posthoc,contract_balanced,82003,259.0,0.014880239768366747,0.006412404164668067,3.5444534312883227,0.07231172374391318,0.9815784556201301,0.046922621895424524
2025-12,MHB,mhb,equal,82003,82003.0,0.014880239768366747,0.006412404164668067,1.1075251237311985,0.04424946247419337,0.9686352938307137,0.021357621890810717
2025-12,MHB,mhb,volume,82003,5799665.0,0.014880239768366747,0.006412404164668067,2.613223527879506,0.09890266197926591,0.967675891624775,0.06634477943725436
2025-12,MHB,mhb,contract_balanced,82003,259.0,0.014880239768366747,0.006412404164668067,2.089818124260553,0.07324035644169416,0.9820842070332775,0.047935985189635565
2026-01,DR normal,dr_normal,equal,74041,74041.0,0.014885509114794577,0.006383232075629924,1.9722693692511903,0.05943847045557682,0.993044394322065,0.04819636171863345
2026-01,DR normal,dr_normal,volume,74041,71470667.0,0.014885509114794577,0.006383232075629924,3.34898767221224,0.25722036543089905,0.9591639182547436,0.19073267454638515
2026-01,DR normal,dr_normal,contract_balanced,74041,266.0,0.014885509114794577,0.006383232075629924,18.398608497509127,0.24778928187724863,0.9432783563013537,0.05829250292257143
2026-01,DR-AS normal,dras_normal,equal,74041,74041.0,0.014885509114794577,0.006383232075629924,1.9491309163971071,0.059830513036239735,0.9935306114179983,0.04904158674729711
2026-01,DR-AS normal,dras_normal,volume,74041,71470667.0,0.014885509114794577,0.006383232075629924,3.435591764391374,0.2527529442506665,0.9615084325433817,0.20600565073129617
2026-01,DR-AS normal,dras_normal,contract_balanced,74041,266.0,0.014885509114794577,0.006383232075629924,9.479894539793875,0.23668887659453672,0.9578727464582939,0.06980448146813813
2026-01,"Beta, no hurdle",beta_no_hurdle,equal,74041,74041.0,0.014885509114794577,0.006383232075629924,2.0479634328136487,0.06013855340831923,0.9930714063829502,0.049207916856095435
2026-01,"Beta, no hurdle",beta_no_hurdle,volume,74041,71470667.0,0.014885509114794577,0.006383232075629924,10.332044410288022,0.2572705140367381,0.9446380708885788,0.2016363007082422
2026-01,"Beta, no hurdle",beta_no_hurdle,contract_balanced,74041,266.0,0.014885509114794577,0.006383232075629924,12.017599829503471,0.24193180811943082,0.9527655587999029,0.06616619564131763
2026-01,"Hurdle beta, post-hoc coherence",hurdle_posthoc,equal,74041,74041.0,0.014885509114794577,0.006383232075629924,6.687550636273619,0.0577025525096226,0.9508785672802907,0.030889145290448235
2026-01,"Hurdle beta, post-hoc coherence",hurdle_posthoc,volume,74041,71470667.0,0.014885509114794577,0.006383232075629924,14.53440629762159,0.25992676995762143,0.9481629015719133,0.21558132081338788
2026-01,"Hurdle beta, post-hoc coherence",hurdle_posthoc,contract_balanced,74041,266.0,0.014885509114794577,0.006383232075629924,9.688333030055613,0.24137246403358464,0.9464403986602363,0.06480142255370099
2026-01,MHB,mhb,equal,74041,74041.0,0.014885509114794577,0.006383232075629924,1.2416688521379895,0.05764248627460089,0.9533501708512852,0.031952892267456554
2026-01,MHB,mhb,volume,74041,71470667.0,0.014885509114794577,0.006383232075629924,9.978293276742141,0.2606087097384297,0.9481790620479308,0.21808175917673103
2026-01,MHB,mhb,contract_balanced,74041,266.0,0.014885509114794577,0.006383232075629924,8.200126499321346,0.24218927734828496,0.9466322566846035,0.06547442478812251
2026-02,DR normal,dr_normal,equal,40518,40518.0,0.014760012026854206,0.006276099862526908,2.299445645936898,0.06791857196298734,0.9864998272372771,0.05329151663233409
2026-02,DR normal,dr_normal,volume,40518,18864222.0,0.014760012026854206,0.006276099862526908,1.3524604146640091,0.03929037523566474,0.9873054398956925,0.03705411791157864
2026-02,DR normal,dr_normal,contract_balanced,40518,245.0,0.014760012026854206,0.006276099862526908,2.23269759239396,0.08462848606112394,0.9548896660040238,0.05219992253378649
2026-02,DR-AS normal,dras_normal,equal,40518,40518.0,0.014760012026854206,0.006276099862526908,2.3126073969402343,0.06865842025592256,0.9875857643516461,0.054526496070340026
2026-02,DR-AS normal,dras_normal,volume,40518,18864222.0,0.014760012026854206,0.006276099862526908,1.7609522102399873,0.05039263350319428,0.9983307554374624,0.04947389843698529
2026-02,DR-AS normal,dras_normal,contract_balanced,40518,245.0,0.014760012026854206,0.006276099862526908,2.324752260394794,0.0840351599816326,0.9699989257788264,0.06116325042032324
2026-02,"Beta, no hurdle",beta_no_hurdle,equal,40518,40518.0,0.014760012026854206,0.006276099862526908,2.703833552042931,0.06875398319621405,0.9872895996840909,0.05443484710663918
2026-02,"Beta, no hurdle",beta_no_hurdle,volume,40518,18864222.0,0.014760012026854206,0.006276099862526908,2.3753959002527374,0.04604835482831254,0.9961626299775309,0.04481936080732221
2026-02,"Beta, no hurdle",beta_no_hurdle,contract_balanced,40518,245.0,0.014760012026854206,0.006276099862526908,5.738835273219882,0.08729320900487748,0.9612904406605691,0.060196869031232156
2026-02,"Hurdle beta, post-hoc coherence",hurdle_posthoc,equal,40518,40518.0,0.014760012026854206,0.006276099862526908,8.212193009513332,0.06677416116924646,0.93185744607335,0.030545542409444907
2026-02,"Hurdle beta, post-hoc coherence",hurdle_posthoc,volume,40518,18864222.0,0.014760012026854206,0.006276099862526908,1.8208106425698762,0.04284484875785029,0.9862659059037792,0.03889477122765748
2026-02,"Hurdle beta, post-hoc coherence",hurdle_posthoc,contract_balanced,40518,245.0,0.014760012026854206,0.006276099862526908,6.372505188645054,0.09149285633326078,0.9549215400637403,0.057441222387580426
2026-02,MHB,mhb,equal,40518,40518.0,0.014760012026854206,0.006276099862526908,1.8298563831801737,0.06712751588531304,0.9341033614689767,0.03172731338339169
2026-02,MHB,mhb,volume,40518,18864222.0,0.014760012026854206,0.006276099862526908,1.5690858043423743,0.04273107603689506,0.9853790418709025,0.03885272675614022
2026-02,MHB,mhb,contract_balanced,40518,245.0,0.014760012026854206,0.006276099862526908,4.90877485871339,0.09132753758443013,0.9567101488051283,0.05850463376202169
2026-03,DR normal,dr_normal,equal,54036,54036.0,0.014713753529893592,0.0061617631745197795,4.09616969827508,0.10792922358372976,0.9684099489229403,0.05525316114623354
2026-03,DR normal,dr_normal,volume,54036,170340189.0,0.014713753529893592,0.0061617631745197795,2.9530126840434088,0.07692392794897257,0.9665915129400262,0.045316495867051824
2026-03,DR normal,dr_normal,contract_balanced,54036,283.0,0.014713753529893592,0.0061617631745197795,8.900727531883915,0.2009834210668786,0.9336852302655274,0.05953504299407493
2026-03,DR-AS normal,dras_normal,equal,54036,54036.0,0.014713753529893592,0.0061617631745197795,4.023191105315036,0.10818766136861212,0.9706677030128064,0.05731995929890101
2026-03,DR-AS normal,dras_normal,volume,54036,170340189.0,0.014713753529893592,0.0061617631745197795,2.375289702916887,0.08455452841584646,0.9844932014252961,0.06017159074812804
2026-03,DR-AS normal,dras_normal,contract_balanced,54036,283.0,0.014713753529893592,0.0061617631745197795,8.207129839167745,0.19530366644175776,0.9548292994947252,0.0690112964091629
2026-03,"Beta, no hurdle",beta_no_hurdle,equal,54036,54036.0,0.014713753529893592,0.0061617631745197795,3.6497313056096488,0.10841167589525383,0.9693537641572285,0.05684717816431691
2026-03,"Beta, no hurdle",beta_no_hurdle,volume,54036,170340189.0,0.014713753529893592,0.0061617631745197795,2.274286881417157,0.08195958653303029,0.981728698211084,0.0553207678378865
2026-03,"Beta, no hurdle",beta_no_hurdle,contract_balanced,54036,283.0,0.014713753529893592,0.0061617631745197795,6.793353268093189,0.19892565418957492,0.9473584341558993,0.06642414317887518
2026-03,"Hurdle beta, post-hoc coherence",hurdle_posthoc,equal,54036,54036.0,0.014713753529893592,0.0061617631745197795,8.213648844410741,0.11792355837254834,0.8957546820638094,0.03388341798553361
2026-03,"Hurdle beta, post-hoc coherence",hurdle_posthoc,volume,54036,170340189.0,0.014713753529893592,0.0061617631745197795,1.187930054463923,0.08204114200240746,0.9709109516134211,0.05533388001718013
2026-03,"Hurdle beta, post-hoc coherence",hurdle_posthoc,contract_balanced,54036,283.0,0.014713753529893592,0.0061617631745197795,5.465304093687767,0.19774201908477018,0.9379352203821385,0.0642506415913669
2026-03,MHB,mhb,equal,54036,54036.0,0.014713753529893592,0.0061617631745197795,2.303443393605712,0.11722607236828897,0.8987526833962542,0.03472053867770111
2026-03,MHB,mhb,volume,54036,170340189.0,0.014713753529893592,0.0061617631745197795,1.117005797470937,0.08124476739743317,0.9705608932957096,0.05458917224388318
2026-03,MHB,mhb,contract_balanced,54036,283.0,0.014713753529893592,0.0061617631745197795,4.585591513062625,0.19748711490377874,0.9390220589561504,0.06502859003179663
2026-04,DR normal,dr_normal,equal,34181,34181.0,0.016039936974339506,0.0055464420201043535,3.025692093404504,0.09863046023226008,0.9758930399929787,0.07483581673776113
2026-04,DR normal,dr_normal,volume,34181,57090515.51,0.016039936974339506,0.0055464420201043535,3.963348344861978,0.44042992668440123,0.9786007991154677,0.30410039622071416
2026-04,DR normal,dr_normal,contract_balanced,34181,148.0,0.016039936974339506,0.0055464420201043535,2.8413060679732642,0.14431828802346133,0.978028301585799,0.11738112913082055
2026-04,DR-AS normal,dras_normal,equal,34181,34181.0,0.016039936974339506,0.0055464420201043535,2.9544548593081137,0.09850425893748918,0.9767707205757585,0.07572683916122461
2026-04,DR-AS normal,dras_normal,volume,34181,57090515.51,0.016039936974339506,0.0055464420201043535,3.9479266447860226,0.4331735241076005,0.9786959373350386,0.3121060027126249
2026-04,DR-AS normal,dras_normal,contract_balanced,34181,148.0,0.016039936974339506,0.0055464420201043535,2.7890307993535104,0.14606933518130302,0.9830286909440744,0.12457904228794695
2026-04,"Beta, no hurdle",beta_no_hurdle,equal,34181,34181.0,0.016039936974339506,0.0055464420201043535,2.8039592860950937,0.09977012235865723,0.9766536964980547,0.0767063501680457
2026-04,"Beta, no hurdle",beta_no_hurdle,volume,34181,57090515.51,0.016039936974339506,0.0055464420201043535,4.243530804471981,0.4396665657502875,0.9787447780220614,0.306069239548298
2026-04,"Beta, no hurdle",beta_no_hurdle,contract_balanced,34181,148.0,0.016039936974339506,0.0055464420201043535,2.823357118163372,0.152232845744473,0.9842214877784339,0.1275591736252077
2026-04,"Hurdle beta, post-hoc coherence",hurdle_posthoc,equal,34181,34181.0,0.016039936974339506,0.0055464420201043535,19.984757622073893,0.11685373970755876,0.8378046283022733,0.042172830749073624
2026-04,"Hurdle beta, post-hoc coherence",hurdle_posthoc,volume,34181,57090515.51,0.016039936974339506,0.0055464420201043535,3.9266412533698354,0.47799664180338064,0.9760204202437058,0.346684784552663
2026-04,"Hurdle beta, post-hoc coherence",hurdle_posthoc,contract_balanced,34181,148.0,0.016039936974339506,0.0055464420201043535,19.317273038798657,0.16323417957413552,0.9420789295106966,0.12284078248477821
2026-04,MHB,mhb,equal,34181,34181.0,0.016039936974339506,0.0055464420201043535,2.63282061642728,0.1162419782214069,0.8444750007314006,0.04414896266145038
2026-04,MHB,mhb,volume,34181,57090515.51,0.016039936974339506,0.0055464420201043535,3.116521230289259,0.4809037445059721,0.9763727488191323,0.35032147460659463
2026-04,MHB,mhb,contract_balanced,34181,148.0,0.016039936974339506,0.0055464420201043535,2.3167190977712644,0.16451574767366978,0.9468426645064473,0.12576861769544168
