month,model,model_slug,weighting,n,weight_sum,k_original,k_mhb,negative_log_score,interval_score,coverage,width
2022-03,DR normal,dr_normal,equal,1998,1998.0,0.10898054529272462,0.062060004629876785,13.862371472981629,0.23720152395776567,0.932932932932933,0.025981741476770695
2022-03,DR normal,dr_normal,volume,1998,268436.0,0.10898054529272462,0.062060004629876785,6.7286189206497555,0.10275441704331852,0.93914005573023,0.04116190595599514
2022-03,DR normal,dr_normal,contract_balanced,1998,56.0,0.10898054529272462,0.062060004629876785,30.8261061322552,0.9366820473302424,0.7824881724879634,0.02730030157686547
2022-03,DR-AS normal,dras_normal,equal,1998,1998.0,0.10898054529272462,0.062060004629876785,12.956403099835722,0.23241848742568222,0.9504504504504505,0.03559406915368247
2022-03,DR-AS normal,dras_normal,volume,1998,268436.0,0.10898054529272462,0.062060004629876785,2.857926826582599,0.13059759090074935,0.9877400944731706,0.11511280789377724
2022-03,DR-AS normal,dras_normal,contract_balanced,1998,56.0,0.10898054529272462,0.062060004629876785,23.494584967537882,0.8608133900037219,0.8653653910580315,0.07389202445730635
2022-03,"Beta, no hurdle",beta_no_hurdle,equal,1998,1998.0,0.10898054529272462,0.062060004629876785,13.66110934138546,0.23154692930309984,0.9469469469469469,0.032610991072053785
2022-03,"Beta, no hurdle",beta_no_hurdle,volume,1998,268436.0,0.10898054529272462,0.062060004629876785,2.756684510738384,0.11510777445598724,0.9780096559328852,0.09452097715261862
2022-03,"Beta, no hurdle",beta_no_hurdle,contract_balanced,1998,56.0,0.10898054529272462,0.062060004629876785,30.38287092949416,0.8653178331573134,0.837827326348097,0.06067024713349192
2022-03,"Hurdle beta, post-hoc coherence",hurdle_posthoc,equal,1998,1998.0,0.10898054529272462,0.062060004629876785,8.94986211704367,0.2305080308195157,0.9554554554554554,0.03856304169289651
2022-03,"Hurdle beta, post-hoc coherence",hurdle_posthoc,volume,1998,268436.0,0.10898054529272462,0.062060004629876785,2.126381998626564,0.12165832562886171,0.9877400944731706,0.10544904308215394
2022-03,"Hurdle beta, post-hoc coherence",hurdle_posthoc,contract_balanced,1998,56.0,0.10898054529272462,0.062060004629876785,12.42948600090934,0.8406645932077462,0.8714530533956938,0.07175762697787845
2022-03,MHB,mhb,equal,1998,1998.0,0.10898054529272462,0.062060004629876785,9.253820113705839,0.2303849302986331,0.9554554554554554,0.03849121065203323
2022-03,MHB,mhb,volume,1998,268436.0,0.10898054529272462,0.062060004629876785,2.125966099761862,0.1216452038448567,0.9877400944731706,0.10543947380741961
2022-03,MHB,mhb,contract_balanced,1998,56.0,0.10898054529272462,0.062060004629876785,11.668362310489591,0.8396571427803788,0.8714530533956938,0.07142438808793113
2022-04,DR normal,dr_normal,equal,5228,5228.0,0.09202949706432086,0.044692176176353245,14.08437898308278,0.2734868547234903,0.9152639632746746,0.036867811604098924
2022-04,DR normal,dr_normal,volume,5228,341189.0,0.09202949706432086,0.044692176176353245,4.852501072980635,0.14420626932363906,0.9092350574022023,0.04508057229225637
2022-04,DR normal,dr_normal,contract_balanced,5228,103.0,0.09202949706432086,0.044692176176353245,17.559708644271964,0.32730614570847283,0.8749680284085155,0.02999159841400135
2022-04,DR-AS normal,dras_normal,equal,5228,5228.0,0.09202949706432086,0.044692176176353245,13.970263215242028,0.27380130808678477,0.9215761285386379,0.04227701482949392
2022-04,DR-AS normal,dras_normal,volume,5228,341189.0,0.09202949706432086,0.044692176176353245,4.756240068792618,0.13839892746789256,0.9878395845118102,0.11487254744865183
2022-04,DR-AS normal,dras_normal,contract_balanced,5228,103.0,0.09202949706432086,0.044692176176353245,17.725463367807492,0.33685218159787705,0.9336304151568359,0.070196003973866
2022-04,"Beta, no hurdle",beta_no_hurdle,equal,5228,5228.0,0.09202949706432086,0.044692176176353245,13.657805305030088,0.27232576422252985,0.9213848508033663,0.04005635469956487
2022-04,"Beta, no hurdle",beta_no_hurdle,volume,5228,341189.0,0.09202949706432086,0.044692176176353245,4.575566083297035,0.1201286888006291,0.9802631386123234,0.08985544348930907
2022-04,"Beta, no hurdle",beta_no_hurdle,contract_balanced,5228,103.0,0.09202949706432086,0.044692176176353245,16.991789774378702,0.3266537236841448,0.9300245639140001,0.0557336408171354
2022-04,"Hurdle beta, post-hoc coherence",hurdle_posthoc,equal,5228,5228.0,0.09202949706432086,0.044692176176353245,8.719083520458241,0.27087455752567624,0.9357306809487373,0.05018498423781974
2022-04,"Hurdle beta, post-hoc coherence",hurdle_posthoc,volume,5228,341189.0,0.09202949706432086,0.044692176176353245,3.1651970715326683,0.1278718602195872,0.9864004994299347,0.10321029851079454
2022-04,"Hurdle beta, post-hoc coherence",hurdle_posthoc,contract_balanced,5228,103.0,0.09202949706432086,0.044692176176353245,9.19461410080853,0.32746325035607327,0.9417607342435066,0.06603645196714102
2022-04,MHB,mhb,equal,5228,5228.0,0.09202949706432086,0.044692176176353245,8.652397910149677,0.2710782810444803,0.9334353481254779,0.05005322213980091
2022-04,MHB,mhb,volume,5228,341189.0,0.09202949706432086,0.044692176176353245,3.166668487444126,0.12792215544782426,0.9864004994299347,0.1033666174091491
2022-04,MHB,mhb,contract_balanced,5228,103.0,0.09202949706432086,0.044692176176353245,9.087245228738599,0.327968719966636,0.9390368471046986,0.06586817494812047
2022-05,DR normal,dr_normal,equal,7090,7090.0,0.10014761362115712,0.0445149533052113,9.471826091799603,0.17819032874328192,0.9390691114245414,0.049185305592266
2022-05,DR normal,dr_normal,volume,7090,502860.0,0.10014761362115712,0.0445149533052113,13.75155774997273,0.33348933439769746,0.8773356401384083,0.09610808554705104
2022-05,DR normal,dr_normal,contract_balanced,7090,132.0,0.10014761362115712,0.0445149533052113,29.21062143197281,0.4218959339949979,0.8254785662720467,0.03793188559337256
2022-05,DR-AS normal,dras_normal,equal,7090,7090.0,0.10014761362115712,0.0445149533052113,8.262071224499,0.17328863494463798,0.9465444287729193,0.055767247148131444
2022-05,DR-AS normal,dras_normal,volume,7090,502860.0,0.10014761362115712,0.0445149533052113,3.6729473178063294,0.3029864762628106,0.974835938432168,0.1795645988953854
2022-05,DR-AS normal,dras_normal,contract_balanced,7090,132.0,0.10014761362115712,0.0445149533052113,9.940653893371268,0.35486714487902865,0.9138066306033389,0.0856682251175239
2022-05,"Beta, no hurdle",beta_no_hurdle,equal,7090,7090.0,0.10014761362115712,0.0445149533052113,8.35139382200488,0.17357729160196217,0.943582510578279,0.05379875408381944
2022-05,"Beta, no hurdle",beta_no_hurdle,volume,7090,502860.0,0.10014761362115712,0.0445149533052113,3.6451495144566377,0.29498220580193324,0.9586286441554309,0.15015838126576597
2022-05,"Beta, no hurdle",beta_no_hurdle,contract_balanced,7090,132.0,0.10014761362115712,0.0445149533052113,10.714355888816154,0.36560069302873666,0.8832179759404292,0.06908704534272175
2022-05,"Hurdle beta, post-hoc coherence",hurdle_posthoc,equal,7090,7090.0,0.10014761362115712,0.0445149533052113,3.491076062427936,0.17589477843881157,0.9430183356840618,0.06164475525466529
2022-05,"Hurdle beta, post-hoc coherence",hurdle_posthoc,volume,7090,502860.0,0.10014761362115712,0.0445149533052113,2.598693452556915,0.3029047847171661,0.9651493457423537,0.1703658919521445
2022-05,"Hurdle beta, post-hoc coherence",hurdle_posthoc,contract_balanced,7090,132.0,0.10014761362115712,0.0445149533052113,5.191549809726449,0.35826939924712137,0.8885893913969604,0.07922529970544784
2022-05,MHB,mhb,equal,7090,7090.0,0.10014761362115712,0.0445149533052113,3.481388446868615,0.17608247357050005,0.9435825105782789,0.062104578959209386
2022-05,MHB,mhb,volume,7090,502860.0,0.10014761362115712,0.0445149533052113,2.592658663490579,0.30259186988869125,0.9652090044942927,0.170132349638309
2022-05,MHB,mhb,contract_balanced,7090,132.0,0.10014761362115712,0.0445149533052113,5.15960859163703,0.3583047828900108,0.8878295360719757,0.07911599220837987
2022-06,DR normal,dr_normal,equal,8372,8372.0,0.19189483721159803,0.09261563076738867,6.088830943027242,0.11190059317786755,0.9449354992833254,0.042969196222510955
2022-06,DR normal,dr_normal,volume,8372,785075.0,0.19189483721159803,0.09261563076738867,20.837896837828797,0.6129031300374714,0.8007757220647709,0.06731229730081904
2022-06,DR normal,dr_normal,contract_balanced,8372,143.0,0.19189483721159803,0.09261563076738867,32.21968258015652,0.29363595214079696,0.8079724068586687,0.03803526980999409
2022-06,DR-AS normal,dras_normal,equal,8372,8372.0,0.19189483721159803,0.09261563076738867,4.843109735879892,0.10684727417480405,0.9593884376493074,0.0543915148076381
2022-06,DR-AS normal,dras_normal,volume,8372,785075.0,0.19189483721159803,0.09261563076738867,5.159784823234705,0.25998629120843003,0.9413495525905168,0.19428353791920733
2022-06,DR-AS normal,dras_normal,contract_balanced,8372,143.0,0.19189483721159803,0.09261563076738867,3.0870273269248516,0.16204377623471403,0.9385041860885108,0.11800997100632918
2022-06,"Beta, no hurdle",beta_no_hurdle,equal,8372,8372.0,0.19189483721159803,0.09261563076738867,4.75628055463673,0.10587983743592244,0.9577161968466317,0.05065219890309243
2022-06,"Beta, no hurdle",beta_no_hurdle,volume,8372,785075.0,0.19189483721159803,0.09261563076738867,5.148007775285182,0.3130777375646586,0.8939693659841417,0.15243681212360183
2022-06,"Beta, no hurdle",beta_no_hurdle,contract_balanced,8372,143.0,0.19189483721159803,0.09261563076738867,3.0601846665961485,0.18455644268847188,0.926392828714423,0.09378110438619426
2022-06,"Hurdle beta, post-hoc coherence",hurdle_posthoc,equal,8372,8372.0,0.19189483721159803,0.09261563076738867,3.0391619863966097,0.11042087284064503,0.9671524128045867,0.061166530680518985
2022-06,"Hurdle beta, post-hoc coherence",hurdle_posthoc,volume,8372,785075.0,0.19189483721159803,0.09261563076738867,3.0261401454731045,0.2875169026697988,0.9399407699901283,0.17213942544177918
2022-06,"Hurdle beta, post-hoc coherence",hurdle_posthoc,contract_balanced,8372,143.0,0.19189483721159803,0.09261563076738867,2.2727311811410944,0.17810695354232275,0.9350099866710486,0.10822189950916425
2022-06,MHB,mhb,equal,8372,8372.0,0.19189483721159803,0.09261563076738867,3.0333834164496656,0.11044226936408746,0.9672718585762063,0.061308607205410946
2022-06,MHB,mhb,volume,8372,785075.0,0.19189483721159803,0.09261563076738867,3.0280880237098593,0.2874873705353203,0.9399407699901283,0.17246151780824728
2022-06,MHB,mhb,contract_balanced,8372,143.0,0.19189483721159803,0.09261563076738867,2.282694826604676,0.1780098154784061,0.9350099866710486,0.10842553629986498
2022-07,DR normal,dr_normal,equal,11363,11363.0,0.21085575201482112,0.10828598777058375,4.591672169512728,0.10876388103023939,0.9528293584440729,0.04445109962084636
2022-07,DR normal,dr_normal,volume,11363,1256513.0,0.21085575201482112,0.10828598777058375,6.647146731394758,0.2689798252961193,0.8465411818262126,0.09470174324606373
2022-07,DR normal,dr_normal,contract_balanced,11363,123.0,0.21085575201482112,0.10828598777058375,11.407106200508595,0.21848305426142106,0.8901505228287032,0.0456909806418758
2022-07,DR-AS normal,dras_normal,equal,11363,11363.0,0.21085575201482112,0.10828598777058375,4.017992707527129,0.10490802893595175,0.9652380533309866,0.05591411191045816
2022-07,DR-AS normal,dras_normal,volume,11363,1256513.0,0.21085575201482112,0.10828598777058375,3.4411838277399656,0.24639014624828068,0.9759079293250448,0.21916130644852835
2022-07,DR-AS normal,dras_normal,contract_balanced,11363,123.0,0.21085575201482112,0.10828598777058375,6.882541279008434,0.20787630178195396,0.9753685241637056,0.12129350051151597
2022-07,"Beta, no hurdle",beta_no_hurdle,equal,11363,11363.0,0.21085575201482112,0.10828598777058375,4.346999456933631,0.10425476463919903,0.9633019449089149,0.05270269239849913
2022-07,"Beta, no hurdle",beta_no_hurdle,volume,11363,1256513.0,0.21085575201482112,0.10828598777058375,5.9600030043161025,0.2333223136918874,0.9640457360966421,0.1839509269418748
2022-07,"Beta, no hurdle",beta_no_hurdle,contract_balanced,11363,123.0,0.21085575201482112,0.10828598777058375,6.9368094376582405,0.19421419325469502,0.9643060838273636,0.10263540127493728
2022-07,"Hurdle beta, post-hoc coherence",hurdle_posthoc,equal,11363,11363.0,0.21085575201482112,0.10828598777058375,2.827005181564693,0.10810080458190681,0.968406230748922,0.06120655140886063
2022-07,"Hurdle beta, post-hoc coherence",hurdle_posthoc,volume,11363,1256513.0,0.21085575201482112,0.10828598777058375,5.509358281127739,0.24381588503269958,0.9678371811513291,0.20448143092985274
2022-07,"Hurdle beta, post-hoc coherence",hurdle_posthoc,contract_balanced,11363,123.0,0.21085575201482112,0.10828598777058375,2.9340919295861,0.19847222384528046,0.966311146755275,0.11315017686863893
2022-07,MHB,mhb,equal,11363,11363.0,0.21085575201482112,0.10828598777058375,2.75494847843676,0.10824465817472446,0.9686702455337499,0.06147781833407648
2022-07,MHB,mhb,volume,11363,1256513.0,0.21085575201482112,0.10828598777058375,5.5085543415272396,0.24402779887503526,0.9678371811513291,0.20463082067245011
2022-07,MHB,mhb,contract_balanced,11363,123.0,0.21085575201482112,0.10828598777058375,2.8998134813003107,0.19838328921052373,0.966311146755275,0.11348897815475321
2022-08,DR normal,dr_normal,equal,9896,9896.0,0.1711412805731759,0.08645908320926234,3.8508541192524772,0.0928593965540232,0.9703920776071138,0.04268021731107545
2022-08,DR normal,dr_normal,volume,9896,637947.0,0.1711412805731759,0.08645908320926234,5.410909510947132,0.18402042764202095,0.9446129537406712,0.08130608784613032
2022-08,DR normal,dr_normal,contract_balanced,9896,113.0,0.1711412805731759,0.08645908320926234,6.648753875326571,0.15407709209467935,0.9493630976394496,0.04187553272860185
2022-08,DR-AS normal,dras_normal,equal,9896,9896.0,0.1711412805731759,0.08645908320926234,3.7484945867921207,0.09446009223597415,0.9749393694421987,0.05004536827936318
2022-08,DR-AS normal,dras_normal,volume,9896,637947.0,0.1711412805731759,0.08645908320926234,3.538421593302094,0.1834712230620693,0.9931765491490672,0.1697401973615164
2022-08,DR-AS normal,dras_normal,contract_balanced,9896,113.0,0.1711412805731759,0.08645908320926234,5.46346422809026,0.1527657735902591,0.9789521036719719,0.09231798722460191
2022-08,"Beta, no hurdle",beta_no_hurdle,equal,9896,9896.0,0.1711412805731759,0.08645908320926234,4.220426141764921,0.09260971177712636,0.9733225545675019,0.04750276617025502
2022-08,"Beta, no hurdle",beta_no_hurdle,volume,9896,637947.0,0.1711412805731759,0.08645908320926234,3.3729634933772314,0.1605060638258205,0.9790217682660158,0.13986803817004353
2022-08,"Beta, no hurdle",beta_no_hurdle,contract_balanced,9896,113.0,0.1711412805731759,0.08645908320926234,6.6158680753998045,0.13955529228519664,0.9719958294347548,0.07618382739063105
2022-08,"Hurdle beta, post-hoc coherence",hurdle_posthoc,equal,9896,9896.0,0.1711412805731759,0.08645908320926234,2.3952107096339033,0.09689561101610267,0.9702910266774453,0.05288641421143761
2022-08,"Hurdle beta, post-hoc coherence",hurdle_posthoc,volume,9896,637947.0,0.1711412805731759,0.08645908320926234,4.675085501247128,0.17229011367707492,0.9872669673186018,0.15621886380560607
2022-08,"Hurdle beta, post-hoc coherence",hurdle_posthoc,contract_balanced,9896,113.0,0.1711412805731759,0.08645908320926234,3.967154181247131,0.14767425464607048,0.9689675692218338,0.08537169513881215
2022-08,MHB,mhb,equal,9896,9896.0,0.1711412805731759,0.08645908320926234,2.160531137812267,0.09694763124176,0.9706952303961195,0.05310922977588043
2022-08,MHB,mhb,volume,9896,637947.0,0.1711412805731759,0.08645908320926234,2.6368434235684193,0.1724371768306069,0.9872685348469388,0.1563638569756519
2022-08,MHB,mhb,contract_balanced,9896,113.0,0.1711412805731759,0.08645908320926234,2.428774283445642,0.14797167670886413,0.9689778954266437,0.08548523445912284
2022-09,DR normal,dr_normal,equal,7449,7449.0,0.16846852226195855,0.08269746251973789,8.840639630186326,0.165108136160594,0.9228084306618337,0.040073048636994166
2022-09,DR normal,dr_normal,volume,7449,1089411.0,0.16846852226195855,0.08269746251973789,16.003807816582828,0.21472218316455172,0.8482427660451382,0.05493193582724063
2022-09,DR normal,dr_normal,contract_balanced,7449,106.0,0.16846852226195855,0.08269746251973789,12.249663971041112,0.19605031865047376,0.9150391474153491,0.046394234570794154
2022-09,DR-AS normal,dras_normal,equal,7449,7449.0,0.16846852226195855,0.08269746251973789,6.966484664782815,0.15310958844382466,0.9409316686803597,0.053315807412482104
2022-09,DR-AS normal,dras_normal,volume,7449,1089411.0,0.16846852226195855,0.08269746251973789,3.421372536305119,0.17878756089236283,0.981353226651833,0.15165275905009803
2022-09,DR-AS normal,dras_normal,contract_balanced,7449,106.0,0.16846852226195855,0.08269746251973789,3.361919660497935,0.15063363131419918,0.9849368102602901,0.11513038674371848
2022-09,"Beta, no hurdle",beta_no_hurdle,equal,7449,7449.0,0.16846852226195855,0.08269746251973789,8.207321478983264,0.15133390403923683,0.9398576990200025,0.049427128280583946
2022-09,"Beta, no hurdle",beta_no_hurdle,volume,7449,1089411.0,0.16846852226195855,0.08269746251973789,3.307397585914585,0.16107672591382224,0.9755298964302729,0.12316383225283903
2022-09,"Beta, no hurdle",beta_no_hurdle,contract_balanced,7449,106.0,0.16846852226195855,0.08269746251973789,3.9039798662755425,0.1394992875168223,0.9816778736630742,0.09823712540306176
2022-09,"Hurdle beta, post-hoc coherence",hurdle_posthoc,equal,7449,7449.0,0.16846852226195855,0.08269746251973789,3.364219020775539,0.15281042858449131,0.9301919720767888,0.0535639639940072
2022-09,"Hurdle beta, post-hoc coherence",hurdle_posthoc,volume,7449,1089411.0,0.16846852226195855,0.08269746251973789,2.976363367929221,0.16730183868479587,0.9782111618112908,0.1347282273588609
2022-09,"Hurdle beta, post-hoc coherence",hurdle_posthoc,contract_balanced,7449,106.0,0.16846852226195855,0.08269746251973789,2.4916318991732878,0.1419308286499488,0.9821654489279497,0.10362219843849851
2022-09,MHB,mhb,equal,7449,7449.0,0.16846852226195855,0.08269746251973789,3.3185532426279707,0.15270895169324614,0.9312659417371458,0.0537325330068931
2022-09,MHB,mhb,volume,7449,1089411.0,0.16846852226195855,0.08269746251973789,2.9745485756167027,0.16752447903603274,0.9791281710942887,0.1348867506831349
2022-09,MHB,mhb,contract_balanced,7449,106.0,0.16846852226195855,0.08269746251973789,2.474636896595767,0.14323705202262904,0.9823159083696631,0.10491133877414485
2022-10,DR normal,dr_normal,equal,3612,3612.0,0.1521045036638467,0.0776703784317408,5.814865317633537,0.14272936804507455,0.9338316722037652,0.06091567730048229
2022-10,DR normal,dr_normal,volume,3612,553028.0,0.1521045036638467,0.0776703784317408,10.258709765928991,0.20668823869327008,0.8989002365160533,0.07443872902234842
2022-10,DR normal,dr_normal,contract_balanced,3612,78.0,0.1521045036638467,0.0776703784317408,11.448400945181294,0.25095823911549486,0.8825202886390389,0.05059279610572284
2022-10,DR-AS normal,dras_normal,equal,3612,3612.0,0.1521045036638467,0.0776703784317408,5.029280401047481,0.13793550165693313,0.9548726467331117,0.07848163119283813
2022-10,DR-AS normal,dras_normal,volume,3612,553028.0,0.1521045036638467,0.0776703784317408,3.065330442534172,0.1893024253081746,0.9931016151080957,0.18177173688310133
2022-10,DR-AS normal,dras_normal,contract_balanced,3612,78.0,0.1521045036638467,0.0776703784317408,6.869031217003251,0.19524624237756405,0.9811594128077371,0.13201571743999957
2022-10,"Beta, no hurdle",beta_no_hurdle,equal,3612,3612.0,0.1521045036638467,0.0776703784317408,4.515726320008591,0.13433042637102532,0.9537652270210408,0.07285207128630289
2022-10,"Beta, no hurdle",beta_no_hurdle,volume,3612,553028.0,0.1521045036638467,0.0776703784317408,2.893952486991029,0.16006995005686292,0.9905502072227806,0.15008712525857304
2022-10,"Beta, no hurdle",beta_no_hurdle,contract_balanced,3612,78.0,0.1521045036638467,0.0776703784317408,6.748317992313383,0.1743495363950845,0.9785157675776766,0.10944936711003195
2022-10,"Hurdle beta, post-hoc coherence",hurdle_posthoc,equal,3612,3612.0,0.1521045036638467,0.0776703784317408,3.152265902744906,0.13894664079451807,0.9493355481727573,0.07979124936552683
2022-10,"Hurdle beta, post-hoc coherence",hurdle_posthoc,volume,3612,553028.0,0.1521045036638467,0.0776703784317408,2.7209050045072782,0.17531625709086812,0.9930546012136818,0.1670236956072692
2022-10,"Hurdle beta, post-hoc coherence",hurdle_posthoc,contract_balanced,3612,78.0,0.1521045036638467,0.0776703784317408,4.225669371046642,0.1830789556598129,0.9798533784698422,0.11774526827088708
2022-10,MHB,mhb,equal,3612,3612.0,0.1521045036638467,0.0776703784317408,2.9424767843334925,0.1394268180417169,0.9490586932447396,0.08030986363327283
2022-10,MHB,mhb,volume,3612,553028.0,0.1521045036638467,0.0776703784317408,2.7199033691803076,0.175313702780871,0.9930546012136818,0.16701442845257652
2022-10,MHB,mhb,contract_balanced,3612,78.0,0.1521045036638467,0.0776703784317408,4.225970133932995,0.18306350645225092,0.9795246473718804,0.11775914144007611
2022-11,DR normal,dr_normal,equal,1013,1013.0,0.13717453676521246,0.0710545379806028,32.8997611470926,0.6143148665364255,0.824284304047384,0.077245074169326
2022-11,DR normal,dr_normal,volume,1013,354608.0,0.13717453676521246,0.0710545379806028,6.708255416373945,0.2768943739814798,0.7879404863962459,0.0639592376107918
2022-11,DR normal,dr_normal,contract_balanced,1013,71.0,0.13717453676521246,0.0710545379806028,202.30663400532652,3.0168992762312,0.4436671304489823,0.039370263087784185
2022-11,DR-AS normal,dras_normal,equal,1013,1013.0,0.13717453676521246,0.0710545379806028,28.865452175288436,0.5603735619028278,0.8746298124383021,0.11344342447739954
2022-11,DR-AS normal,dras_normal,volume,1013,354608.0,0.13717453676521246,0.0710545379806028,3.281505786365992,0.22033734395144655,0.9749300636195462,0.18046566687127508
2022-11,DR-AS normal,dras_normal,contract_balanced,1013,71.0,0.13717453676521246,0.0710545379806028,184.85410630517197,2.804105184951377,0.5749050434417623,0.11215305090781229
2022-11,"Beta, no hurdle",beta_no_hurdle,equal,1013,1013.0,0.13717453676521246,0.0710545379806028,29.710113708730432,0.565716160277179,0.8657453109575519,0.10176581692445172
2022-11,"Beta, no hurdle",beta_no_hurdle,volume,1013,354608.0,0.13717453676521246,0.0710545379806028,3.5114284289297784,0.20643822411818213,0.9707000406082209,0.14726281519483378
2022-11,"Beta, no hurdle",beta_no_hurdle,contract_balanced,1013,71.0,0.13717453676521246,0.0710545379806028,185.54988313302334,2.835796498642509,0.5531792596728957,0.09343633322099017
2022-11,"Hurdle beta, post-hoc coherence",hurdle_posthoc,equal,1013,1013.0,0.13717453676521246,0.0710545379806028,19.581339266842054,0.5647741832254858,0.8726554787759131,0.11929918605442227
2022-11,"Hurdle beta, post-hoc coherence",hurdle_posthoc,volume,1013,354608.0,0.13717453676521246,0.0710545379806028,3.10514879035056,0.2138423637370663,0.9719041871587781,0.16097606813257992
2022-11,"Hurdle beta, post-hoc coherence",hurdle_posthoc,contract_balanced,1013,71.0,0.13717453676521246,0.0710545379806028,128.86216370646997,2.788158892975769,0.5390647920532007,0.104966444016054
2022-11,MHB,mhb,equal,1013,1013.0,0.13717453676521246,0.0710545379806028,18.668192024851287,0.56456774074915,0.8726554787759131,0.1196535756759701
2022-11,MHB,mhb,volume,1013,354608.0,0.13717453676521246,0.0710545379806028,3.1067185702248814,0.21388850833928952,0.9717998465911654,0.1609700133979113
2022-11,MHB,mhb,contract_balanced,1013,71.0,0.13717453676521246,0.0710545379806028,126.94291273571893,2.786165103316329,0.5390647447642243,0.10471068691219251
2022-12,DR normal,dr_normal,equal,884,884.0,0.13337427464390353,0.07032394245781719,23.708950811386195,0.4285155965398243,0.8812217194570134,0.09874102058563365
2022-12,DR normal,dr_normal,volume,884,379897.0,0.13337427464390353,0.07032394245781719,11.27886645201694,0.28227633556137555,0.813817955919631,0.08508965244904669
2022-12,DR normal,dr_normal,contract_balanced,884,56.00000000000001,0.13337427464390353,0.07032394245781719,61.505597717671385,0.9683235626968932,0.7845937989781637,0.053164211243953395
2022-12,DR-AS normal,dras_normal,equal,884,884.0,0.13337427464390353,0.07032394245781719,17.514426475950696,0.3920583127341517,0.920814479638009,0.13044460713933592
2022-12,DR-AS normal,dras_normal,volume,884,379897.0,0.13337427464390353,0.07032394245781719,3.397551559812446,0.28221232774278604,0.9884547653706136,0.21105042658049417
2022-12,DR-AS normal,dras_normal,contract_balanced,884,56.00000000000001,0.13337427464390353,0.07032394245781719,31.442308261881806,0.8293916607406833,0.876640568682425,0.12276902863084793
2022-12,"Beta, no hurdle",beta_no_hurdle,equal,884,884.0,0.13337427464390353,0.07032394245781719,19.31412328603456,0.3903953878473072,0.9140271493212668,0.1221654133896577
2022-12,"Beta, no hurdle",beta_no_hurdle,volume,884,379897.0,0.13337427464390353,0.07032394245781719,3.3883075683332717,0.2682758027164144,0.9853118082006438,0.18610146920503357
2022-12,"Beta, no hurdle",beta_no_hurdle,contract_balanced,884,56.00000000000001,0.13337427464390353,0.07032394245781719,33.39448251978061,0.8382119369292484,0.8843994516479141,0.1094909154425811
2022-12,"Hurdle beta, post-hoc coherence",hurdle_posthoc,equal,884,884.0,0.13337427464390353,0.07032394245781719,15.437086650997353,0.4009259441122123,0.9219457013574659,0.1418399086529658
2022-12,"Hurdle beta, post-hoc coherence",hurdle_posthoc,volume,884,379897.0,0.13337427464390353,0.07032394245781719,3.089459767117647,0.27693325939927504,0.9863910480998797,0.1991863373401421
2022-12,"Hurdle beta, post-hoc coherence",hurdle_posthoc,contract_balanced,884,56.00000000000001,0.13337427464390353,0.07032394245781719,30.25429893894126,0.8364674065653324,0.8546972483622515,0.11619017459080891
2022-12,MHB,mhb,equal,884,884.0,0.13337427464390353,0.07032394245781719,14.597856226082412,0.40097497636572277,0.9230769230769229,0.14243794359163534
2022-12,MHB,mhb,volume,884,379897.0,0.13337427464390353,0.07032394245781719,3.0830640194640697,0.2768158292301164,0.9863910480998797,0.19911298004119443
2022-12,MHB,mhb,contract_balanced,884,56.00000000000001,0.13337427464390353,0.07032394245781719,30.06929543609268,0.8366361055199256,0.8546972483622515,0.11654084286102889
2023-01,DR normal,dr_normal,equal,437,437.0,0.13072317245364592,0.06959804106373137,20.238856335212482,0.42317211878678473,0.8215102974828374,0.09183974471564707
2023-01,DR normal,dr_normal,volume,437,229733.0,0.13072317245364592,0.06959804106373137,8.741772223126874,0.20826720016883252,0.8302942981635202,0.07091317834371644
2023-01,DR normal,dr_normal,contract_balanced,437,35.0,0.13072317245364592,0.06959804106373137,57.170078553366125,0.9601977149203171,0.5939463245403436,0.055602211521487754
2023-01,DR-AS normal,dras_normal,equal,437,437.0,0.13072317245364592,0.06959804106373137,16.7515775202092,0.38059208546120227,0.8764302059496567,0.12771421948092943
2023-01,DR-AS normal,dras_normal,volume,437,229733.0,0.13072317245364592,0.06959804106373137,3.2833941670285025,0.19653254949500576,0.9978801478237779,0.19198973851078927
2023-01,DR-AS normal,dras_normal,contract_balanced,437,35.0,0.13072317245364592,0.06959804106373137,31.355697581849224,0.7974894671175894,0.7733143690601573,0.13412935625704656
2023-01,"Beta, no hurdle",beta_no_hurdle,equal,437,437.0,0.13072317245364592,0.06959804106373137,17.143885723096233,0.37560697834684253,0.8649885583524026,0.11817345069349308
2023-01,"Beta, no hurdle",beta_no_hurdle,volume,437,229733.0,0.13072317245364592,0.06959804106373137,3.123942046911343,0.18434170823622506,0.9388551057096717,0.1722781993284023
2023-01,"Beta, no hurdle",beta_no_hurdle,contract_balanced,437,35.0,0.13072317245364592,0.06959804106373137,31.37643805016757,0.788502543235923,0.7674955550862046,0.11572807201264591
2023-01,"Hurdle beta, post-hoc coherence",hurdle_posthoc,equal,437,437.0,0.13072317245364592,0.06959804106373137,10.71237968923345,0.37602864650183343,0.8855835240274599,0.13555165580981388
2023-01,"Hurdle beta, post-hoc coherence",hurdle_posthoc,volume,437,229733.0,0.13072317245364592,0.06959804106373137,3.1043782148703594,0.19152314141016355,0.9934053879938884,0.18542470446878953
2023-01,"Hurdle beta, post-hoc coherence",hurdle_posthoc,contract_balanced,437,35.0,0.13072317245364592,0.06959804106373137,19.85258133545031,0.7942115744926228,0.7825454828793048,0.12627622711293857
2023-01,MHB,mhb,equal,437,437.0,0.13072317245364592,0.06959804106373137,10.576233942044244,0.3764438299101821,0.8855835240274599,0.1362510510587283
2023-01,MHB,mhb,volume,437,229733.0,0.13072317245364592,0.06959804106373137,3.1007577024768267,0.19144065878189567,0.9934053879938884,0.18535930170983905
2023-01,MHB,mhb,contract_balanced,437,35.0,0.13072317245364592,0.06959804106373137,19.039258359831972,0.7935946775475543,0.7825454828793048,0.12632457699915722
2023-02,DR normal,dr_normal,equal,492,492.0,0.1258857738975991,0.0679626960974761,66.20724582873859,0.7399875285016988,0.7235772357723578,0.060553999236875176
2023-02,DR normal,dr_normal,volume,492,336400.0,0.1258857738975991,0.0679626960974761,18.604241721395468,0.20079837548495386,0.8468252080856125,0.06596289827631886
2023-02,DR normal,dr_normal,contract_balanced,492,42.0,0.1258857738975991,0.0679626960974761,179.78334900015165,1.2595374856380914,0.48243366510973645,0.03757099910705741
2023-02,DR-AS normal,dras_normal,equal,492,492.0,0.1258857738975991,0.0679626960974761,50.877765440190544,0.6807866762714756,0.788617886178862,0.10973795328922692
2023-02,DR-AS normal,dras_normal,volume,492,336400.0,0.1258857738975991,0.0679626960974761,3.4147721365403036,0.2321434505373846,0.967511890606421,0.20760287375892034
2023-02,DR-AS normal,dras_normal,contract_balanced,492,42.0,0.1258857738975991,0.0679626960974761,77.74932046599542,0.9659654109054963,0.7418205234264204,0.15561752931782064
2023-02,"Beta, no hurdle",beta_no_hurdle,equal,492,492.0,0.1258857738975991,0.0679626960974761,51.981366320203186,0.6764441049659742,0.7865853658536587,0.0954336247492813
2023-02,"Beta, no hurdle",beta_no_hurdle,volume,492,336400.0,0.1258857738975991,0.0679626960974761,3.438920192303063,0.21072290330405535,0.9644381688466113,0.1733167545289041
2023-02,"Beta, no hurdle",beta_no_hurdle,contract_balanced,492,42.0,0.1258857738975991,0.0679626960974761,78.44614555940453,0.9583630269060537,0.7135014538631111,0.12808446182317343
2023-02,"Hurdle beta, post-hoc coherence",hurdle_posthoc,equal,492,492.0,0.1258857738975991,0.0679626960974761,29.241107267764754,0.6718115953899041,0.7987804878048782,0.1097505315577927
2023-02,"Hurdle beta, post-hoc coherence",hurdle_posthoc,volume,492,336400.0,0.1258857738975991,0.0679626960974761,3.134004777564047,0.21403233398059981,0.9798929845422117,0.1858880256067244
2023-02,"Hurdle beta, post-hoc coherence",hurdle_posthoc,contract_balanced,492,42.0,0.1258857738975991,0.0679626960974761,36.41174184897183,0.9537953417848624,0.7572285307086779,0.13762719928358588
2023-02,MHB,mhb,equal,492,492.0,0.1258857738975991,0.0679626960974761,29.18077246312958,0.6717060798437953,0.7967479674796749,0.10973402427512359
2023-02,MHB,mhb,volume,492,336400.0,0.1258857738975991,0.0679626960974761,3.1390137558699513,0.21403480577329276,0.9798929845422117,0.1858953577967843
2023-02,MHB,mhb,contract_balanced,492,42.0,0.1258857738975991,0.0679626960974761,36.24710974596007,0.9541015516992605,0.7548475783277255,0.1376077608159337
2023-03,DR normal,dr_normal,equal,2295,2295.0,0.1220482666256158,0.0659646801805133,59.32398044319081,0.8568449563721365,0.7224400871459695,0.049968701346533057
2023-03,DR normal,dr_normal,volume,2295,1111279.0,0.1220482666256158,0.0659646801805133,15.992333571666922,0.45062144324701187,0.8187610852000263,0.09880255471650892
2023-03,DR normal,dr_normal,contract_balanced,2295,54.0,0.1220482666256158,0.0659646801805133,82.73935041160786,1.1392864467980344,0.6699036791263657,0.04495930151935968
2023-03,DR-AS normal,dras_normal,equal,2295,2295.0,0.1220482666256158,0.0659646801805133,51.64727986255252,0.8022373108593903,0.7660130718954248,0.08064393364036457
2023-03,DR-AS normal,dras_normal,volume,2295,1111279.0,0.1220482666256158,0.0659646801805133,3.4997933040633695,0.3060356949916825,0.9593162473150307,0.20487557452159688
2023-03,DR-AS normal,dras_normal,contract_balanced,2295,54.0,0.1220482666256158,0.0659646801805133,21.010769856255294,0.6810622336920157,0.9266186212219903,0.24564176150001682
2023-03,"Beta, no hurdle",beta_no_hurdle,equal,2295,2295.0,0.1220482666256158,0.0659646801805133,53.000043863945486,0.8050008399943072,0.7647058823529412,0.07374961256459603
2023-03,"Beta, no hurdle",beta_no_hurdle,volume,2295,1111279.0,0.1220482666256158,0.0659646801805133,9.881690213157757,0.30704168001969057,0.9574760253725663,0.1852928522954402
2023-03,"Beta, no hurdle",beta_no_hurdle,contract_balanced,2295,54.0,0.1220482666256158,0.0659646801805133,24.785658645797973,0.6764465917267557,0.9229043118576756,0.21623607545958135
2023-03,"Hurdle beta, post-hoc coherence",hurdle_posthoc,equal,2295,2295.0,0.1220482666256158,0.0659646801805133,38.830792033989795,0.7867707769212533,0.7917211328976035,0.08409876735108876
2023-03,"Hurdle beta, post-hoc coherence",hurdle_posthoc,volume,2295,1111279.0,0.1220482666256158,0.0659646801805133,9.759065660313487,0.3079631320146444,0.9595322146823616,0.19714872626962393
2023-03,"Hurdle beta, post-hoc coherence",hurdle_posthoc,contract_balanced,2295,54.0,0.1220482666256158,0.0659646801805133,13.570800072793228,0.6729384268170714,0.9253502668251818,0.2286097400209534
2023-03,MHB,mhb,equal,2295,2295.0,0.1220482666256158,0.0659646801805133,38.732445870961,0.7865651954324862,0.7917211328976035,0.08420453940922876
2023-03,MHB,mhb,volume,2295,1111279.0,0.1220482666256158,0.0659646801805133,9.757836295997667,0.30813021905256466,0.9595322146823616,0.19729620863787375
2023-03,MHB,mhb,contract_balanced,2295,54.0,0.1220482666256158,0.0659646801805133,12.921246255122082,0.6724615104894962,0.9253502668251818,0.22845204458341017
2023-04,DR normal,dr_normal,equal,911,911.0,0.11910169117920544,0.066950911596793,11.288752781871075,0.2698792245947224,0.8221734357848516,0.07513246696261457
2023-04,DR normal,dr_normal,volume,911,638368.0,0.11910169117920544,0.066950911596793,3.333830275594839,0.12465320466411405,0.916853601684295,0.07240565245010457
2023-04,DR normal,dr_normal,contract_balanced,911,43.0,0.11910169117920544,0.066950911596793,25.77065471432827,0.3076869645682081,0.7257934157778536,0.04753043370921935
2023-04,DR-AS normal,dras_normal,equal,911,911.0,0.11910169117920544,0.066950911596793,9.353386643957387,0.2605760624151543,0.8660812294182216,0.10605585890947047
2023-04,DR-AS normal,dras_normal,volume,911,638368.0,0.11910169117920544,0.066950911596793,3.04084038921616,0.17627226881264535,0.9915487618426988,0.1624042579452631
2023-04,DR-AS normal,dras_normal,contract_balanced,911,43.0,0.11910169117920544,0.066950911596793,3.511746469725032,0.21088822661464277,0.8873109431626154,0.1410327971238652
2023-04,"Beta, no hurdle",beta_no_hurdle,equal,911,911.0,0.11910169117920544,0.066950911596793,8.581393647356917,0.25654438410504304,0.8605927552140503,0.09726872076384076
2023-04,"Beta, no hurdle",beta_no_hurdle,volume,911,638368.0,0.11910169117920544,0.066950911596793,2.899416621773996,0.15187578337764052,0.9899791342924458,0.1369479613347948
2023-04,"Beta, no hurdle",beta_no_hurdle,contract_balanced,911,43.0,0.11910169117920544,0.066950911596793,3.4993895814957217,0.19985470358965002,0.8853746862055578,0.11802784111149145
2023-04,"Hurdle beta, post-hoc coherence",hurdle_posthoc,equal,911,911.0,0.11910169117920544,0.066950911596793,5.604407838766707,0.24943533957144987,0.8847420417124039,0.1127395753358508
2023-04,"Hurdle beta, post-hoc coherence",hurdle_posthoc,volume,911,638368.0,0.11910169117920544,0.066950911596793,2.5518418585822626,0.16102940506701824,0.9921706601834678,0.14905443034988974
2023-04,"Hurdle beta, post-hoc coherence",hurdle_posthoc,contract_balanced,911,43.0,0.11910169117920544,0.066950911596793,3.1687231135907474,0.19915947443474313,0.8880279764671479,0.1302220854119773
2023-04,MHB,mhb,equal,911,911.0,0.11910169117920544,0.066950911596793,5.605034666192989,0.24958306678445713,0.8847420417124039,0.11309745382765428
2023-04,MHB,mhb,volume,911,638368.0,0.11910169117920544,0.066950911596793,2.5529711992468282,0.16118668416320003,0.9921706601834678,0.14922069813546088
2023-04,MHB,mhb,contract_balanced,911,43.0,0.11910169117920544,0.066950911596793,3.165761671691251,0.1990356216512561,0.8880279764671479,0.1303024683238918
2023-05,DR normal,dr_normal,equal,1006,1006.0,0.11237357920752374,0.06278259209811546,10.85118920927484,0.2880439133829681,0.84493041749503,0.06180407404184617
2023-05,DR normal,dr_normal,volume,1006,704202.0,0.11237357920752374,0.06278259209811546,3.842018322756114,0.21486011025545892,0.8268749591736462,0.08398993493653711
2023-05,DR normal,dr_normal,contract_balanced,1006,43.99999999999999,0.11237357920752374,0.06278259209811546,8.65148592982641,0.23806491636299798,0.8215004059593974,0.057429567985327265
2023-05,DR-AS normal,dras_normal,equal,1006,1006.0,0.11237357920752374,0.06278259209811546,8.792966017471787,0.269044223051065,0.8946322067594434,0.09881692426336636
2023-05,DR-AS normal,dras_normal,volume,1006,704202.0,0.11237357920752374,0.06278259209811546,3.1405900025222913,0.187981879703755,0.9830602582781645,0.1734521461732688
2023-05,DR-AS normal,dras_normal,contract_balanced,1006,43.99999999999999,0.11237357920752374,0.06278259209811546,7.102839165554165,0.24396938577053423,0.9530844653320704,0.17958473297787642
2023-05,"Beta, no hurdle",beta_no_hurdle,equal,1006,1006.0,0.11237357920752374,0.06278259209811546,9.737217322746208,0.2671377983357248,0.892644135188867,0.08921865588774534
2023-05,"Beta, no hurdle",beta_no_hurdle,volume,1006,704202.0,0.11237357920752374,0.06278259209811546,7.698019238869777,0.17740152610318247,0.9804203907401567,0.15795216954603486
2023-05,"Beta, no hurdle",beta_no_hurdle,contract_balanced,1006,43.99999999999999,0.11237357920752374,0.06278259209811546,6.286732308688667,0.2280182644164899,0.9496529324428256,0.1492696027215788
2023-05,"Hurdle beta, post-hoc coherence",hurdle_posthoc,equal,1006,1006.0,0.11237357920752374,0.06278259209811546,6.319560543248421,0.2626179527415061,0.8956262425447317,0.10185798614697203
2023-05,"Hurdle beta, post-hoc coherence",hurdle_posthoc,volume,1006,704202.0,0.11237357920752374,0.06278259209811546,7.342823739766159,0.1853442471556054,0.9811801159326443,0.16998306048549472
2023-05,"Hurdle beta, post-hoc coherence",hurdle_posthoc,contract_balanced,1006,43.99999999999999,0.11237357920752374,0.06278259209811546,4.652506662781049,0.23126455264032608,0.9475598693741498,0.16336961882087286
2023-05,MHB,mhb,equal,1006,1006.0,0.11237357920752374,0.06278259209811546,6.309558084542973,0.26195742477803713,0.89662027833002,0.10221362844995632
2023-05,MHB,mhb,volume,1006,704202.0,0.11237357920752374,0.06278259209811546,7.3368985106724764,0.18542370644568382,0.9812085168744196,0.17002556385141585
2023-05,MHB,mhb,contract_balanced,1006,43.99999999999999,0.11237357920752374,0.06278259209811546,4.6175708200455,0.23137033189650766,0.9476935985458312,0.1634672155604414
2023-06,DR normal,dr_normal,equal,940,940.0,0.10634459813826315,0.06001926766607042,19.960204743625756,0.4347044125254565,0.8212765957446808,0.07083524086417563
2023-06,DR normal,dr_normal,volume,940,483320.0,0.10634459813826315,0.06001926766607042,11.37942653034629,0.2436104084025999,0.8792435653397335,0.0683005486040823
2023-06,DR normal,dr_normal,contract_balanced,940,45.0,0.10634459813826315,0.06001926766607042,35.023964572963365,0.5013756965242234,0.7310961528946076,0.05202058291354645
2023-06,DR-AS normal,dras_normal,equal,940,940.0,0.10634459813826315,0.06001926766607042,16.347766100102362,0.4045249726984629,0.8808510638297873,0.11478379461683
2023-06,DR-AS normal,dras_normal,volume,940,483320.0,0.10634459813826315,0.06001926766607042,6.400094324721164,0.2578232232871468,0.9877162128610444,0.1728720719926257
2023-06,DR-AS normal,dras_normal,contract_balanced,940,45.0,0.10634459813826315,0.06001926766607042,22.48854061702076,0.49883480603790126,0.8863626433337684,0.17174104262193163
2023-06,"Beta, no hurdle",beta_no_hurdle,equal,940,940.0,0.10634459813826315,0.06001926766607042,16.67867713806819,0.39752910121869234,0.8744680851063829,0.10259811537268182
2023-06,"Beta, no hurdle",beta_no_hurdle,volume,940,483320.0,0.10634459813826315,0.06001926766607042,6.376580955497719,0.2367478924319815,0.9780021517834975,0.14524505414973782
2023-06,"Beta, no hurdle",beta_no_hurdle,contract_balanced,940,45.0,0.10634459813826315,0.06001926766607042,23.38573664289529,0.479674537219854,0.8802095505977551,0.14267183171709497
2023-06,"Hurdle beta, post-hoc coherence",hurdle_posthoc,equal,940,940.0,0.10634459813826315,0.06001926766607042,12.91416513378892,0.39457035756392567,0.8978723404255319,0.11883025524472463
2023-06,"Hurdle beta, post-hoc coherence",hurdle_posthoc,volume,940,483320.0,0.10634459813826315,0.06001926766607042,5.887743962536926,0.2463410388466667,0.987621037821733,0.1582334177328773
2023-06,"Hurdle beta, post-hoc coherence",hurdle_posthoc,contract_balanced,940,45.0,0.10634459813826315,0.06001926766607042,6.625806116289963,0.4736628527496758,0.8835905997090068,0.1560801277738105
2023-06,MHB,mhb,equal,940,940.0,0.10634459813826315,0.06001926766607042,12.878718756744354,0.3945036504045111,0.8978723404255319,0.11895375323434768
2023-06,MHB,mhb,volume,940,483320.0,0.10634459813826315,0.06001926766607042,5.886365782296203,0.2463757442574375,0.987621037821733,0.15825796879365753
2023-06,MHB,mhb,contract_balanced,940,45.0,0.10634459813826315,0.06001926766607042,6.582985241088429,0.47256463493234113,0.8835905997090068,0.1560768210247129
2023-07,DR normal,dr_normal,equal,2106,2106.0,0.14886556516101307,0.0845535861567032,39.93304300959402,0.7939895127278274,0.8152896486229821,0.06248573034941534
2023-07,DR normal,dr_normal,volume,2106,371255.0,0.14886556516101307,0.0845535861567032,6.892910860229872,0.27937320254002407,0.885749686872904,0.07107746386733291
2023-07,DR normal,dr_normal,contract_balanced,2106,89.0,0.14886556516101307,0.0845535861567032,35.99462449581354,0.7167395884688813,0.7788437870028462,0.05282034400883985
2023-07,DR-AS normal,dras_normal,equal,2106,2106.0,0.14886556516101307,0.0845535861567032,37.89254420791398,0.7709271203295239,0.8361823361823364,0.0795724767966518
2023-07,DR-AS normal,dras_normal,volume,2106,371255.0,0.14886556516101307,0.0845535861567032,3.239486923989701,0.2780797458094586,0.9831140321342473,0.18576027454196237
2023-07,DR-AS normal,dras_normal,contract_balanced,2106,89.0,0.14886556516101307,0.0845535861567032,29.70971760362832,0.6760698541465925,0.8825504624132938,0.12729851807951226
2023-07,"Beta, no hurdle",beta_no_hurdle,equal,2106,2106.0,0.14886556516101307,0.0845535861567032,35.96942098302495,0.7697501921586838,0.834757834757835,0.07530773710497597
2023-07,"Beta, no hurdle",beta_no_hurdle,volume,2106,371255.0,0.14886556516101307,0.0845535861567032,3.1806160638600103,0.2594567212407112,0.982327510740596,0.15363200493616597
2023-07,"Beta, no hurdle",beta_no_hurdle,contract_balanced,2106,89.0,0.14886556516101307,0.0845535861567032,29.76642728044186,0.66995750179771,0.8804541473289088,0.1107963532767753
2023-07,"Hurdle beta, post-hoc coherence",hurdle_posthoc,equal,2106,2106.0,0.14886556516101307,0.0845535861567032,29.31039393942888,0.7730712268948648,0.8342830009496679,0.08739381671375696
2023-07,"Hurdle beta, post-hoc coherence",hurdle_posthoc,volume,2106,371255.0,0.14886556516101307,0.0845535861567032,2.726266595213791,0.2681060042373626,0.9833079689162435,0.16809887401294796
2023-07,"Hurdle beta, post-hoc coherence",hurdle_posthoc,contract_balanced,2106,89.0,0.14886556516101307,0.0845535861567032,21.0913811153847,0.6745455668997538,0.8676505397125924,0.12324474841076803
2023-07,MHB,mhb,equal,2106,2106.0,0.14886556516101307,0.0845535861567032,28.95542041145999,0.7724357563743494,0.8371320037986707,0.08777710301169317
2023-07,MHB,mhb,volume,2106,371255.0,0.14886556516101307,0.0845535861567032,2.7240962621675946,0.26796385723324867,0.9833079689162435,0.16809553006188863
2023-07,MHB,mhb,contract_balanced,2106,89.0,0.14886556516101307,0.0845535861567032,20.656570262422516,0.673976949578907,0.8699846756141439,0.1233721871307288
2023-08,DR normal,dr_normal,equal,1898,1898.0,0.14894771767583437,0.08450333661968809,10.475003438027885,0.24703093029331868,0.8904109589041094,0.03911530341484565
2023-08,DR normal,dr_normal,volume,1898,235948.0,0.14894771767583437,0.08450333661968809,11.85896405952795,0.21530593411065244,0.8499287978707172,0.06681568466915323
2023-08,DR normal,dr_normal,contract_balanced,1898,72.0,0.14894771767583437,0.08450333661968809,20.688508741208086,0.25425109415754593,0.8614529268896436,0.04594188936303546
2023-08,DR-AS normal,dras_normal,equal,1898,1898.0,0.14894771767583437,0.08450333661968809,7.502864155536421,0.23553422605111834,0.9157007376185455,0.06836693684541609
2023-08,DR-AS normal,dras_normal,volume,1898,235948.0,0.14894771767583437,0.08450333661968809,3.428619541062817,0.28509622242604915,0.9946852696356824,0.2821122102147247
2023-08,DR-AS normal,dras_normal,contract_balanced,1898,72.0,0.14894771767583437,0.08450333661968809,3.7985516231001495,0.2355213552446219,0.9658629004825696,0.1541345681870854
2023-08,"Beta, no hurdle",beta_no_hurdle,equal,1898,1898.0,0.14894771767583437,0.08450333661968809,7.61448387597229,0.23125589453426595,0.9157007376185455,0.06177210002941819
2023-08,"Beta, no hurdle",beta_no_hurdle,volume,1898,235948.0,0.14894771767583437,0.08450333661968809,3.2661672768488152,0.24283494568477418,0.9946810314137012,0.23746129803795837
2023-08,"Beta, no hurdle",beta_no_hurdle,contract_balanced,1898,72.0,0.14894771767583437,0.08450333661968809,3.775075881642533,0.21583169986043885,0.9658623257778529,0.13316209919878116
2023-08,"Hurdle beta, post-hoc coherence",hurdle_posthoc,equal,1898,1898.0,0.14894771767583437,0.08450333661968809,6.654358989611082,0.2299132851294035,0.9278187565858795,0.07037145304502859
2023-08,"Hurdle beta, post-hoc coherence",hurdle_posthoc,volume,1898,235948.0,0.14894771767583437,0.08450333661968809,3.0029993775386497,0.25785197539733334,0.9954905318120942,0.25392172838081306
2023-08,"Hurdle beta, post-hoc coherence",hurdle_posthoc,contract_balanced,1898,72.0,0.14894771767583437,0.08450333661968809,2.9681694920852078,0.2226128300070056,0.9673465446885248,0.14301888897172743
2023-08,MHB,mhb,equal,1898,1898.0,0.14894771767583437,0.08450333661968809,6.6183853134520625,0.2297494898893943,0.9283456269757637,0.07050671013280574
2023-08,MHB,mhb,volume,1898,235948.0,0.14894771767583437,0.08450333661968809,3.0107574120028873,0.25770574454612644,0.9955329140319054,0.2537837500474954
2023-08,MHB,mhb,contract_balanced,1898,72.0,0.14894771767583437,0.08450333661968809,2.946180804685154,0.2228097450734936,0.9674912206144508,0.1433122146593051
2023-09,DR normal,dr_normal,equal,1884,1884.0,0.14455022727456276,0.08207822266473885,24.62474751912066,0.3922380147049213,0.8816348195329087,0.04487288405785279
2023-09,DR normal,dr_normal,volume,1884,384528.0,0.14455022727456276,0.08207822266473885,4.0603231940151945,0.3077289443122684,0.935008633961636,0.10496885009082041
2023-09,DR normal,dr_normal,contract_balanced,1884,63.99999999999999,0.14455022727456276,0.08207822266473885,21.759085856549902,0.431754645712223,0.8762572142265628,0.044800451687042275
2023-09,DR-AS normal,dras_normal,equal,1884,1884.0,0.14455022727456276,0.08207822266473885,24.63814171210065,0.39640035480085006,0.8895966029723992,0.05890086083338313
2023-09,DR-AS normal,dras_normal,volume,1884,384528.0,0.14455022727456276,0.08207822266473885,4.190344590660079,0.32408734274566925,0.9737704406441143,0.20003277965025068
2023-09,DR-AS normal,dras_normal,contract_balanced,1884,63.99999999999999,0.14455022727456276,0.08207822266473885,21.52265620054769,0.44963054867130936,0.9173717944782007,0.11061583317811713
2023-09,"Beta, no hurdle",beta_no_hurdle,equal,1884,1884.0,0.14455022727456276,0.08207822266473885,24.663768149872123,0.39377251370484767,0.888004246284501,0.0548319096039227
2023-09,"Beta, no hurdle",beta_no_hurdle,volume,1884,384528.0,0.14455022727456276,0.08207822266473885,4.137470451559241,0.3211230086149445,0.9708577788873631,0.17994269640335087
2023-09,"Beta, no hurdle",beta_no_hurdle,contract_balanced,1884,63.99999999999999,0.14455022727456276,0.08207822266473885,21.330788503106984,0.4354229635348057,0.9166678862701807,0.09566817863798358
2023-09,"Hurdle beta, post-hoc coherence",hurdle_posthoc,equal,1884,1884.0,0.14455022727456276,0.08207822266473885,21.07775917741759,0.39268333396896044,0.9171974522292994,0.0621633936592073
2023-09,"Hurdle beta, post-hoc coherence",hurdle_posthoc,volume,1884,384528.0,0.14455022727456276,0.08207822266473885,3.9196766704160066,0.3170700648877074,0.973778242416677,0.18634772056240526
2023-09,"Hurdle beta, post-hoc coherence",hurdle_posthoc,contract_balanced,1884,63.99999999999999,0.14455022727456276,0.08207822266473885,16.522129627746814,0.4359463265711479,0.9276789382145233,0.101667109094469
2023-09,MHB,mhb,equal,1884,1884.0,0.14455022727456276,0.08207822266473885,21.089979356567042,0.39283322989300057,0.9182590233545648,0.06244603000654725
2023-09,MHB,mhb,volume,1884,384528.0,0.14455022727456276,0.08207822266473885,3.930893756519346,0.31802970450270607,0.973778242416677,0.18778394212619656
2023-09,MHB,mhb,contract_balanced,1884,63.99999999999999,0.14455022727456276,0.08207822266473885,16.511595580779762,0.4367380690183816,0.9290376338666971,0.10265920191561731
2023-10,DR normal,dr_normal,equal,1776,1776.0,0.1409460739539492,0.08048939141756484,21.332789960544865,0.3379328083172903,0.8119369369369371,0.031598722479606836
2023-10,DR normal,dr_normal,volume,1776,595080.0,0.1409460739539492,0.08048939141756484,2.4278007925129117,0.07553273212407624,0.927389594676346,0.038270150486790146
2023-10,DR normal,dr_normal,contract_balanced,1776,51.0,0.1409460739539492,0.08048939141756484,71.45498210526702,1.079772560770187,0.7264551873951666,0.02995660306033609
2023-10,DR-AS normal,dras_normal,equal,1776,1776.0,0.1409460739539492,0.08048939141756484,19.368128396846053,0.33631025281131544,0.8327702702702704,0.053029532285014794
2023-10,DR-AS normal,dras_normal,volume,1776,595080.0,0.1409460739539492,0.08048939141756484,2.791492371039036,0.15202199404279376,0.9974742891712038,0.14879282216526113
2023-10,DR-AS normal,dras_normal,contract_balanced,1776,51.0,0.1409460739539492,0.08048939141756484,43.96887788174529,1.0257210128786394,0.7801905004834893,0.099897823334712
2023-10,"Beta, no hurdle",beta_no_hurdle,equal,1776,1776.0,0.1409460739539492,0.08048939141756484,19.89755963042839,0.3315428256802989,0.8305180180180182,0.04738894517928095
2023-10,"Beta, no hurdle",beta_no_hurdle,volume,1776,595080.0,0.1409460739539492,0.08048939141756484,2.67474482824381,0.13102027862291016,0.995869462929354,0.1266537276270991
2023-10,"Beta, no hurdle",beta_no_hurdle,contract_balanced,1776,51.0,0.1409460739539492,0.08048939141756484,43.28482691758203,1.009076478661347,0.7788282407142533,0.08247427134899732
2023-10,"Hurdle beta, post-hoc coherence",hurdle_posthoc,equal,1776,1776.0,0.1409460739539492,0.08048939141756484,16.069026763716987,0.32588525949531416,0.8716216216216217,0.054114984929663046
2023-10,"Hurdle beta, post-hoc coherence",hurdle_posthoc,volume,1776,595080.0,0.1409460739539492,0.08048939141756484,2.370618130788164,0.1388651969901415,0.99748101095651,0.13521626503194234
2023-10,"Hurdle beta, post-hoc coherence",hurdle_posthoc,contract_balanced,1776,51.0,0.1409460739539492,0.08048939141756484,23.850824772989327,1.0056447867054918,0.8023619230113574,0.08984704680138075
2023-10,MHB,mhb,equal,1776,1776.0,0.1409460739539492,0.08048939141756484,15.979451922934652,0.3258761345324257,0.8710585585585586,0.05412787740716032
2023-10,MHB,mhb,volume,1776,595080.0,0.1409460739539492,0.08048939141756484,2.367298023248221,0.13902227805659667,0.99748101095651,0.1353773776919948
2023-10,MHB,mhb,contract_balanced,1776,51.0,0.1409460739539492,0.08048939141756484,23.345588316499505,1.00576347100757,0.8012085204738719,0.08986052735091091
2023-11,DR normal,dr_normal,equal,1554,1554.0,0.13356281166715514,0.07527605025660612,9.769684593581651,0.2044411673300749,0.8507078507078507,0.02813578454949748
2023-11,DR normal,dr_normal,volume,1554,431368.0,0.13356281166715514,0.07527605025660612,15.809270265904404,0.3112368319127775,0.8512893863244376,0.03872430565520375
2023-11,DR normal,dr_normal,contract_balanced,1554,65.0,0.13356281166715514,0.07527605025660612,23.888419211659762,0.500437407029752,0.818445406632024,0.02737838316700661
2023-11,DR-AS normal,dras_normal,equal,1554,1554.0,0.13356281166715514,0.07527605025660612,8.379961753076788,0.19622197648861273,0.8693693693693694,0.04621554053350907
2023-11,DR-AS normal,dras_normal,volume,1554,431368.0,0.13356281166715514,0.07527605025660612,4.174015038255747,0.2568301802777899,0.9851217521930231,0.16851687559234518
2023-11,DR-AS normal,dras_normal,contract_balanced,1554,65.0,0.13356281166715514,0.07527605025660612,7.189277117595179,0.28216603374977745,0.9290472158551272,0.15775912216553664
2023-11,"Beta, no hurdle",beta_no_hurdle,equal,1554,1554.0,0.13356281166715514,0.07527605025660612,8.183167540957749,0.19280394821121571,0.87001287001287,0.041862027724999896
2023-11,"Beta, no hurdle",beta_no_hurdle,volume,1554,431368.0,0.13356281166715514,0.07527605025660612,3.433937069597846,0.2386031951602482,0.9851217521930231,0.147668071712392
2023-11,"Beta, no hurdle",beta_no_hurdle,contract_balanced,1554,65.0,0.13356281166715514,0.07527605025660612,6.644512456868819,0.26281749149052924,0.9294224503767031,0.1358159810980058
2023-11,"Hurdle beta, post-hoc coherence",hurdle_posthoc,equal,1554,1554.0,0.13356281166715514,0.07527605025660612,6.859104386192612,0.18820076386795653,0.9009009009009008,0.04831664897822995
2023-11,"Hurdle beta, post-hoc coherence",hurdle_posthoc,volume,1554,431368.0,0.13356281166715514,0.07527605025660612,7.715359138181984,0.23798289944101392,0.9851217521930231,0.15039158281648585
2023-11,"Hurdle beta, post-hoc coherence",hurdle_posthoc,contract_balanced,1554,65.0,0.13356281166715514,0.07527605025660612,16.88140148817268,0.2659435905511892,0.9265038348971121,0.14332692514444478
2023-11,MHB,mhb,equal,1554,1554.0,0.13356281166715514,0.07527605025660612,6.41104514925348,0.1882593117339662,0.9009009009009008,0.04835627532816364
2023-11,MHB,mhb,volume,1554,431368.0,0.13356281166715514,0.07527605025660612,2.8462869227480745,0.24008736729120328,0.9851217521930231,0.15246306231141135
2023-11,MHB,mhb,contract_balanced,1554,65.0,0.13356281166715514,0.07527605025660612,6.081586579087927,0.26635049323114257,0.9265038348971121,0.14370787915143038
2023-12,DR normal,dr_normal,equal,2872,2872.0,0.15495353589852845,0.09104821675700371,6.66869872892218,0.1470022495071216,0.8868384401114207,0.03336273874101402
2023-12,DR normal,dr_normal,volume,2872,266790.0,0.15495353589852845,0.09104821675700371,8.865248336871657,0.18339986405555792,0.7736834214175943,0.029008562628497145
2023-12,DR normal,dr_normal,contract_balanced,2872,66.0,0.15495353589852845,0.09104821675700371,12.256857145711024,0.21951875192843529,0.8172651963606198,0.025549468961502637
2023-12,DR-AS normal,dras_normal,equal,2872,2872.0,0.15495353589852845,0.09104821675700371,5.355911646648588,0.1396997149517476,0.9004178272980501,0.04599329381574439
2023-12,DR-AS normal,dras_normal,volume,2872,266790.0,0.15495353589852845,0.09104821675700371,3.2037851503222408,0.19348220326412746,0.9745080400314854,0.1705309985983714
2023-12,DR-AS normal,dras_normal,contract_balanced,2872,66.0,0.15495353589852845,0.09104821675700371,3.959209984436586,0.2628561434295866,0.9384688602564398,0.17640987364764893
2023-12,"Beta, no hurdle",beta_no_hurdle,equal,2872,2872.0,0.15495353589852845,0.09104821675700371,5.298546103158238,0.1376075884022833,0.8997214484679665,0.04285423521978213
2023-12,"Beta, no hurdle",beta_no_hurdle,volume,2872,266790.0,0.15495353589852845,0.09104821675700371,3.0860312257628175,0.16906576666090886,0.9716218748828667,0.13940296990757822
2023-12,"Beta, no hurdle",beta_no_hurdle,contract_balanced,2872,66.0,0.15495353589852845,0.09104821675700371,3.8049102378174178,0.23383982841374842,0.9314259626789726,0.14124474362677789
2023-12,"Hurdle beta, post-hoc coherence",hurdle_posthoc,equal,2872,2872.0,0.15495353589852845,0.09104821675700371,3.7298381007913037,0.13756129827959263,0.91991643454039,0.051786879397138205
2023-12,"Hurdle beta, post-hoc coherence",hurdle_posthoc,volume,2872,266790.0,0.15495353589852845,0.09104821675700371,2.62047209166632,0.17330358248570946,0.9895011057385958,0.15083723153237766
2023-12,"Hurdle beta, post-hoc coherence",hurdle_posthoc,contract_balanced,2872,66.0,0.15495353589852845,0.09104821675700371,2.8824278613625482,0.23737523553028955,0.9543309776881059,0.15441760581417802
2023-12,MHB,mhb,equal,2872,2872.0,0.15495353589852845,0.09104821675700371,3.7163486120947855,0.13750326664373322,0.91991643454039,0.05175888675463272
2023-12,MHB,mhb,volume,2872,266790.0,0.15495353589852845,0.09104821675700371,2.616565335071978,0.1732924728594428,0.9895011057385958,0.15079329223017268
2023-12,MHB,mhb,contract_balanced,2872,66.0,0.15495353589852845,0.09104821675700371,2.8707916700768927,0.23722558189093484,0.9543309776881059,0.15433477827464176
2024-01,DR normal,dr_normal,equal,4761,4761.0,0.15297864685857235,0.0894815203166053,4.511651502813699,0.10786617465791393,0.8722957361898759,0.03490603259940607
2024-01,DR normal,dr_normal,volume,4761,543144.0,0.15297864685857235,0.0894815203166053,30.681145213841308,0.28912295520844145,0.8823350713622906,0.04086778770260332
2024-01,DR normal,dr_normal,contract_balanced,4761,70.0,0.15297864685857235,0.0894815203166053,25.77113219368137,0.28372800106107965,0.8029953147220918,0.03864125074837069
2024-01,DR-AS normal,dras_normal,equal,4761,4761.0,0.15297864685857235,0.0894815203166053,3.5806500372994208,0.10210543869351194,0.8832178113841628,0.04348746531817346
2024-01,DR-AS normal,dras_normal,volume,4761,543144.0,0.15297864685857235,0.0894815203166053,3.084323623321219,0.22757033053494094,0.9518322949346767,0.1306280021494579
2024-01,DR-AS normal,dras_normal,contract_balanced,4761,70.0,0.15297864685857235,0.0894815203166053,3.41951493786447,0.18355021264197696,0.9500822121003614,0.14543967256912682
2024-01,"Beta, no hurdle",beta_no_hurdle,equal,4761,4761.0,0.15297864685857235,0.0894815203166053,3.568777814075262,0.10166271720997815,0.8825876916614155,0.04130050467822447
2024-01,"Beta, no hurdle",beta_no_hurdle,volume,4761,543144.0,0.15297864685857235,0.0894815203166053,3.087821356101453,0.2417996133887835,0.9473712312020386,0.10917965221740977
2024-01,"Beta, no hurdle",beta_no_hurdle,contract_balanced,4761,70.0,0.15297864685857235,0.0894815203166053,3.390183222417058,0.17587598676375688,0.9440428585020457,0.12052205920935097
2024-01,"Hurdle beta, post-hoc coherence",hurdle_posthoc,equal,4761,4761.0,0.15297864685857235,0.0894815203166053,2.1724161436251563,0.0977302763750161,0.9107330392774626,0.05021166343159268
2024-01,"Hurdle beta, post-hoc coherence",hurdle_posthoc,volume,4761,543144.0,0.15297864685857235,0.0894815203166053,3.0091561371289384,0.24302740481993418,0.9503649124357445,0.11942503818431129
2024-01,"Hurdle beta, post-hoc coherence",hurdle_posthoc,contract_balanced,4761,70.0,0.15297864685857235,0.0894815203166053,2.626958014007712,0.17865511452808563,0.9502761219244186,0.13359449589901035
2024-01,MHB,mhb,equal,4761,4761.0,0.15297864685857235,0.0894815203166053,2.170817298770347,0.09779789831224805,0.9107330392774626,0.05019193464813376
2024-01,MHB,mhb,volume,4761,543144.0,0.15297864685857235,0.0894815203166053,3.012157478675536,0.2431685706963973,0.9503649124357445,0.11943070863482919
2024-01,MHB,mhb,contract_balanced,4761,70.0,0.15297864685857235,0.0894815203166053,2.624163183300544,0.17882239911666195,0.9502761219244186,0.13363280200642547
2024-02,DR normal,dr_normal,equal,2756,2756.0,0.15157535946209624,0.0893107984480531,23.321175480244335,0.37741134429292084,0.8167634252539913,0.029255018309171966
2024-02,DR normal,dr_normal,volume,2756,457106.0,0.15157535946209624,0.0893107984480531,5.921264557217767,0.09730595989399096,0.9043569762812127,0.03911327841537724
2024-02,DR normal,dr_normal,contract_balanced,2756,70.0,0.15157535946209624,0.0893107984480531,49.56136424906755,0.8253846231128077,0.7092050493063965,0.033381408698964415
2024-02,DR-AS normal,dras_normal,equal,2756,2756.0,0.15157535946209624,0.0893107984480531,21.53318622120019,0.3685134942067417,0.8301886792452831,0.04019089849785898
2024-02,DR-AS normal,dras_normal,volume,2756,457106.0,0.15157535946209624,0.0893107984480531,2.8706232233085496,0.1548377741677042,0.9969328777132656,0.15206335766530324
2024-02,DR-AS normal,dras_normal,contract_balanced,2756,70.0,0.15157535946209624,0.0893107984480531,31.829215158242267,0.7507911354423302,0.7841186517902685,0.13076183834204957
2024-02,"Beta, no hurdle",beta_no_hurdle,equal,2756,2756.0,0.15157535946209624,0.0893107984480531,21.604513861661584,0.36746846568307545,0.8283744557329462,0.03751868454970293
2024-02,"Beta, no hurdle",beta_no_hurdle,volume,2756,457106.0,0.15157535946209624,0.0893107984480531,2.6835968128975285,0.13346189170252507,0.9945920639851589,0.1282138876151777
2024-02,"Beta, no hurdle",beta_no_hurdle,contract_balanced,2756,70.0,0.15157535946209624,0.0893107984480531,31.02191465171923,0.7490078915894254,0.7706348375956031,0.1100581442830251
2024-02,"Hurdle beta, post-hoc coherence",hurdle_posthoc,equal,2756,2756.0,0.15157535946209624,0.0893107984480531,14.831643439682104,0.3614844619504194,0.8508708272859216,0.04482643761776495
2024-02,"Hurdle beta, post-hoc coherence",hurdle_posthoc,volume,2756,457106.0,0.15157535946209624,0.0893107984480531,2.3908974888356544,0.14372623672932847,0.9948086439469183,0.13994903327005223
2024-02,"Hurdle beta, post-hoc coherence",hurdle_posthoc,contract_balanced,2756,70.0,0.15157535946209624,0.0893107984480531,13.069299920870769,0.7495915349750439,0.7529584480852208,0.12192230268459628
2024-02,MHB,mhb,equal,2756,2756.0,0.15157535946209624,0.0893107984480531,14.804110926074353,0.3615535593368332,0.8519593613933236,0.04481060218445282
2024-02,MHB,mhb,volume,2756,457106.0,0.15157535946209624,0.0893107984480531,2.3907884951858565,0.1436654029380146,0.9948086439469183,0.13987915189194486
2024-02,MHB,mhb,contract_balanced,2756,70.0,0.15157535946209624,0.0893107984480531,13.02050029750971,0.7501193950124913,0.7534875486143213,0.12178802924824106
2024-03,DR normal,dr_normal,equal,3070,3070.0,0.1462175490361721,0.08567168938045368,79.23722660430838,1.1782114092184823,0.647557003257329,0.02938139444271142
2024-03,DR normal,dr_normal,volume,3070,717719.0,0.1462175490361721,0.08567168938045368,34.013217188049936,0.568656234803932,0.8063531827915938,0.07411759811546421
2024-03,DR normal,dr_normal,contract_balanced,3070,68.0,0.1462175490361721,0.08567168938045368,92.37122633679103,1.3780657586799356,0.5683344549228235,0.028235628783442487
2024-03,DR-AS normal,dras_normal,equal,3070,3070.0,0.1462175490361721,0.08567168938045368,74.34466390168316,1.1281361398940266,0.6781758957654723,0.05185531227802669
2024-03,DR-AS normal,dras_normal,volume,3070,717719.0,0.1462175490361721,0.08567168938045368,4.113504170387148,0.389369904355643,0.960143175811146,0.27659421550064905
2024-03,DR-AS normal,dras_normal,contract_balanced,3070,68.0,0.1462175490361721,0.08567168938045368,58.77232250740108,1.1201763918640935,0.8125192546154789,0.19305385392011587
2024-03,"Beta, no hurdle",beta_no_hurdle,equal,3070,3070.0,0.1462175490361721,0.08567168938045368,74.79876169769898,1.127928607426063,0.6749185667752442,0.04738508932283665
2024-03,"Beta, no hurdle",beta_no_hurdle,volume,3070,717719.0,0.1462175490361721,0.08567168938045368,4.7998989487588295,0.3633922315348622,0.959032713359964,0.24541691945288885
2024-03,"Beta, no hurdle",beta_no_hurdle,contract_balanced,3070,68.0,0.1462175490361721,0.08567168938045368,59.850916335211664,1.1036774769731528,0.8092737049900108,0.17158461072751513
2024-03,"Hurdle beta, post-hoc coherence",hurdle_posthoc,equal,3070,3070.0,0.1462175490361721,0.08567168938045368,44.80055583143404,1.1082563640296548,0.6996742671009772,0.053737665047921046
2024-03,"Hurdle beta, post-hoc coherence",hurdle_posthoc,volume,3070,717719.0,0.1462175490361721,0.08567168938045368,45.958014553187766,0.35988638306547893,0.9594771770010269,0.2572657988339754
2024-03,"Hurdle beta, post-hoc coherence",hurdle_posthoc,contract_balanced,3070,68.0,0.1462175490361721,0.08567168938045368,51.92254678411695,1.1039298043392078,0.8062382356734977,0.18094540648104035
2024-03,MHB,mhb,equal,3070,3070.0,0.1462175490361721,0.08567168938045368,44.21031806693542,1.1077726403205872,0.7006514657980456,0.05380780661359996
2024-03,MHB,mhb,volume,3070,717719.0,0.1462175490361721,0.08567168938045368,4.565060977515203,0.35966211471959086,0.9594911100305272,0.25727079241376954
2024-03,MHB,mhb,contract_balanced,3070,68.0,0.1462175490361721,0.08567168938045368,33.548463680699925,1.103802007486245,0.8212861152904608,0.18106583066841458
2024-04,DR normal,dr_normal,equal,2908,2908.0,0.14554511179186658,0.08533614206695864,30.801751352666905,0.3829692475882873,0.7503438789546079,0.029249390722787632
2024-04,DR normal,dr_normal,volume,2908,613931.0,0.14554511179186658,0.08533614206695864,5.203965440357264,0.1803425129461497,0.754244369481261,0.051795023725628477
2024-04,DR normal,dr_normal,contract_balanced,2908,67.0,0.14554511179186658,0.08533614206695864,49.10549288948866,0.5986046757689351,0.7538452575632277,0.0360934990089008
2024-04,DR-AS normal,dras_normal,equal,2908,2908.0,0.14554511179186658,0.08533614206695864,29.265614438652854,0.37257640863907643,0.7675378266850068,0.04048497855412772
2024-04,DR-AS normal,dras_normal,volume,2908,613931.0,0.14554511179186658,0.08533614206695864,3.233217569202692,0.21581612901380018,0.9979997752190393,0.21485076281311288
2024-04,DR-AS normal,dras_normal,contract_balanced,2908,67.0,0.14554511179186658,0.08533614206695864,25.123597382168953,0.36978421169958287,0.8801274548065734,0.13526084050837953
2024-04,"Beta, no hurdle",beta_no_hurdle,equal,2908,2908.0,0.14554511179186658,0.08533614206695864,30.36209526679926,0.37086410498988015,0.7671939477303987,0.03795552986657628
2024-04,"Beta, no hurdle",beta_no_hurdle,volume,2908,613931.0,0.14554511179186658,0.08533614206695864,3.085892882017786,0.18350965589650625,0.9967537068497926,0.18192831571777934
2024-04,"Beta, no hurdle",beta_no_hurdle,contract_balanced,2908,67.0,0.14554511179186658,0.08533614206695864,25.20619811681314,0.3544918574191217,0.8722704205563996,0.11949728554586389
2024-04,"Hurdle beta, post-hoc coherence",hurdle_posthoc,equal,2908,2908.0,0.14554511179186658,0.08533614206695864,21.95806775598124,0.3610057908824065,0.8177441540577715,0.04441905040060866
2024-04,"Hurdle beta, post-hoc coherence",hurdle_posthoc,volume,2908,613931.0,0.14554511179186658,0.08533614206695864,3.08217672625406,0.19582867068137816,0.9981072791567782,0.19482104510297638
2024-04,"Hurdle beta, post-hoc coherence",hurdle_posthoc,contract_balanced,2908,67.0,0.14554511179186658,0.08533614206695864,18.582079011293118,0.3619598355320618,0.9005873056332472,0.12959920066097566
2024-04,MHB,mhb,equal,2908,2908.0,0.14554511179186658,0.08533614206695864,21.93567197645703,0.360864903616584,0.8174002751031635,0.04441898444506143
2024-04,MHB,mhb,volume,2908,613931.0,0.14554511179186658,0.08533614206695864,3.080495087636355,0.1956921797513924,0.9980502694928257,0.19467750004908801
2024-04,MHB,mhb,contract_balanced,2908,67.0,0.14554511179186658,0.08533614206695864,18.51841997557814,0.36163008252788875,0.9035707398929068,0.12954039212027818
2024-05,DR normal,dr_normal,equal,2167,2167.0,0.13731641452378024,0.08126885555729033,15.457704059207641,0.2219100906219835,0.7877249653899399,0.02937747252009415
2024-05,DR normal,dr_normal,volume,2167,711196.0,0.13731641452378024,0.08126885555729033,5.0161106258935355,0.07988216184768461,0.9520301014066446,0.04243943457793167
2024-05,DR normal,dr_normal,contract_balanced,2167,55.0,0.13731641452378024,0.08126885555729033,45.74619296307312,0.30310777567905073,0.6724108111419239,0.03318191921500956
2024-05,DR-AS normal,dras_normal,equal,2167,2167.0,0.13731641452378024,0.08126885555729033,14.14362867257653,0.21859543746243754,0.7955699123211812,0.038697242345176006
2024-05,DR-AS normal,dras_normal,volume,2167,711196.0,0.13731641452378024,0.08126885555729033,2.9477971664835296,0.17441934955104688,0.9901686736145873,0.16067111766658437
2024-05,DR-AS normal,dras_normal,contract_balanced,2167,55.0,0.13731641452378024,0.08126885555729033,12.333136715294806,0.2565400211264176,0.7936617494183937,0.1323008894577449
2024-05,"Beta, no hurdle",beta_no_hurdle,equal,2167,2167.0,0.13731641452378024,0.08126885555729033,16.990616649375262,0.21910758243712863,0.7932625749884632,0.036969716334579475
2024-05,"Beta, no hurdle",beta_no_hurdle,volume,2167,711196.0,0.13731641452378024,0.08126885555729033,2.894227899526264,0.16178989778038097,0.9901686736145873,0.14428416091122864
2024-05,"Beta, no hurdle",beta_no_hurdle,contract_balanced,2167,55.0,0.13731641452378024,0.08126885555729033,17.993700147222146,0.26678004006273515,0.7871405024237845,0.1274118149222855
2024-05,"Hurdle beta, post-hoc coherence",hurdle_posthoc,equal,2167,2167.0,0.13731641452378024,0.08126885555729033,10.727190970030186,0.21414120981635837,0.840793724042455,0.04359726091197387
2024-05,"Hurdle beta, post-hoc coherence",hurdle_posthoc,volume,2167,711196.0,0.13731641452378024,0.08126885555729033,13.606770952974575,0.17189550323813832,0.9901686736145873,0.156103577482165
2024-05,"Hurdle beta, post-hoc coherence",hurdle_posthoc,contract_balanced,2167,55.0,0.13731641452378024,0.08126885555729033,22.39679307040961,0.2623965297944196,0.8326181948891545,0.1352772887022859
2024-05,MHB,mhb,equal,2167,2167.0,0.13731641452378024,0.08126885555729033,10.364352047580486,0.21394494979084588,0.840793724042455,0.04355414598396413
2024-05,MHB,mhb,volume,2167,711196.0,0.13731641452378024,0.08126885555729033,2.2011597492710333,0.17158300078503502,0.9901686736145873,0.15575667973097446
2024-05,MHB,mhb,contract_balanced,2167,55.0,0.13731641452378024,0.08126885555729033,9.71418825000205,0.261714926711361,0.8326181948891545,0.134884751890556
2024-06,DR normal,dr_normal,equal,1308,1308.0,0.13277571997654403,0.07657965467436498,13.44874224480287,0.14200124870051062,0.83868501529052,0.02643439825077893
2024-06,DR normal,dr_normal,volume,1308,585248.0,0.13277571997654403,0.07657965467436498,2.629071584542638,0.08474489026756186,0.9583424462791843,0.031503885337423376
2024-06,DR normal,dr_normal,contract_balanced,1308,45.99999999999999,0.13277571997654403,0.07657965467436498,25.134242699581698,0.1541332295631093,0.7166783764939623,0.021948902510622842
2024-06,DR-AS normal,dras_normal,equal,1308,1308.0,0.13277571997654403,0.07657965467436498,12.924534809273897,0.14312982035046762,0.8455657492354741,0.033450442464181336
2024-06,DR-AS normal,dras_normal,volume,1308,585248.0,0.13277571997654403,0.07657965467436498,2.9920375169652234,0.1560816653050762,0.9906022745912844,0.14104626194702563
2024-06,DR-AS normal,dras_normal,contract_balanced,1308,45.99999999999999,0.13277571997654403,0.07657965467436498,25.199900567336265,0.17764917964875537,0.7789513610174883,0.05743463098494296
2024-06,"Beta, no hurdle",beta_no_hurdle,equal,1308,1308.0,0.13277571997654403,0.07657965467436498,13.751822181146157,0.14223667034421253,0.8486238532110093,0.03215018301596611
2024-06,"Beta, no hurdle",beta_no_hurdle,volume,1308,585248.0,0.13277571997654403,0.07657965467436498,2.8432945711978146,0.13383913344779563,0.9906022745912844,0.11699081119601859
2024-06,"Beta, no hurdle",beta_no_hurdle,contract_balanced,1308,45.99999999999999,0.13277571997654403,0.07657965467436498,30.37071585582471,0.17169205258841813,0.7849534104977987,0.05075483366279619
2024-06,"Hurdle beta, post-hoc coherence",hurdle_posthoc,equal,1308,1308.0,0.13277571997654403,0.07657965467436498,10.834458483477587,0.13845107589235542,0.8746177370030583,0.03819354382737012
2024-06,"Hurdle beta, post-hoc coherence",hurdle_posthoc,volume,1308,585248.0,0.13277571997654403,0.07657965467436498,2.087508288331435,0.143346680059609,0.9906022745912844,0.12779354602129903
2024-06,"Hurdle beta, post-hoc coherence",hurdle_posthoc,contract_balanced,1308,45.99999999999999,0.13277571997654403,0.07657965467436498,20.920193793166213,0.16704360556104514,0.8083238770588023,0.056084897175635376
2024-06,MHB,mhb,equal,1308,1308.0,0.13277571997654403,0.07657965467436498,10.280464284887483,0.13842320859658339,0.8746177370030583,0.03818994022562881
2024-06,MHB,mhb,volume,1308,585248.0,0.13277571997654403,0.07657965467436498,2.0893446558790543,0.1434184581521965,0.9906022745912844,0.12780576144953165
2024-06,MHB,mhb,contract_balanced,1308,45.99999999999999,0.13277571997654403,0.07657965467436498,20.883684556651044,0.16689781332089965,0.8083238770588023,0.056128116021144564
2024-07,DR normal,dr_normal,equal,1037,1037.0,0.12943396779161173,0.0731148362200776,19.413851987936,0.36955222510639696,0.7666345226615237,0.027721293495989584
2024-07,DR normal,dr_normal,volume,1037,578322.0,0.12943396779161173,0.0731148362200776,3.723561466303468,0.15589348041847978,0.8595367286736455,0.039655431748791804
2024-07,DR normal,dr_normal,contract_balanced,1037,39.0,0.12943396779161173,0.0731148362200776,30.50276975236525,0.6174275072924114,0.6008276336791434,0.02353407968872598
2024-07,DR-AS normal,dras_normal,equal,1037,1037.0,0.12943396779161173,0.0731148362200776,18.525912353896985,0.3557605514370108,0.7907425265188044,0.04462605089628492
2024-07,DR-AS normal,dras_normal,volume,1037,578322.0,0.12943396779161173,0.0731148362200776,3.146652889143921,0.2115376914659435,0.9971365433097823,0.2090022893178258
2024-07,DR-AS normal,dras_normal,contract_balanced,1037,39.0,0.12943396779161173,0.0731148362200776,27.008498351098787,0.5187699934612922,0.7788103219489307,0.10618018433679652
2024-07,"Beta, no hurdle",beta_no_hurdle,equal,1037,1037.0,0.12943396779161173,0.0731148362200776,19.72891851675086,0.35312022006082033,0.7897782063645131,0.04095496602733084
2024-07,"Beta, no hurdle",beta_no_hurdle,volume,1037,578322.0,0.12943396779161173,0.0731148362200776,2.961631609026809,0.1755407832723686,0.994764162525375,0.17111458785979006
2024-07,"Beta, no hurdle",beta_no_hurdle,contract_balanced,1037,39.0,0.12943396779161173,0.0731148362200776,27.83566574066554,0.5132445094071478,0.7569388521022298,0.08939311298066419
2024-07,"Hurdle beta, post-hoc coherence",hurdle_posthoc,equal,1037,1037.0,0.12943396779161173,0.0731148362200776,15.26696550664192,0.34304401594928585,0.8244937319189973,0.04622107947704693
2024-07,"Hurdle beta, post-hoc coherence",hurdle_posthoc,volume,1037,578322.0,0.12943396779161173,0.0731148362200776,2.6728313502498136,0.18729525691658336,0.9947987453356434,0.18367448838824024
2024-07,"Hurdle beta, post-hoc coherence",hurdle_posthoc,contract_balanced,1037,39.0,0.12943396779161173,0.0731148362200776,25.87972120943742,0.5052456384297538,0.7982617234974168,0.09656474627403368
2024-07,MHB,mhb,equal,1037,1037.0,0.12943396779161173,0.0731148362200776,15.211443993111008,0.34334614169008193,0.8244937319189973,0.04649669678612432
2024-07,MHB,mhb,volume,1037,578322.0,0.12943396779161173,0.0731148362200776,2.664482045654307,0.18709164785967855,0.9947987453356434,0.1834570908618377
2024-07,MHB,mhb,contract_balanced,1037,39.0,0.12943396779161173,0.0731148362200776,25.768564853338003,0.5051497664301977,0.7982617234974168,0.09675627238234641
2024-08,DR normal,dr_normal,equal,1611,1611.0,0.1237556382245617,0.06979562495970991,33.44805396731911,0.4711606258364879,0.6449410304158909,0.03329855497627286
2024-08,DR normal,dr_normal,volume,1611,989492.0,0.1237556382245617,0.06979562495970991,27.77900631070918,0.6355460162338572,0.5344378731712839,0.044448244507893246
2024-08,DR normal,dr_normal,contract_balanced,1611,38.0,0.1237556382245617,0.06979562495970991,77.99653651497681,1.0215877563283415,0.4174163301540307,0.024280070225871683
2024-08,DR-AS normal,dras_normal,equal,1611,1611.0,0.1237556382245617,0.06979562495970991,29.467721334302283,0.41333199283408545,0.7144630664183738,0.0647085047972756
2024-08,DR-AS normal,dras_normal,volume,1611,989492.0,0.1237556382245617,0.06979562495970991,3.7324745610711894,0.33485976612499146,0.9932894859180266,0.33169647286529114
2024-08,DR-AS normal,dras_normal,contract_balanced,1611,38.0,0.1237556382245617,0.06979562495970991,48.3846688650044,0.6428599243476796,0.7271974189852104,0.1659291361933602
2024-08,"Beta, no hurdle",beta_no_hurdle,equal,1611,1611.0,0.1237556382245617,0.06979562495970991,28.007298846789276,0.4104767572533906,0.7094972067039107,0.05687650846604769
2024-08,"Beta, no hurdle",beta_no_hurdle,volume,1611,989492.0,0.1237556382245617,0.06979562495970991,3.747661299237413,0.2998221609309036,0.9777431247549246,0.28882288698171255
2024-08,"Beta, no hurdle",beta_no_hurdle,contract_balanced,1611,38.0,0.1237556382245617,0.06979562495970991,45.13063169888974,0.6516429184633452,0.7213952015620653,0.1431875177928639
2024-08,"Hurdle beta, post-hoc coherence",hurdle_posthoc,equal,1611,1611.0,0.1237556382245617,0.06979562495970991,18.572409861141914,0.3925512448430065,0.7442582247051522,0.06317964190834388
2024-08,"Hurdle beta, post-hoc coherence",hurdle_posthoc,volume,1611,989492.0,0.1237556382245617,0.06979562495970991,3.8388389295521836,0.3067203863890285,0.992903429234395,0.2995849686209274
2024-08,"Hurdle beta, post-hoc coherence",hurdle_posthoc,contract_balanced,1611,38.0,0.1237556382245617,0.06979562495970991,30.172611908166854,0.6368422665880128,0.7311902698456597,0.15130240401221753
2024-08,MHB,mhb,equal,1611,1611.0,0.1237556382245617,0.06979562495970991,18.53220274805495,0.3925588312005844,0.7442582247051522,0.06312038976597631
2024-08,MHB,mhb,volume,1611,989492.0,0.1237556382245617,0.06979562495970991,3.7933791944418074,0.3064036114583229,0.992903429234395,0.29927924909512843
2024-08,MHB,mhb,contract_balanced,1611,38.0,0.1237556382245617,0.06979562495970991,30.039403278702352,0.6361273911606122,0.7311902698456597,0.15105520452469867
2024-09,DR normal,dr_normal,equal,1758,1758.0,0.1148010306840477,0.06740992633698847,55.395509636048715,1.0328163471800176,0.6888509670079636,0.05496543958431781
2024-09,DR normal,dr_normal,volume,1758,860211.0,0.1148010306840477,0.06740992633698847,23.833027414630042,0.5112933960548738,0.8663141950056439,0.08233257591644952
2024-09,DR normal,dr_normal,contract_balanced,1758,113.99999999999999,0.1148010306840477,0.06740992633698847,349.6632387778156,6.689838059268258,0.33522394417020407,0.02924824560822961
2024-09,DR-AS normal,dras_normal,equal,1758,1758.0,0.1148010306840477,0.06740992633698847,53.96523229022239,1.0133269573308379,0.7127417519908987,0.07417512540501714
2024-09,DR-AS normal,dras_normal,volume,1758,860211.0,0.1148010306840477,0.06740992633698847,8.069078680038597,0.45892422138184286,0.964488945154154,0.32957823770689104
2024-09,DR-AS normal,dras_normal,contract_balanced,1758,113.99999999999999,0.1148010306840477,0.06740992633698847,346.801418646354,6.635804887795833,0.3606862445804867,0.07625229131054956
2024-09,"Beta, no hurdle",beta_no_hurdle,equal,1758,1758.0,0.1148010306840477,0.06740992633698847,55.763907875261594,1.0125164349062354,0.7110352673492605,0.06984799261434729
2024-09,"Beta, no hurdle",beta_no_hurdle,volume,1758,860211.0,0.1148010306840477,0.06740992633698847,3.967048971570702,0.43033927730105104,0.9628870126050468,0.2847011410058235
2024-09,"Beta, no hurdle",beta_no_hurdle,contract_balanced,1758,113.99999999999999,0.1148010306840477,0.06740992633698847,341.04930940457365,6.629578341708117,0.3602457907538451,0.07083708517580296
2024-09,"Hurdle beta, post-hoc coherence",hurdle_posthoc,equal,1758,1758.0,0.1148010306840477,0.06740992633698847,45.77386005937515,1.0008673485439274,0.7315130830489192,0.07531420263910796
2024-09,"Hurdle beta, post-hoc coherence",hurdle_posthoc,volume,1758,860211.0,0.1148010306840477,0.06740992633698847,16.43540296258145,0.44135142542441863,0.9635787033646396,0.2968787989579529
2024-09,"Hurdle beta, post-hoc coherence",hurdle_posthoc,contract_balanced,1758,113.99999999999999,0.1148010306840477,0.06740992633698847,289.0842977404367,6.593007468487392,0.36042719802201073,0.0751428184816799
2024-09,MHB,mhb,equal,1758,1758.0,0.1148010306840477,0.06740992633698847,45.27306746810675,0.9984878805324313,0.7315130830489192,0.07560445743792786
2024-09,MHB,mhb,volume,1758,860211.0,0.1148010306840477,0.06740992633698847,3.706426084256474,0.4398864731679769,0.9635787033646396,0.2966924374573198
2024-09,MHB,mhb,contract_balanced,1758,113.99999999999999,0.1148010306840477,0.06740992633698847,286.401796253489,6.588323697855293,0.36042719802201073,0.07551476662512878
2024-10,DR normal,dr_normal,equal,6550,6550.0,0.11849364139032945,0.07114930204609754,26.135931697644075,0.488541063830676,0.8665648854961833,0.055396621168211195
2024-10,DR normal,dr_normal,volume,6550,131964568.0,0.11849364139032945,0.07114930204609754,1.8819543626538757,0.04251683099785628,0.9983115164670564,0.041662419336679093
2024-10,DR normal,dr_normal,contract_balanced,6550,125.0,0.11849364139032945,0.07114930204609754,88.32411325084162,1.57281163765383,0.5714946840117162,0.04031624187513239
2024-10,DR-AS normal,dras_normal,equal,6550,6550.0,0.11849364139032945,0.07114930204609754,25.453137907219297,0.492450617963353,0.8738931297709924,0.07307949027429567
2024-10,DR-AS normal,dras_normal,volume,6550,131964568.0,0.11849364139032945,0.07114930204609754,3.134254399231044,0.18467282848563052,0.9999507140431817,0.18443122503737797
2024-10,DR-AS normal,dras_normal,contract_balanced,6550,125.0,0.11849364139032945,0.07114930204609754,67.43689024286954,1.453683799071832,0.7190606608418764,0.1577381260571879
2024-10,"Beta, no hurdle",beta_no_hurdle,equal,6550,6550.0,0.11849364139032945,0.07114930204609754,25.295133633722056,0.48809941111605265,0.8734351145038168,0.06867455496525122
2024-10,"Beta, no hurdle",beta_no_hurdle,volume,6550,131964568.0,0.11849364139032945,0.07114930204609754,2.909958244625834,0.1452927897452762,0.9999461673681984,0.1450587978053308
2024-10,"Beta, no hurdle",beta_no_hurdle,contract_balanced,6550,125.0,0.11849364139032945,0.07114930204609754,68.47468557471089,1.436777671598765,0.7174482603298264,0.14162589305371356
2024-10,"Hurdle beta, post-hoc coherence",hurdle_posthoc,equal,6550,6550.0,0.11849364139032945,0.07114930204609754,19.8641813675827,0.48555843931359,0.8844274809160305,0.07633780143003915
2024-10,"Hurdle beta, post-hoc coherence",hurdle_posthoc,volume,6550,131964568.0,0.11849364139032945,0.07114930204609754,2.1434340233910287,0.1524354271316958,0.9999463568129894,0.15222736012863725
2024-10,"Hurdle beta, post-hoc coherence",hurdle_posthoc,contract_balanced,6550,125.0,0.11849364139032945,0.07114930204609754,61.6261002499754,1.4269064194232708,0.7439333427765535,0.15067710140163992
2024-10,MHB,mhb,equal,6550,6550.0,0.11849364139032945,0.07114930204609754,19.807351445217698,0.4855663574380521,0.8842748091603053,0.07658801493207242
2024-10,MHB,mhb,volume,6550,131964568.0,0.11849364139032945,0.07114930204609754,2.151599069152998,0.15228471092199947,0.9999463568129894,0.15207719486619914
2024-10,MHB,mhb,contract_balanced,6550,125.0,0.11849364139032945,0.07114930204609754,61.57896866109786,1.4266572815982204,0.7439333427765535,0.15087482566392413
2024-11,DR normal,dr_normal,equal,13308,13308.0,0.014226881728964197,0.0032833448272143254,9.342027407706542,0.21034579980981463,0.9439434926360082,0.0605825746703281
2024-11,DR normal,dr_normal,volume,13308,373426853.0,0.014226881728964197,0.0032833448272143254,20.846927782747066,0.3347181767134465,0.7018309633988749,0.028153327751837744
2024-11,DR normal,dr_normal,contract_balanced,13308,109.0,0.014226881728964197,0.0032833448272143254,12.63116900062913,0.29963104546937636,0.8359132822124381,0.06482204405929262
2024-11,DR-AS normal,dras_normal,equal,13308,13308.0,0.014226881728964197,0.0032833448272143254,9.011113391092097,0.20727637620448347,0.9496543432521789,0.06642144511628835
2024-11,DR-AS normal,dras_normal,volume,13308,373426853.0,0.014226881728964197,0.0032833448272143254,2.8416749501729885,0.13485813241893502,0.9717128162714106,0.0943160706729799
2024-11,DR-AS normal,dras_normal,contract_balanced,13308,109.0,0.014226881728964197,0.0032833448272143254,6.991593800905175,0.24712864838907106,0.896324070801209,0.13880611466428205
2024-11,"Beta, no hurdle",beta_no_hurdle,equal,13308,13308.0,0.014226881728964197,0.0032833448272143254,9.486263668397743,0.20769408032902226,0.9470243462578898,0.0626575813697574
2024-11,"Beta, no hurdle",beta_no_hurdle,volume,13308,373426853.0,0.014226881728964197,0.0032833448272143254,3.013510299632618,0.21142675091121774,0.8907248590395292,0.05880237960542946
2024-11,"Beta, no hurdle",beta_no_hurdle,contract_balanced,13308,109.0,0.014226881728964197,0.0032833448272143254,7.6802879275711025,0.2502222383452864,0.8767581375008051,0.09600729035969274
2024-11,"Hurdle beta, post-hoc coherence",hurdle_posthoc,equal,13308,13308.0,0.014226881728964197,0.0032833448272143254,8.524492755093991,0.20798584766821288,0.9506311992786292,0.06506338612295418
2024-11,"Hurdle beta, post-hoc coherence",hurdle_posthoc,volume,13308,373426853.0,0.014226881728964197,0.0032833448272143254,2.6104218606724126,0.20030394469383386,0.9021286720374124,0.0678403706616557
2024-11,"Hurdle beta, post-hoc coherence",hurdle_posthoc,contract_balanced,13308,109.0,0.014226881728964197,0.0032833448272143254,5.551621955434501,0.24851618734325132,0.9025023393061112,0.09957055530399621
2024-11,MHB,mhb,equal,13308,13308.0,0.014226881728964197,0.0032833448272143254,8.527130398119336,0.20798808651540432,0.9505560565073639,0.06506296497283456
2024-11,MHB,mhb,volume,13308,373426853.0,0.014226881728964197,0.0032833448272143254,2.6110268123052403,0.20035676551971646,0.9021286720374124,0.06780574260671163
2024-11,MHB,mhb,contract_balanced,13308,109.0,0.014226881728964197,0.0032833448272143254,5.554062980097152,0.24845355338867542,0.8979151833428084,0.09947255009377011
2024-12,DR normal,dr_normal,equal,7797,7797.0,0.013661569840203166,0.006618408284062984,12.598907744913726,0.26413910336029456,0.9563934846735924,0.05057047952906428
2024-12,DR normal,dr_normal,volume,7797,18131185.0,0.013661569840203166,0.006618408284062984,1.210519926504828,0.021966149012160176,0.993321782332484,0.01631188134448916
2024-12,DR normal,dr_normal,contract_balanced,7797,133.0,0.013661569840203166,0.006618408284062984,128.01771969722677,2.4613135858213537,0.7472163396207672,0.0561020295758858
2024-12,DR-AS normal,dras_normal,equal,7797,7797.0,0.013661569840203166,0.006618408284062984,11.719173522114687,0.25497955574988396,0.9604976272925485,0.053823462465182055
2024-12,DR-AS normal,dras_normal,volume,7797,18131185.0,0.013661569840203166,0.006618408284062984,2.456910720616637,0.07284548860900074,0.9988814299782391,0.0708845423779859
2024-12,DR-AS normal,dras_normal,contract_balanced,7797,133.0,0.013661569840203166,0.006618408284062984,106.16397422646278,2.1690386240480963,0.8015269126302895,0.11150429877033818
2024-12,"Beta, no hurdle",beta_no_hurdle,equal,7797,7797.0,0.013661569840203166,0.006618408284062984,12.60164989466789,0.25633825791912335,0.9590868282672824,0.05288129465006755
2024-12,"Beta, no hurdle",beta_no_hurdle,volume,7797,18131185.0,0.013661569840203166,0.006618408284062984,2.3217551739914883,0.0695908671778064,0.9966922735607188,0.06716518476624565
2024-12,"Beta, no hurdle",beta_no_hurdle,contract_balanced,7797,133.0,0.013661569840203166,0.006618408284062984,107.02819290285073,2.19061574379518,0.7768235633137315,0.09459701044218527
2024-12,"Hurdle beta, post-hoc coherence",hurdle_posthoc,equal,7797,7797.0,0.013661569840203166,0.006618408284062984,16.951183349801976,0.27207077277057323,0.8795690650250096,0.043956418123650906
2024-12,"Hurdle beta, post-hoc coherence",hurdle_posthoc,volume,7797,18131185.0,0.013661569840203166,0.006618408284062984,1.4571230614039061,0.05899736401409162,0.9907432415476429,0.054451439051772625
2024-12,"Hurdle beta, post-hoc coherence",hurdle_posthoc,contract_balanced,7797,133.0,0.013661569840203166,0.006618408284062984,112.13090986658217,2.205575846112467,0.7250285401197896,0.09169577862099001
2024-12,MHB,mhb,equal,7797,7797.0,0.013661569840203166,0.006618408284062984,11.664017723318448,0.27249867773659386,0.8772604848018469,0.04416477852820644
2024-12,MHB,mhb,volume,7797,18131185.0,0.013661569840203166,0.006618408284062984,1.4574552384145183,0.059378372169101336,0.9906465021453369,0.054966982287058826
2024-12,MHB,mhb,contract_balanced,7797,133.0,0.013661569840203166,0.006618408284062984,102.99807859853433,2.206105707370533,0.7240783788845047,0.0917497194080403
2025-01,DR normal,dr_normal,equal,4501,4501.0,0.013266715967058767,0.006318706606365413,14.919296820706965,0.3109733711267153,0.9333481448566985,0.0738646159385937
2025-01,DR normal,dr_normal,volume,4501,5626313.0,0.013266715967058767,0.006318706606365413,1.4343718840997992,0.045178036683730986,0.9914551501134047,0.0274156686008844
2025-01,DR normal,dr_normal,contract_balanced,4501,149.0,0.013266715967058767,0.006318706606365413,101.85392739558216,2.003022123155524,0.6510966347554594,0.05747736013047974
2025-01,DR-AS normal,dras_normal,equal,4501,4501.0,0.013266715967058767,0.006318706606365413,13.969620079980846,0.3008028912480799,0.9382359475672073,0.07887879028799416
2025-01,DR-AS normal,dras_normal,volume,4501,5626313.0,0.013266715967058767,0.006318706606365413,1.9022377246905093,0.04996042449363681,0.9964171918625928,0.04592212140575385
2025-01,DR-AS normal,dras_normal,contract_balanced,4501,149.0,0.013266715967058767,0.006318706606365413,89.12230350560004,1.8495666784599465,0.696513280295791,0.0995741043767891
2025-01,"Beta, no hurdle",beta_no_hurdle,equal,4501,4501.0,0.013266715967058767,0.006318706606365413,14.04253525658908,0.3021262107224554,0.9375694290157743,0.07748884159751396
2025-01,"Beta, no hurdle",beta_no_hurdle,volume,4501,5626313.0,0.013266715967058767,0.006318706606365413,1.844163741996904,0.050437921469472055,0.9956582579035329,0.04586326758136082
2025-01,"Beta, no hurdle",beta_no_hurdle,contract_balanced,4501,149.0,0.013266715967058767,0.006318706606365413,89.19305533104969,1.8852062753359138,0.6827861770807075,0.08458054910675995
2025-01,"Hurdle beta, post-hoc coherence",hurdle_posthoc,equal,4501,4501.0,0.013266715967058767,0.006318706606365413,27.83402901453683,0.3325982883365881,0.8311486336369696,0.06782244693079947
2025-01,"Hurdle beta, post-hoc coherence",hurdle_posthoc,volume,4501,5626313.0,0.013266715967058767,0.006318706606365413,0.8264420366143362,0.035426632097244164,0.9896289097318262,0.028992203840461993
2025-01,"Hurdle beta, post-hoc coherence",hurdle_posthoc,contract_balanced,4501,149.0,0.013266715967058767,0.006318706606365413,81.29082604177535,1.9138947325991786,0.6025119101729601,0.08033868687460462
2025-01,MHB,mhb,equal,4501,4501.0,0.013266715967058767,0.006318706606365413,11.71667316821788,0.33269783190259944,0.8309264607864919,0.06813797405188751
2025-01,MHB,mhb,volume,4501,5626313.0,0.013266715967058767,0.006318706606365413,0.7551640415295335,0.03514993638373516,0.9896955608406429,0.028810345291201328
2025-01,MHB,mhb,contract_balanced,4501,149.0,0.013266715967058767,0.006318706606365413,71.17808672114532,1.914688235770484,0.6006895118351459,0.08031888145371366
2025-02,DR normal,dr_normal,equal,6647,6647.0,0.013237125575229743,0.006256408825475243,6.755558583346365,0.14228830474911142,0.9335038363171353,0.06259244661499193
2025-02,DR normal,dr_normal,volume,6647,1056503.0,0.013237125575229743,0.006256408825475243,3.1744983069074317,0.21898745167084427,0.9329628027558844,0.10815559489201082
2025-02,DR normal,dr_normal,contract_balanced,6647,144.0,0.013237125575229743,0.006256408825475243,15.657056768532309,0.3166941269394371,0.8644843608446605,0.05915234570601754
2025-02,DR-AS normal,dras_normal,equal,6647,6647.0,0.013237125575229743,0.006256408825475243,6.503131472873765,0.13998525503842957,0.9386189258312019,0.06625038729450938
2025-02,DR-AS normal,dras_normal,volume,6647,1056503.0,0.013237125575229743,0.006256408825475243,2.677302920500572,0.16650017069316592,0.986316177048243,0.15619767930224357
2025-02,DR-AS normal,dras_normal,contract_balanced,6647,144.0,0.013237125575229743,0.006256408825475243,13.229114593930131,0.2975467561453057,0.9024598885556582,0.09128580851369952
2025-02,"Beta, no hurdle",beta_no_hurdle,equal,6647,6647.0,0.013237125575229743,0.006256408825475243,6.644910566562573,0.13992894240127873,0.9366631563111176,0.06469625666857204
2025-02,"Beta, no hurdle",beta_no_hurdle,volume,6647,1056503.0,0.013237125575229743,0.006256408825475243,2.621036168172785,0.15305733615132638,0.9807345554153656,0.13691419746332814
2025-02,"Beta, no hurdle",beta_no_hurdle,contract_balanced,6647,144.0,0.013237125575229743,0.006256408825475243,14.772465139598781,0.29611392088142413,0.8930356505816137,0.07920899763229362
2025-02,"Hurdle beta, post-hoc coherence",hurdle_posthoc,equal,6647,6647.0,0.013237125575229743,0.006256408825475243,28.648494923007004,0.18365476580104012,0.7671129833007371,0.04886363663116973
2025-02,"Hurdle beta, post-hoc coherence",hurdle_posthoc,volume,6647,1056503.0,0.013237125575229743,0.006256408825475243,3.6936962741403185,0.17038056278898447,0.8942549145624765,0.1303722101896875
2025-02,"Hurdle beta, post-hoc coherence",hurdle_posthoc,contract_balanced,6647,144.0,0.013237125575229743,0.006256408825475243,17.20029577132648,0.3154906505778129,0.8276411396635704,0.07633431357347062
2025-02,MHB,mhb,equal,6647,6647.0,0.013237125575229743,0.006256408825475243,5.379071892648714,0.18392709559156828,0.7663607642545507,0.049069329371977624
2025-02,MHB,mhb,volume,6647,1056503.0,0.013237125575229743,0.006256408825475243,2.773873283102809,0.17156361756413163,0.8941631022344471,0.13037637911879807
2025-02,MHB,mhb,contract_balanced,6647,144.0,0.013237125575229743,0.006256408825475243,7.021990098903381,0.3169582539366236,0.8257320483373585,0.07632812963065971
2025-03,DR normal,dr_normal,equal,28859,28859.0,0.013231238257884656,0.006253993450403329,7.326186053770447,0.1883413055175427,0.9533594372639387,0.11451347885818976
2025-03,DR normal,dr_normal,volume,28859,81070558.0,0.013231238257884656,0.006253993450403329,4.2407349573023465,0.35795330200785064,0.9869344552926353,0.34030623632332224
2025-03,DR normal,dr_normal,contract_balanced,28859,293.0,0.013231238257884656,0.006253993450403329,5.945108571973623,0.31747695162229495,0.9367581658525823,0.23409658989257986
2025-03,DR-AS normal,dras_normal,equal,28859,28859.0,0.013231238257884656,0.006253993450403329,7.152255464348726,0.18641846468753842,0.9573789805606572,0.11744766056985581
2025-03,DR-AS normal,dras_normal,volume,28859,81070558.0,0.013231238257884656,0.006253993450403329,3.475887541075073,0.35833162453461986,0.9946007525938085,0.3466416857951409
2025-03,DR-AS normal,dras_normal,contract_balanced,28859,293.0,0.013231238257884656,0.006253993450403329,5.595819938350181,0.30485664896585235,0.9735137704561512,0.2513692521280164
2025-03,"Beta, no hurdle",beta_no_hurdle,equal,28859,28859.0,0.013231238257884656,0.006253993450403329,8.883855436114292,0.18781130165102097,0.955819674971413,0.11755673694585111
2025-03,"Beta, no hurdle",beta_no_hurdle,volume,28859,81070558.0,0.013231238257884656,0.006253993450403329,32.43286828298482,0.3697058317338343,0.9918172513380257,0.35606849813652053
2025-03,"Beta, no hurdle",beta_no_hurdle,contract_balanced,28859,293.0,0.013231238257884656,0.006253993450403329,19.903159697174374,0.3157360050340128,0.959619465198315,0.254791365950606
2025-03,"Hurdle beta, post-hoc coherence",hurdle_posthoc,equal,28859,28859.0,0.013231238257884656,0.006253993450403329,23.787372529377947,0.22148725487699208,0.8419210644859491,0.10363335336003798
2025-03,"Hurdle beta, post-hoc coherence",hurdle_posthoc,volume,28859,81070558.0,0.013231238257884656,0.006253993450403329,31.7618201601325,0.38691299336582263,0.9770251735531412,0.36955347498944546
2025-03,"Hurdle beta, post-hoc coherence",hurdle_posthoc,contract_balanced,28859,293.0,0.013231238257884656,0.006253993450403329,29.069842020771176,0.3369566032465926,0.9172831014621127,0.262266781486218
2025-03,MHB,mhb,equal,28859,28859.0,0.013231238257884656,0.006253993450403329,6.695905028528239,0.22212874063260296,0.841851762015316,0.10436907678220762
2025-03,MHB,mhb,volume,28859,81070558.0,0.013231238257884656,0.006253993450403329,31.45366507848534,0.3870907472564596,0.9760927018659473,0.3696269087599765
2025-03,MHB,mhb,contract_balanced,28859,293.0,0.013231238257884656,0.006253993450403329,18.701373034839264,0.3373259493565389,0.9172726655380923,0.26240359271080876
2025-04,DR normal,dr_normal,equal,30161,30161.0,0.01323640694245744,0.00622025224312582,5.383180827673379,0.1372881914553525,0.9577600212194558,0.05867561236000754
2025-04,DR normal,dr_normal,volume,30161,37611067.0,0.01323640694245744,0.00622025224312582,7.898556128193,0.574623951165458,0.9168862452107513,0.24333767946927065
2025-04,DR normal,dr_normal,contract_balanced,30161,176.0,0.01323640694245744,0.00622025224312582,13.837641173600652,0.36034736293334346,0.8813061645430259,0.08401096432612135
2025-04,DR-AS normal,dras_normal,equal,30161,30161.0,0.01323640694245744,0.00622025224312582,5.19433718166365,0.1345293079676968,0.961572892145486,0.06080793147085853
2025-04,DR-AS normal,dras_normal,volume,30161,37611067.0,0.01323640694245744,0.00622025224312582,7.39345602534695,0.5526732873559039,0.9453494898190471,0.2582404661662913
2025-04,DR-AS normal,dras_normal,contract_balanced,30161,176.0,0.01323640694245744,0.00622025224312582,13.153139722909064,0.3404670177034994,0.9198043636119644,0.1091202877064498
2025-04,"Beta, no hurdle",beta_no_hurdle,equal,30161,30161.0,0.01323640694245744,0.00622025224312582,5.645737979133536,0.1349394463242425,0.9604787639667121,0.060169343314422086
2025-04,"Beta, no hurdle",beta_no_hurdle,volume,30161,37611067.0,0.01323640694245744,0.00622025224312582,16.514107045967467,0.5501177579392977,0.9337767524649063,0.25124328111864835
2025-04,"Beta, no hurdle",beta_no_hurdle,contract_balanced,30161,176.0,0.01323640694245744,0.00622025224312582,14.140009333095865,0.34320256616068956,0.909975771245414,0.10223900469034168
2025-04,"Hurdle beta, post-hoc coherence",hurdle_posthoc,equal,30161,30161.0,0.01323640694245744,0.00622025224312582,19.118776570404904,0.1571979460743532,0.8526574052584464,0.04479792747405591
2025-04,"Hurdle beta, post-hoc coherence",hurdle_posthoc,volume,30161,37611067.0,0.01323640694245744,0.00622025224312582,14.999565651921667,0.5867042109318537,0.9253899656715403,0.29383211944651266
2025-04,"Hurdle beta, post-hoc coherence",hurdle_posthoc,contract_balanced,30161,176.0,0.01323640694245744,0.00622025224312582,16.308047682846894,0.34722155737708327,0.8919286857041929,0.10444383789193419
2025-04,MHB,mhb,equal,30161,30161.0,0.01323640694245744,0.00622025224312582,5.132380404494899,0.15692044514681164,0.8557740127979843,0.04537091867343368
2025-04,MHB,mhb,volume,30161,37611067.0,0.01323640694245744,0.00622025224312582,14.497447959899619,0.5925788653304679,0.9248543254569193,0.2966678604126324
2025-04,MHB,mhb,contract_balanced,30161,176.0,0.01323640694245744,0.00622025224312582,12.522414696975687,0.34795697153941496,0.8926616038678075,0.10460884010608096
2025-05,DR normal,dr_normal,equal,55162,55162.0,0.014862800278608592,0.006495685441151173,2.4189868483507215,0.0553341321500622,0.985696675247453,0.03768056628760976
2025-05,DR normal,dr_normal,volume,55162,9293097.0,0.014862800278608592,0.006495685441151173,3.6385770574008016,0.15045116717861992,0.9802482423243832,0.13033623137638534
2025-05,DR normal,dr_normal,contract_balanced,55162,194.0,0.014862800278608592,0.006495685441151173,9.274388548878642,0.1872854883001489,0.963559339230814,0.056192358967306066
2025-05,DR-AS normal,dras_normal,equal,55162,55162.0,0.014862800278608592,0.006495685441151173,2.3643527104708992,0.0556014227336457,0.9865487110692144,0.03871390390738
2025-05,DR-AS normal,dras_normal,volume,55162,9293097.0,0.014862800278608592,0.006495685441151173,2.8668729314428214,0.15810283918691215,0.9914748549380255,0.14701947486578765
2025-05,DR-AS normal,dras_normal,contract_balanced,55162,194.0,0.014862800278608592,0.006495685441151173,6.59705416842847,0.18338666502695983,0.9706963041552477,0.07440376401495069
2025-05,"Beta, no hurdle",beta_no_hurdle,equal,55162,55162.0,0.014862800278608592,0.006495685441151173,2.4725941843304615,0.05582766092506497,0.9864580689605162,0.03864372742314785
2025-05,"Beta, no hurdle",beta_no_hurdle,volume,55162,9293097.0,0.014862800278608592,0.006495685441151173,2.874800741649739,0.15764016402208245,0.9872515050687624,0.14308617569494653
2025-05,"Beta, no hurdle",beta_no_hurdle,contract_balanced,55162,194.0,0.014862800278608592,0.006495685441151173,6.728271615625259,0.1868504055226282,0.9689337625906073,0.06897984751675099
2025-05,"Hurdle beta, post-hoc coherence",hurdle_posthoc,equal,55162,55162.0,0.014862800278608592,0.006495685441151173,8.451864872161345,0.06127971110272678,0.9194554222109423,0.023703450449736735
2025-05,"Hurdle beta, post-hoc coherence",hurdle_posthoc,volume,55162,9293097.0,0.014862800278608592,0.006495685441151173,4.515776607163292,0.16859149919495023,0.9716717688408935,0.14947764516513856
2025-05,"Hurdle beta, post-hoc coherence",hurdle_posthoc,contract_balanced,55162,194.0,0.014862800278608592,0.006495685441151173,8.416676095291344,0.18467994362172196,0.9616654643569131,0.06630293442840182
2025-05,MHB,mhb,equal,55162,55162.0,0.014862800278608592,0.006495685441151173,1.9258402608219478,0.061165494482909644,0.9231898770893006,0.024694288502301195
2025-05,MHB,mhb,volume,55162,9293097.0,0.014862800278608592,0.006495685441151173,2.8321339114026163,0.16955726887605382,0.9723148268010116,0.15064537638686837
2025-05,MHB,mhb,contract_balanced,55162,194.0,0.014862800278608592,0.006495685441151173,6.099111154648753,0.18492231571695963,0.9611147753075027,0.06638044745193722
2025-06,DR normal,dr_normal,equal,66781,66781.0,0.014834827432993592,0.00648821145850506,2.67710140453205,0.058979821096217605,0.9842470163669308,0.034170113279597014
2025-06,DR normal,dr_normal,volume,66781,7274693.0,0.014834827432993592,0.00648821145850506,3.21691139599659,0.1554649076609051,0.96807507890711,0.12278582444353943
2025-06,DR normal,dr_normal,contract_balanced,66781,174.0,0.014834827432993592,0.00648821145850506,7.178984521847356,0.18310861516451288,0.9581971414605814,0.05204426768196656
2025-06,DR-AS normal,dras_normal,equal,66781,66781.0,0.014834827432993592,0.00648821145850506,2.634507080080735,0.058669216133636744,0.9855048591665295,0.035395508355353024
2025-06,DR-AS normal,dras_normal,volume,66781,7274693.0,0.014834827432993592,0.00648821145850506,2.8175369675927935,0.15857939552499078,0.9846315164090087,0.14381190416990167
2025-06,DR-AS normal,dras_normal,contract_balanced,66781,174.0,0.014834827432993592,0.00648821145850506,5.137275942998972,0.17448534999137386,0.9861171477100774,0.07563479091279436
2025-06,"Beta, no hurdle",beta_no_hurdle,equal,66781,66781.0,0.014834827432993592,0.00648821145850506,2.627791465918679,0.05906262739513565,0.9853251673380155,0.03539692266681297
2025-06,"Beta, no hurdle",beta_no_hurdle,volume,66781,7274693.0,0.014834827432993592,0.00648821145850506,2.97488278954218,0.15572015960994337,0.9816918734577528,0.1368707982118929
2025-06,"Beta, no hurdle",beta_no_hurdle,contract_balanced,66781,174.0,0.014834827432993592,0.00648821145850506,6.075573499274244,0.1694844019970554,0.9797319783280443,0.0682714351230793
2025-06,"Hurdle beta, post-hoc coherence",hurdle_posthoc,equal,66781,66781.0,0.014834827432993592,0.00648821145850506,6.549783667179813,0.06485562927628398,0.9215495425345533,0.021214506296053908
2025-06,"Hurdle beta, post-hoc coherence",hurdle_posthoc,volume,66781,7274693.0,0.014834827432993592,0.00648821145850506,5.065286731634108,0.16566625317108508,0.9715095881022058,0.14363690820442127
2025-06,"Hurdle beta, post-hoc coherence",hurdle_posthoc,contract_balanced,66781,174.0,0.014834827432993592,0.00648821145850506,6.6575417182094405,0.17075255986823745,0.9700927471774514,0.06636333354651874
2025-06,MHB,mhb,equal,66781,66781.0,0.014834827432993592,0.00648821145850506,2.029359743203351,0.06449767758126697,0.92611670984262,0.022374024080333857
2025-06,MHB,mhb,volume,66781,7274693.0,0.014834827432993592,0.00648821145850506,2.7206435425413495,0.16649515765978834,0.9708593888429381,0.14439878176064905
2025-06,MHB,mhb,contract_balanced,66781,174.0,0.014834827432993592,0.00648821145850506,5.509372186309682,0.1701118128518342,0.9695852111017983,0.06659413938569879
2025-07,DR normal,dr_normal,equal,71389,71389.0,0.014813161383894885,0.006478183861781132,2.1222444408484287,0.05612304572600979,0.9889198616033281,0.038900633750079384
2025-07,DR normal,dr_normal,volume,71389,10171882.0,0.014813161383894885,0.006478183861781132,3.6478169212609575,0.1946378031397627,0.9729740278151083,0.16513568583866106
2025-07,DR normal,dr_normal,contract_balanced,71389,168.0,0.014813161383894885,0.006478183861781132,7.142542756286013,0.14075666634550937,0.9464570108755167,0.06339980371159891
2025-07,DR-AS normal,dras_normal,equal,71389,71389.0,0.014813161383894885,0.006478183861781132,2.0264866253618363,0.05539326843501446,0.9899704436257686,0.04005457862397458
2025-07,DR-AS normal,dras_normal,volume,71389,10171882.0,0.014813161383894885,0.006478183861781132,3.0941314868150656,0.20152408381757614,0.9855277518948804,0.18862384647818461
2025-07,DR-AS normal,dras_normal,contract_balanced,71389,168.0,0.014813161383894885,0.006478183861781132,2.3501087668941913,0.10355352010329386,0.9780477028127692,0.0882274692082923
2025-07,"Beta, no hurdle",beta_no_hurdle,equal,71389,71389.0,0.014813161383894885,0.006478183861781132,2.0150159481725463,0.05599216961501446,0.9897743349815796,0.0402858508463929
2025-07,"Beta, no hurdle",beta_no_hurdle,volume,71389,10171882.0,0.014813161383894885,0.006478183861781132,3.16163414075415,0.19966806094574824,0.9835094429919655,0.18233212019842687
2025-07,"Beta, no hurdle",beta_no_hurdle,contract_balanced,71389,168.0,0.014813161383894885,0.006478183861781132,2.4001232570435267,0.10416353597069292,0.9736404720523222,0.08123801319608318
2025-07,"Hurdle beta, post-hoc coherence",hurdle_posthoc,equal,71389,71389.0,0.014813161383894885,0.006478183861781132,7.100419367489009,0.0598842372776858,0.9383098236422978,0.02662017354998569
2025-07,"Hurdle beta, post-hoc coherence",hurdle_posthoc,volume,71389,10171882.0,0.014813161383894885,0.006478183861781132,3.5446714687705794,0.20822048960789064,0.9773653489098675,0.19076837817170245
2025-07,"Hurdle beta, post-hoc coherence",hurdle_posthoc,contract_balanced,71389,168.0,0.014813161383894885,0.006478183861781132,2.9613328487993265,0.10294686796807478,0.9683205695018097,0.07956783547033518
2025-07,MHB,mhb,equal,71389,71389.0,0.014813161383894885,0.006478183861781132,1.3484773446434906,0.06006689743964041,0.9424421129305636,0.027876848984062896
2025-07,MHB,mhb,volume,71389,10171882.0,0.014813161383894885,0.006478183861781132,2.8936308243799673,0.20933790996810048,0.9773235670645806,0.19183570059696264
2025-07,MHB,mhb,contract_balanced,71389,168.0,0.014813161383894885,0.006478183861781132,1.7587928689991164,0.10323225476972248,0.968867694102697,0.07983373742508508
2025-08,DR normal,dr_normal,equal,83228,83228.0,0.014778925001329463,0.006469004796457488,2.8441523462046194,0.052923470931994586,0.9917335512087277,0.02977107783388682
2025-08,DR normal,dr_normal,volume,83228,8394413.0,0.014778925001329463,0.006469004796457488,2.685802474636355,0.12938909639700796,0.9695088864462589,0.1169294158640272
2025-08,DR normal,dr_normal,contract_balanced,83228,177.0,0.014778925001329463,0.006469004796457488,2.7592705526122696,0.07931947718522134,0.9771885484529554,0.05408477800972382
2025-08,DR-AS normal,dras_normal,equal,83228,83228.0,0.014778925001329463,0.006469004796457488,2.8488539929103505,0.053208584065860653,0.9921901283221992,0.03027405932283718
2025-08,DR-AS normal,dras_normal,volume,83228,8394413.0,0.014778925001329463,0.006469004796457488,2.827161103919298,0.1417622074714994,0.9931346003585957,0.13552885256963032
2025-08,DR-AS normal,dras_normal,contract_balanced,83228,177.0,0.014778925001329463,0.006469004796457488,2.9656616447751425,0.09147207523538992,0.988866599701515,0.0710846009271831
2025-08,"Beta, no hurdle",beta_no_hurdle,equal,83228,83228.0,0.014778925001329463,0.006469004796457488,2.8563109067567125,0.05324181316708733,0.9920819916374297,0.030253482145370464
2025-08,"Beta, no hurdle",beta_no_hurdle,volume,83228,8394413.0,0.014778925001329463,0.006469004796457488,2.7865423831661724,0.13852920735032634,0.9815969264319017,0.1309327156760569
2025-08,"Beta, no hurdle",beta_no_hurdle,contract_balanced,83228,177.0,0.014778925001329463,0.006469004796457488,2.8890530097947984,0.08917577453893469,0.9856541657479639,0.06774563900281577
2025-08,"Hurdle beta, post-hoc coherence",hurdle_posthoc,equal,83228,83228.0,0.014778925001329463,0.006469004796457488,4.491576585192664,0.052077184037132976,0.9541380304705147,0.018067638398868782
2025-08,"Hurdle beta, post-hoc coherence",hurdle_posthoc,volume,83228,8394413.0,0.014778925001329463,0.006469004796457488,2.9087332123871072,0.149662638207276,0.9869718108937455,0.14058506051189146
2025-08,"Hurdle beta, post-hoc coherence",hurdle_posthoc,contract_balanced,83228,177.0,0.014778925001329463,0.006469004796457488,2.4866834052675,0.08692583284004396,0.9838834706836319,0.06449603514128627
2025-08,MHB,mhb,equal,83228,83228.0,0.014778925001329463,0.006469004796457488,1.9850753838130704,0.052233592394328676,0.9564809919738548,0.018957776329898233
2025-08,MHB,mhb,volume,83228,8394413.0,0.014778925001329463,0.006469004796457488,2.6282514284393597,0.15037409459568152,0.9868289777974946,0.14134472393726924
2025-08,MHB,mhb,contract_balanced,83228,177.0,0.014778925001329463,0.006469004796457488,2.1262765156293764,0.08730652726858791,0.9838659143067758,0.06487309373603772
2025-09,DR normal,dr_normal,equal,81667,81667.0,0.014719214541189088,0.006446847934146182,3.5468269191274695,0.06569524855519451,0.9880980077632334,0.03393037473050422
2025-09,DR normal,dr_normal,volume,81667,10557246.0,0.014719214541189088,0.006446847934146182,3.0652819819886634,0.17523087443571486,0.9856044843513166,0.16675016726365965
2025-09,DR normal,dr_normal,contract_balanced,81667,176.0,0.014719214541189088,0.006446847934146182,13.238107775264712,0.27020002350898314,0.9450015371986467,0.0573060048239107
2025-09,DR-AS normal,dras_normal,equal,81667,81667.0,0.014719214541189088,0.006446847934146182,3.509558169280946,0.06558299954232841,0.9886122913784023,0.03443764957506278
2025-09,DR-AS normal,dras_normal,volume,81667,10557246.0,0.014719214541189088,0.006446847934146182,3.029642141599237,0.18139367898953165,0.9975924592455268,0.17927260259765276
2025-09,DR-AS normal,dras_normal,contract_balanced,81667,176.0,0.014719214541189088,0.006446847934146182,9.343637085778694,0.22962896849644557,0.9822652178603724,0.08267282434776416
2025-09,"Beta, no hurdle",beta_no_hurdle,equal,81667,81667.0,0.014719214541189088,0.006446847934146182,3.541187521902669,0.06598042070787961,0.9885143325945607,0.03477296386470339
2025-09,"Beta, no hurdle",beta_no_hurdle,volume,81667,10557246.0,0.014719214541189088,0.006446847934146182,2.9980341204230747,0.18226922693556308,0.9914784594391378,0.17882170524002952
2025-09,"Beta, no hurdle",beta_no_hurdle,contract_balanced,81667,176.0,0.014719214541189088,0.006446847934146182,7.560793155220216,0.22492694330101723,0.9731557951702884,0.0758114177179681
2025-09,"Hurdle beta, post-hoc coherence",hurdle_posthoc,equal,81667,81667.0,0.014719214541189088,0.006446847934146182,5.96426275825657,0.06292500290415941,0.9552205909363632,0.020596740973946977
2025-09,"Hurdle beta, post-hoc coherence",hurdle_posthoc,volume,81667,10557246.0,0.014719214541189088,0.006446847934146182,4.791858295234473,0.2047817534436227,0.9853106577226675,0.19876638131418484
2025-09,"Hurdle beta, post-hoc coherence",hurdle_posthoc,contract_balanced,81667,176.0,0.014719214541189088,0.006446847934146182,6.748082276831057,0.22477220836869266,0.9697428892158863,0.07467723365182721
2025-09,MHB,mhb,equal,81667,81667.0,0.014719214541189088,0.006446847934146182,2.4565267772432846,0.06311384081635221,0.9573144599409797,0.02145466827758169
2025-09,MHB,mhb,volume,81667,10557246.0,0.014719214541189088,0.006446847934146182,2.65233387431494,0.20661457371118708,0.9860390673855663,0.20079031534809394
2025-09,MHB,mhb,contract_balanced,81667,176.0,0.014719214541189088,0.006446847934146182,5.499515394557988,0.22518221461676297,0.9664916477181682,0.0751242944653517
2025-10,DR normal,dr_normal,equal,92417,92417.0,0.01467813628631431,0.00642886058874045,2.8789722904664696,0.05921073852607464,0.9908350195310385,0.03415756938659584
2025-10,DR normal,dr_normal,volume,92417,7922877.0,0.01467813628631431,0.00642886058874045,9.025203163614801,0.22779476954601724,0.9746930313319264,0.1154174074509449
2025-10,DR normal,dr_normal,contract_balanced,92417,296.0,0.01467813628631431,0.00642886058874045,6.455435080928015,0.13120214499450514,0.9743764960574381,0.039950651607075977
2025-10,DR-AS normal,dras_normal,equal,92417,92417.0,0.01467813628631431,0.00642886058874045,2.7813763831046416,0.05792760591009276,0.9914193276128849,0.03471771685424979
2025-10,DR-AS normal,dras_normal,volume,92417,7922877.0,0.01467813628631431,0.00642886058874045,5.656191786171489,0.18224943075598787,0.9904914591000213,0.141867087930004
2025-10,DR-AS normal,dras_normal,contract_balanced,92417,296.0,0.01467813628631431,0.00642886058874045,2.630167073308886,0.08213301698201417,0.9910920801409054,0.06240701403275233
2025-10,"Beta, no hurdle",beta_no_hurdle,equal,92417,92417.0,0.01467813628631431,0.00642886058874045,2.779853900026007,0.05846040554515036,0.9913868660527824,0.03488498329538779
2025-10,"Beta, no hurdle",beta_no_hurdle,volume,92417,7922877.0,0.01467813628631431,0.00642886058874045,13.251962693462918,0.1967043708964808,0.9774997138034579,0.15060356551168874
2025-10,"Beta, no hurdle",beta_no_hurdle,contract_balanced,92417,296.0,0.01467813628631431,0.00642886058874045,2.30076328412813,0.08064672789841393,0.9891978243615189,0.05811084850818353
2025-10,"Hurdle beta, post-hoc coherence",hurdle_posthoc,equal,92417,92417.0,0.01467813628631431,0.00642886058874045,5.413109654312738,0.0581277062563671,0.9619009489596069,0.025263121144280313
2025-10,"Hurdle beta, post-hoc coherence",hurdle_posthoc,volume,92417,7922877.0,0.01467813628631431,0.00642886058874045,12.557593548304355,0.18163566205696474,0.9732739761074165,0.1357329630142508
2025-10,"Hurdle beta, post-hoc coherence",hurdle_posthoc,contract_balanced,92417,296.0,0.01467813628631431,0.00642886058874045,1.8558004327330928,0.0825355484262056,0.9853893746047035,0.059932379604146324
2025-10,MHB,mhb,equal,92417,92417.0,0.01467813628631431,0.00642886058874045,1.6906818769921093,0.058628931905819685,0.9639027451659326,0.026419229120937436
2025-10,MHB,mhb,volume,92417,7922877.0,0.01467813628631431,0.00642886058874045,10.481186393494903,0.17958102848902374,0.9724021968282482,0.13373050749775348
2025-10,MHB,mhb,contract_balanced,92417,296.0,0.01467813628631431,0.00642886058874045,1.2932100888315499,0.08305145503404564,0.9847651705406264,0.060519919730667504
2025-11,DR normal,dr_normal,equal,93254,93254.0,0.014773856199588455,0.006440749695123974,1.8300995810364107,0.04140086370604652,0.9926544705857122,0.024863664841496734
2025-11,DR normal,dr_normal,volume,93254,6330962.0,0.014773856199588455,0.006440749695123974,2.891728304117909,0.17323470583530132,0.9312682653915787,0.06556191295154717
2025-11,DR normal,dr_normal,contract_balanced,93254,257.0,0.014773856199588455,0.006440749695123974,5.093934411865492,0.1188157451109563,0.9756284818187192,0.042052489185320334
2025-11,DR-AS normal,dras_normal,equal,93254,93254.0,0.014773856199588455,0.006440749695123974,1.8223942091848881,0.04122601668825277,0.9933729384262338,0.02540339946608751
2025-11,DR-AS normal,dras_normal,volume,93254,6330962.0,0.014773856199588455,0.006440749695123974,2.610154685549981,0.1235529110427069,0.9805045425955804,0.10942953570753688
2025-11,DR-AS normal,dras_normal,contract_balanced,93254,257.0,0.014773856199588455,0.006440749695123974,2.8685014643022306,0.08876605860276196,0.9914081478723737,0.05854998157467488
2025-11,"Beta, no hurdle",beta_no_hurdle,equal,93254,93254.0,0.014773856199588455,0.006440749695123974,1.8308544317090554,0.04119683450597855,0.9934265554292577,0.02531913339366336
2025-11,"Beta, no hurdle",beta_no_hurdle,volume,93254,6330962.0,0.014773856199588455,0.006440749695123974,2.444685452261673,0.12025911046761358,0.9786256812155878,0.0997107703764965
2025-11,"Beta, no hurdle",beta_no_hurdle,contract_balanced,93254,257.0,0.014773856199588455,0.006440749695123974,2.8791962308944576,0.0897512740801607,0.9903659383507826,0.05474744996240287
2025-11,"Hurdle beta, post-hoc coherence",hurdle_posthoc,equal,93254,93254.0,0.014773856199588455,0.006440749695123974,2.9272623406342104,0.04037610420297051,0.972473030647479,0.016257574334409986
2025-11,"Hurdle beta, post-hoc coherence",hurdle_posthoc,volume,93254,6330962.0,0.014773856199588455,0.006440749695123974,1.976953738961774,0.1258055434893547,0.9716104756275586,0.10426375081615771
2025-11,"Hurdle beta, post-hoc coherence",hurdle_posthoc,contract_balanced,93254,257.0,0.014773856199588455,0.006440749695123974,2.3997284146993163,0.09282764306248695,0.9857146104001191,0.056499186428885254
2025-11,MHB,mhb,equal,93254,93254.0,0.014773856199588455,0.006440749695123974,0.9981356907864161,0.04052209054456206,0.9742102215454566,0.017065677411840195
2025-11,MHB,mhb,volume,93254,6330962.0,0.014773856199588455,0.006440749695123974,1.8784629228480312,0.1260867500589538,0.975117841490756,0.10496751806306254
2025-11,MHB,mhb,contract_balanced,93254,257.0,0.014773856199588455,0.006440749695123974,1.765729443698424,0.09282295140204495,0.9872564027434618,0.056793191650290786
2025-12,DR normal,dr_normal,equal,82496,82496.0,0.01479000333925166,0.00641101376314581,2.328056016171496,0.053179440450076415,0.9901934639255239,0.029450918356632372
2025-12,DR normal,dr_normal,volume,82496,5887620.0,0.01479000333925166,0.00641101376314581,2.7066914020674586,0.09182052978739286,0.9649851722767433,0.05245104363621935
2025-12,DR normal,dr_normal,contract_balanced,82496,259.0,0.01479000333925166,0.00641101376314581,3.2378291973994484,0.07703779129210431,0.9839730219127591,0.041246425326127184
2025-12,DR-AS normal,dras_normal,equal,82496,82496.0,0.01479000333925166,0.00641101376314581,2.325983581294259,0.05325011708674191,0.990787432117921,0.030081301852440567
2025-12,DR-AS normal,dras_normal,volume,82496,5887620.0,0.01479000333925166,0.00641101376314581,2.9186481639649604,0.10724114857739618,0.9830738057143633,0.0805666787011261
2025-12,DR-AS normal,dras_normal,contract_balanced,82496,259.0,0.01479000333925166,0.00641101376314581,3.4856302980844234,0.09125034641060706,0.9901405921645865,0.060082018737588706
2025-12,"Beta, no hurdle",beta_no_hurdle,equal,82496,82496.0,0.01479000333925166,0.00641101376314581,2.57398999355106,0.05354568384749413,0.9905328743211793,0.03016878059760869
2025-12,"Beta, no hurdle",beta_no_hurdle,volume,82496,5887620.0,0.01479000333925166,0.00641101376314581,3.8753557471343436,0.10205874090752415,0.9793473423896243,0.07136415252581463
2025-12,"Beta, no hurdle",beta_no_hurdle,contract_balanced,82496,259.0,0.01479000333925166,0.00641101376314581,3.917305738763638,0.087510408223291,0.9885446417400581,0.05476012786182931
2025-12,"Hurdle beta, post-hoc coherence",hurdle_posthoc,equal,82496,82496.0,0.01479000333925166,0.00641101376314581,3.8726372676159437,0.05461356985703602,0.9643497866563229,0.020836880152690904
2025-12,"Hurdle beta, post-hoc coherence",hurdle_posthoc,volume,82496,5887620.0,0.01479000333925166,0.00641101376314581,3.0022138722779736,0.1036677671051061,0.9677905503412245,0.0712537645636083
2025-12,"Hurdle beta, post-hoc coherence",hurdle_posthoc,contract_balanced,82496,259.0,0.01479000333925166,0.00641101376314581,4.332071936327408,0.08596645700049782,0.9807099622011707,0.052292568218225755
2025-12,MHB,mhb,equal,82496,82496.0,0.01479000333925166,0.00641101376314581,1.7353123030892161,0.05452667983374597,0.9662892746314974,0.021604454403976688
2025-12,MHB,mhb,volume,82496,5887620.0,0.01479000333925166,0.00641101376314581,2.639393211466025,0.10426505551829121,0.9682221339013047,0.07219375282061666
2025-12,MHB,mhb,contract_balanced,82496,259.0,0.01479000333925166,0.00641101376314581,2.878571429057541,0.08692079282458984,0.9812794681386168,0.0533507407406439
2026-01,DR normal,dr_normal,equal,78009,78009.0,0.01479379428378202,0.006380871621629163,2.521334975940483,0.07206706953185482,0.988988450050635,0.04852724225458216
2026-01,DR normal,dr_normal,volume,78009,71614556.0,0.01479379428378202,0.006380871621629163,3.4094296152366534,0.2588305795110733,0.9584962587773358,0.1905797756046943
2026-01,DR normal,dr_normal,contract_balanced,78009,271.0,0.01479379428378202,0.006380871621629163,11.590403155838331,0.22164553801583603,0.9525654105719339,0.05865326922015206
2026-01,DR-AS normal,dras_normal,equal,78009,78009.0,0.01479379428378202,0.006380871621629163,2.421892294084734,0.07133574396650733,0.9900139727467341,0.04978122458201148
2026-01,DR-AS normal,dras_normal,volume,78009,71614556.0,0.01479379428378202,0.006380871621629163,3.4366118791641367,0.2531076117362472,0.9614842267541253,0.2062209008369232
2026-01,DR-AS normal,dras_normal,contract_balanced,78009,271.0,0.01479379428378202,0.006380871621629163,3.3893911252113407,0.15526553469138785,0.9768561708448096,0.0885679630738985
2026-01,"Beta, no hurdle",beta_no_hurdle,equal,78009,78009.0,0.01479379428378202,0.006380871621629163,2.528649900695389,0.07191040765971596,0.9893217449268671,0.04974510533332302
2026-01,"Beta, no hurdle",beta_no_hurdle,volume,78009,71614556.0,0.01479379428378202,0.006380871621629163,10.320015553506764,0.2576172744088992,0.9445089766387715,0.20176310401807535
2026-01,"Beta, no hurdle",beta_no_hurdle,contract_balanced,78009,271.0,0.01479379428378202,0.006380871621629163,5.234329829809036,0.17816210283946823,0.970416395495171,0.07756419066008116
2026-01,"Hurdle beta, post-hoc coherence",hurdle_posthoc,equal,78009,78009.0,0.01479379428378202,0.006380871621629163,6.677349344196763,0.06949196756231278,0.9492109884756885,0.03240572905519795
2026-01,"Hurdle beta, post-hoc coherence",hurdle_posthoc,volume,78009,71614556.0,0.01479379428378202,0.006380871621629163,14.49307168295654,0.26016431712427146,0.9481557631942871,0.21572948256953578
2026-01,"Hurdle beta, post-hoc coherence",hurdle_posthoc,contract_balanced,78009,271.0,0.01479379428378202,0.006380871621629163,5.539752447594887,0.17902591270173443,0.9645207852708775,0.07637280544421148
2026-01,MHB,mhb,equal,78009,78009.0,0.01479379428378202,0.006380871621629163,1.6905518109734667,0.06949667789826008,0.9517619761822351,0.03348213642050242
2026-01,MHB,mhb,volume,78009,71614556.0,0.01479379428378202,0.006380871621629163,9.963073259712385,0.2608012197806908,0.9482526429403542,0.21822762073801194
2026-01,MHB,mhb,contract_balanced,78009,271.0,0.01479379428378202,0.006380871621629163,4.247392808785037,0.1796619421522644,0.9646993805551038,0.07709215260803931
2026-02,DR normal,dr_normal,equal,44788,44788.0,0.01467066703149409,0.006275355244453807,3.059775728154593,0.08223625492727851,0.982227382334554,0.05308188784961026
2026-02,DR normal,dr_normal,volume,44788,18906605.0,0.01467066703149409,0.006275355244453807,1.3642813279887909,0.04100122880254502,0.986735746581684,0.037546009263956716
2026-02,DR normal,dr_normal,contract_balanced,44788,244.99999999999997,0.01467066703149409,0.006275355244453807,3.024620620390341,0.1154247312017844,0.9483304117655051,0.05294312047442976
2026-02,DR-AS normal,dras_normal,equal,44788,44788.0,0.01467066703149409,0.006275355244453807,3.015926716689406,0.08216249883457297,0.9837009913369654,0.05467862940288182
2026-02,DR-AS normal,dras_normal,volume,44788,18906605.0,0.01467066703149409,0.006275355244453807,1.7652651601240317,0.05113081580806832,0.9982905444949001,0.05017711204297561
2026-02,DR-AS normal,dras_normal,contract_balanced,44788,244.99999999999997,0.01467066703149409,0.006275355244453807,2.866779293990687,0.10260986476223227,0.9723576720426101,0.0715068514475917
2026-02,"Beta, no hurdle",beta_no_hurdle,equal,44788,44788.0,0.01467066703149409,0.006275355244453807,3.4277819485033545,0.08236127240349266,0.9833214253817988,0.05439975275155848
2026-02,"Beta, no hurdle",beta_no_hurdle,volume,44788,18906605.0,0.01467066703149409,0.006275355244453807,2.379794987010512,0.04679688235962924,0.9961020500507627,0.04546000372607162
2026-02,"Beta, no hurdle",beta_no_hurdle,contract_balanced,44788,244.99999999999997,0.01467066703149409,0.006275355244453807,6.408848874410247,0.10465030091679095,0.9625017113136172,0.06674113623332968
2026-02,"Hurdle beta, post-hoc coherence",hurdle_posthoc,equal,44788,44788.0,0.01467066703149409,0.006275355244453807,8.02173221517623,0.0808541507368549,0.9331740644815577,0.033268272670952774
2026-02,"Hurdle beta, post-hoc coherence",hurdle_posthoc,volume,44788,18906605.0,0.01467066703149409,0.006275355244453807,1.8139507284208316,0.043809775353465766,0.986566863802359,0.03994664098239573
2026-02,"Hurdle beta, post-hoc coherence",hurdle_posthoc,contract_balanced,44788,244.99999999999997,0.01467066703149409,0.006275355244453807,7.142454897438917,0.10852557497488846,0.9538083128054874,0.06411952286146758
2026-02,MHB,mhb,equal,44788,44788.0,0.01467066703149409,0.006275355244453807,2.5301431843831703,0.08112223510233839,0.9355854246673218,0.034365767236765585
2026-02,MHB,mhb,volume,44788,18906605.0,0.01467066703149409,0.006275355244453807,1.5744210933222154,0.043708625386892484,0.9868495692378403,0.03993297281874645
2026-02,MHB,mhb,contract_balanced,44788,244.99999999999997,0.01467066703149409,0.006275355244453807,5.703537391643212,0.10815473811811456,0.9554619569210752,0.06516444084418808
2026-03,DR normal,dr_normal,equal,60588,60588.0,0.014625064446765375,0.00616181310278471,6.715479231540274,0.17668677253412796,0.9541493365022775,0.055295202601689485
2026-03,DR normal,dr_normal,volume,60588,170626465.0,0.014625064446765375,0.00616181310278471,3.0416033418558026,0.0798397485062295,0.9657481446386407,0.045405975426829906
2026-03,DR normal,dr_normal,contract_balanced,60588,283.0,0.014625064446765375,0.00616181310278471,16.67704689634119,0.4727720473987968,0.9103252039957622,0.061342949801707486
2026-03,DR-AS normal,dras_normal,equal,60588,60588.0,0.014625064446765375,0.00616181310278471,6.079655992768355,0.16835392029063512,0.9585561497326203,0.05935783664038372
2026-03,DR-AS normal,dras_normal,volume,60588,170626465.0,0.014625064446765375,0.00616181310278471,2.3780723570916784,0.08554271525073365,0.9844827295695308,0.06109303030397475
2026-03,DR-AS normal,dras_normal,contract_balanced,60588,283.0,0.014625064446765375,0.00616181310278471,6.074934686427307,0.2672271188688774,0.9536173891703412,0.10524961516248157
2026-03,"Beta, no hurdle",beta_no_hurdle,equal,60588,60588.0,0.014625064446765375,0.00616181310278471,6.0546693221719865,0.17082301879752287,0.9565260447613388,0.05803310989778928
2026-03,"Beta, no hurdle",beta_no_hurdle,volume,60588,170626465.0,0.014625064446765375,0.00616181310278471,2.278475833619648,0.08291725238789724,0.9816560871726434,0.05607759401290594
2026-03,"Beta, no hurdle",beta_no_hurdle,contract_balanced,60588,283.0,0.014625064446765375,0.00616181310278471,5.5656171780855885,0.3143459422995879,0.9382221750929289,0.09044754036979462
2026-03,"Hurdle beta, post-hoc coherence",hurdle_posthoc,equal,60588,60588.0,0.014625064446765375,0.00616181310278471,9.421593685720598,0.17885843977420723,0.89126559714795,0.03799632976821452
2026-03,"Hurdle beta, post-hoc coherence",hurdle_posthoc,volume,60588,170626465.0,0.014625064446765375,0.00616181310278471,1.192825130881907,0.08317566583578792,0.9709543651390773,0.05632915526316952
2026-03,"Hurdle beta, post-hoc coherence",hurdle_posthoc,contract_balanced,60588,283.0,0.014625064446765375,0.00616181310278471,4.7083019392509495,0.31320956606369627,0.9292532948343339,0.08811919630641489
2026-03,MHB,mhb,equal,60588,60588.0,0.014625064446765375,0.00616181310278471,4.55580793254762,0.17825157493516974,0.8940714332871195,0.03877895789372563
2026-03,MHB,mhb,volume,60588,170626465.0,0.014625064446765375,0.00616181310278471,1.1278069929967733,0.08240174606511162,0.9707998463192684,0.05562563217048078
2026-03,MHB,mhb,contract_balanced,60588,283.0,0.014625064446765375,0.00616181310278471,3.9700513259857373,0.31320734178443627,0.9299228945791613,0.08890145653464288
2026-04,DR normal,dr_normal,equal,34686,34686.0,0.015927834758096147,0.005550466431258103,3.7117234311097276,0.11492584711312274,0.9730150492994292,0.07458875451502106
2026-04,DR normal,dr_normal,volume,34686,57098820.51,0.015927834758096147,0.005550466431258103,3.972307587954882,0.4405653487768535,0.9785385687645617,0.3040656178523505
2026-04,DR normal,dr_normal,contract_balanced,34686,148.0,0.015927834758096147,0.005550466431258103,3.0298092802985117,0.1502950121957266,0.9768282602353242,0.11745224211831587
2026-04,DR-AS normal,dras_normal,equal,34686,34686.0,0.015927834758096147,0.005550466431258103,3.529462131437535,0.11320347453740626,0.9745430433027734,0.07579455103971672
2026-04,DR-AS normal,dras_normal,volume,34686,57098820.51,0.015927834758096147,0.005550466431258103,3.9479340491164896,0.4332021352219521,0.9786958660593181,0.31204383536582186
2026-04,DR-AS normal,dras_normal,contract_balanced,34686,148.0,0.015927834758096147,0.005550466431258103,2.865591032635577,0.14882231459175604,0.9828418512385387,0.12505709361914102
2026-04,"Beta, no hurdle",beta_no_hurdle,equal,34686,34686.0,0.015927834758096147,0.005550466431258103,3.5156700971379498,0.11485709500934835,0.9741394222452863,0.07659668109321334
2026-04,"Beta, no hurdle",beta_no_hurdle,volume,34686,57098820.51,0.015927834758096147,0.005550466431258103,4.24349931929184,0.43968111057504705,0.9787146464822833,0.30605010452518316
2026-04,"Beta, no hurdle",beta_no_hurdle,contract_balanced,34686,148.0,0.015927834758096147,0.005550466431258103,2.9020584042278315,0.1558910962371755,0.9836412642169751,0.12785224510091886
2026-04,"Hurdle beta, post-hoc coherence",hurdle_posthoc,equal,34686,34686.0,0.015927834758096147,0.005550466431258103,19.39854645182769,0.13175049703813194,0.8367641123219742,0.04266572747974154
2026-04,"Hurdle beta, post-hoc coherence",hurdle_posthoc,volume,34686,57098820.51,0.015927834758096147,0.005550466431258103,3.8809146084159822,0.47776793106678134,0.9761067117006197,0.34662404049066164
2026-04,"Hurdle beta, post-hoc coherence",hurdle_posthoc,contract_balanced,34686,148.0,0.015927834758096147,0.005550466431258103,18.541466257570704,0.16688294890401406,0.9432737491913239,0.12351634599355349
2026-04,MHB,mhb,equal,34686,34686.0,0.015927834758096147,0.005550466431258103,3.241073910256831,0.13115602566861928,0.8435680101481866,0.04470676654931474
2026-04,MHB,mhb,volume,34686,57098820.51,0.015927834758096147,0.005550466431258103,3.1128037863147426,0.48064746399232916,0.9764077159918904,0.35024677048102076
2026-04,MHB,mhb,contract_balanced,34686,148.0,0.015927834758096147,0.005550466431258103,2.3909256902421143,0.16837335314724144,0.946887527822224,0.12656274061940637
