month,model,model_slug,weighting,n,weight_sum,k_original,k_mhb,negative_log_score,interval_score,coverage,width
2022-03,DR normal,dr_normal,equal,1951,1951.0,0.10905516490091453,0.06208793466950718,10.202921251067576,0.15169195326696333,0.9431060994361867,0.02569842663705637
2022-03,DR normal,dr_normal,volume,1951,267821.0,0.10905516490091453,0.06208793466950718,6.564355814273615,0.0963362571953747,0.9412966122895515,0.041195724464039025
2022-03,DR normal,dr_normal,contract_balanced,1951,54.0,0.10905516490091453,0.06208793466950718,11.36189440691989,0.25962298865620104,0.8407031044548361,0.02635995085131592
2022-03,DR-AS normal,dras_normal,equal,1951,1951.0,0.10905516490091453,0.06208793466950718,9.312781237430247,0.1478591671822057,0.9605330599692468,0.03513853467694727
2022-03,DR-AS normal,dras_normal,volume,1951,267821.0,0.10905516490091453,0.06208793466950718,2.853547066370357,0.12903186017323082,0.9877119419313645,0.11351721888655673
2022-03,DR-AS normal,dras_normal,contract_balanced,1951,54.0,0.10905516490091453,0.06208793466950718,4.3742786080102825,0.19635486120472928,0.9227688487334682,0.06817620332499044
2022-03,"Beta, no hurdle",beta_no_hurdle,equal,1951,1951.0,0.10905516490091453,0.06208793466950718,9.586221353746161,0.14706245346560273,0.9569451563300873,0.03216921543183494
2022-03,"Beta, no hurdle",beta_no_hurdle,volume,1951,267821.0,0.10905516490091453,0.06208793466950718,2.7526643275128757,0.11388659355314562,0.9779591592892267,0.09325802568688764
2022-03,"Beta, no hurdle",beta_no_hurdle,contract_balanced,1951,54.0,0.10905516490091453,0.06208793466950718,4.307591107159855,0.20319395571220178,0.8942108557009435,0.055791416278038394
2022-03,"Hurdle beta, post-hoc coherence",hurdle_posthoc,equal,1951,1951.0,0.10905516490091453,0.06208793466950718,5.7925398664258285,0.14755715876794412,0.9656586365966173,0.03808008599951577
2022-03,"Hurdle beta, post-hoc coherence",hurdle_posthoc,volume,1951,267821.0,0.10905516490091453,0.06208793466950718,2.1188395638848947,0.12022486902301888,0.9877119419313645,0.10398668972098676
2022-03,"Hurdle beta, post-hoc coherence",hurdle_posthoc,contract_balanced,1951,54.0,0.10905516490091453,0.06208793466950718,1.8773992171751566,0.19161651629465232,0.9290819800465995,0.06557440008677536
2022-03,MHB,mhb,equal,1951,1951.0,0.10905516490091453,0.06208793466950718,6.154618308496223,0.14753442158189495,0.9656586365966173,0.03800696214806234
2022-03,MHB,mhb,volume,1951,267821.0,0.10905516490091453,0.06208793466950718,2.118730521778356,0.12024705184391023,0.9877119419313645,0.10401224813315935
2022-03,MHB,mhb,contract_balanced,1951,54.0,0.10905516490091453,0.06208793466950718,1.869817478037287,0.19149011862538207,0.9290819800465995,0.06521986783984403
2022-04,DR normal,dr_normal,equal,5155,5155.0,0.0922893944277448,0.04475876700396431,11.898535610206057,0.22655502214668816,0.9216294859359844,0.036717035825565014
2022-04,DR normal,dr_normal,volume,5155,340865.0,0.0922893944277448,0.04475876700396431,4.5444791109614675,0.14275241707752864,0.9095888401566603,0.04508208081928157
2022-04,DR normal,dr_normal,contract_balanced,5155,103.0,0.0922893944277448,0.04475876700396431,14.959120148131383,0.2758566591635288,0.8799915086548641,0.02988719910719954
2022-04,DR-AS normal,dras_normal,equal,5155,5155.0,0.0922893944277448,0.04475876700396431,11.917884236905817,0.22724105073694606,0.9278370514064016,0.04189051230116801
2022-04,DR-AS normal,dras_normal,volume,5155,340865.0,0.0922893944277448,0.04475876700396431,4.7575831999648335,0.13822371624159202,0.987828025757998,0.11469085916215094
2022-04,DR-AS normal,dras_normal,contract_balanced,5155,103.0,0.0922893944277448,0.04475876700396431,15.229575164018035,0.28585278020641947,0.9385516302937014,0.07005457248772567
2022-04,"Beta, no hurdle",beta_no_hurdle,equal,5155,5155.0,0.0922893944277448,0.04475876700396431,11.289173654262932,0.22580853748329197,0.927643064985451,0.03974333205026668
2022-04,"Beta, no hurdle",beta_no_hurdle,volume,5155,340865.0,0.0922893944277448,0.04475876700396431,4.576344413968908,0.11998940041332437,0.9802443782729232,0.08970021961233932
2022-04,"Beta, no hurdle",beta_no_hurdle,contract_balanced,5155,103.0,0.0922893944277448,0.04475876700396431,14.267378062277588,0.2756380083151082,0.9349334792264175,0.055583629650090505
2022-04,"Hurdle beta, post-hoc coherence",hurdle_posthoc,equal,5155,5155.0,0.0922893944277448,0.04475876700396431,7.1266497813579655,0.22585760300950886,0.9408341416100873,0.049802280353279785
2022-04,"Hurdle beta, post-hoc coherence",hurdle_posthoc,volume,5155,340865.0,0.0922893944277448,0.04475876700396431,3.1649597377572807,0.12776665279284394,0.9863875727927478,0.10312483756108987
2022-04,"Hurdle beta, post-hoc coherence",hurdle_posthoc,contract_balanced,5155,103.0,0.0922893944277448,0.04475876700396431,7.208582597727707,0.2779176681079999,0.9446079547336101,0.06584830105185088
2022-04,MHB,mhb,equal,5155,5155.0,0.0922893944277448,0.04475876700396431,6.9943883706023104,0.22619811384032168,0.9387002909796314,0.049646949363080034
2022-04,MHB,mhb,volume,5155,340865.0,0.0922893944277448,0.04475876700396431,3.1664880683551306,0.1278121977722374,0.9863875727927478,0.10327584871174054
2022-04,MHB,mhb,contract_balanced,5155,103.0,0.0922893944277448,0.04475876700396431,6.696009416805757,0.2785920207435647,0.9425719001205214,0.06564519027196922
2022-05,DR normal,dr_normal,equal,7016,7016.0,0.10038331386168699,0.04456238307538082,7.68836207765002,0.14564915146416635,0.9441277080957811,0.04911543621694886
2022-05,DR normal,dr_normal,volume,7016,489920.0,0.10038331386168699,0.04456238307538082,12.798239386815629,0.30596054354913305,0.8898514043109078,0.09647473547269925
2022-05,DR normal,dr_normal,contract_balanced,7016,132.0,0.10038331386168699,0.04456238307538082,22.931980077780782,0.3280716807993318,0.840006346191443,0.03797883624373679
2022-05,DR-AS normal,dras_normal,equal,7016,7016.0,0.10038331386168699,0.04456238307538082,6.663617463983374,0.1432613233599862,0.9505416191562144,0.05407625278874377
2022-05,DR-AS normal,dras_normal,volume,7016,489920.0,0.10038331386168699,0.04456238307538082,3.63705242979326,0.28772511695064273,0.974171293272371,0.16110191638453644
2022-05,DR-AS normal,dras_normal,contract_balanced,7016,132.0,0.10038331386168699,0.04456238307538082,4.419904590585312,0.27087111942927217,0.9209941777261464,0.07656661305066587
2022-05,"Beta, no hurdle",beta_no_hurdle,equal,7016,7016.0,0.10038331386168699,0.04456238307538082,6.721844592718381,0.14401855695070842,0.9475484606613456,0.05253711955651174
2022-05,"Beta, no hurdle",beta_no_hurdle,volume,7016,489920.0,0.10038331386168699,0.04456238307538082,3.614911644719627,0.2845826663920757,0.9575359242325278,0.13596117100087154
2022-05,"Beta, no hurdle",beta_no_hurdle,contract_balanced,7016,132.0,0.10038331386168699,0.04456238307538082,5.211448836153636,0.2837010329184476,0.8896881373721692,0.061714914105300105
2022-05,"Hurdle beta, post-hoc coherence",hurdle_posthoc,equal,7016,7016.0,0.10038331386168699,0.04456238307538082,2.168561763842871,0.14710353825037253,0.9462656784492589,0.06012965574409153
2022-05,"Hurdle beta, post-hoc coherence",hurdle_posthoc,volume,7016,489920.0,0.10038331386168699,0.04456238307538082,2.531903258882875,0.2910270327795854,0.9642288536903985,0.155059542147647
2022-05,"Hurdle beta, post-hoc coherence",hurdle_posthoc,contract_balanced,7016,132.0,0.10038331386168699,0.04456238307538082,2.682736765278594,0.27718992295757683,0.8949766346097447,0.07114254851989642
2022-05,MHB,mhb,equal,7016,7016.0,0.10038331386168699,0.04456238307538082,2.259466169106531,0.14732737174422478,0.9472633979475484,0.06062170724719661
2022-05,MHB,mhb,volume,7016,489920.0,0.10038331386168699,0.04456238307538082,2.5280889134450186,0.29099339452840994,0.9642900881776616,0.1551019727147763
2022-05,MHB,mhb,contract_balanced,7016,132.0,0.10038331386168699,0.04456238307538082,2.681741973869155,0.27738157936774677,0.8950107033741388,0.07118886264747865
2022-06,DR normal,dr_normal,equal,8290,8290.0,0.19646635177373803,0.09363007179577432,4.624010053071512,0.08724403174066424,0.9487334137515078,0.043019198430005776
2022-06,DR normal,dr_normal,volume,8290,782035.0,0.19646635177373803,0.09363007179577432,20.869128306857267,0.610033491689308,0.8018554156783264,0.06741644869897592
2022-06,DR normal,dr_normal,contract_balanced,8290,138.0,0.19646635177373803,0.09363007179577432,33.25879521022943,0.29998936753160677,0.8014621587985383,0.03782691326755077
2022-06,DR-AS normal,dras_normal,equal,8290,8290.0,0.19646635177373803,0.09363007179577432,3.368883540084694,0.08216502255520707,0.9632086851628466,0.053998749617362216
2022-06,DR-AS normal,dras_normal,volume,8290,782035.0,0.19646635177373803,0.09363007179577432,5.164142298343414,0.2563171918794191,0.9427442505770203,0.19351113930653766
2022-06,DR-AS normal,dras_normal,contract_balanced,8290,138.0,0.19646635177373803,0.09363007179577432,3.043753618765253,0.16273765372861382,0.9365568255954904,0.12017976494425239
2022-06,"Beta, no hurdle",beta_no_hurdle,equal,8290,8290.0,0.19646635177373803,0.09363007179577432,3.3008187851087136,0.08122410784230928,0.9615199034981905,0.05021055361120136
2022-06,"Beta, no hurdle",beta_no_hurdle,volume,8290,782035.0,0.19646635177373803,0.09363007179577432,5.148842109751796,0.30980137711894146,0.8945609851221494,0.15077939839278895
2022-06,"Beta, no hurdle",beta_no_hurdle,contract_balanced,8290,138.0,0.19646635177373803,0.09363007179577432,3.014435896763672,0.18660611662964294,0.9240496113804184,0.0945083280739482
2022-06,"Hurdle beta, post-hoc coherence",hurdle_posthoc,equal,8290,8290.0,0.19646635177373803,0.09363007179577432,1.6191659764126358,0.08632231956829178,0.9708082026537996,0.06081589670548195
2022-06,"Hurdle beta, post-hoc coherence",hurdle_posthoc,volume,8290,782035.0,0.19646635177373803,0.09363007179577432,3.027942242864125,0.2849401982774353,0.939707302102847,0.17080335089511428
2022-06,"Hurdle beta, post-hoc coherence",hurdle_posthoc,contract_balanced,8290,138.0,0.19646635177373803,0.09363007179577432,2.15653381504618,0.17936754444959768,0.9328403709754869,0.10928707622953593
2022-06,MHB,mhb,equal,8290,8290.0,0.19646635177373803,0.09363007179577432,1.6189728441000186,0.08642245109988245,0.9709288299155607,0.06090804139921735
2022-06,MHB,mhb,volume,8290,782035.0,0.19646635177373803,0.09363007179577432,3.0282368749894477,0.28495871856473953,0.939707302102847,0.1710223139543503
2022-06,MHB,mhb,contract_balanced,8290,138.0,0.19646635177373803,0.09363007179577432,2.1553941879141156,0.17928891638045144,0.9328403709754869,0.1093702738733095
2022-07,DR normal,dr_normal,equal,11319,11319.0,0.21431497881364972,0.10925022282980205,3.1501181934210782,0.08096284130125764,0.9560915275200988,0.044479524592386036
2022-07,DR normal,dr_normal,volume,11319,1251272.0,0.21431497881364972,0.10925022282980205,6.1869931436916,0.26026352255917884,0.849671374409401,0.0949616784245002
2022-07,DR normal,dr_normal,contract_balanced,11319,120.99999999999999,0.21431497881364972,0.10925022282980205,5.9739226313219245,0.10340779473449851,0.9115301995941809,0.045568006466894434
2022-07,DR-AS normal,dras_normal,equal,11319,11319.0,0.21431497881364972,0.10925022282980205,2.701768122354947,0.07911042264464838,0.9681950702358864,0.05556519068835935
2022-07,DR-AS normal,dras_normal,volume,11319,1251272.0,0.21431497881364972,0.10925022282980205,3.4372656934021157,0.24445732657542094,0.9767276819108874,0.2174973653720356
2022-07,DR-AS normal,dras_normal,contract_balanced,11319,120.99999999999999,0.21431497881364972,0.10925022282980205,2.51137030258981,0.12095076996998366,0.9933193116018691,0.11847052407088973
2022-07,"Beta, no hurdle",beta_no_hurdle,equal,11319,11319.0,0.21431497881364972,0.10925022282980205,3.0811836004247635,0.07843106256302462,0.9660747415849456,0.052310339865661235
2022-07,"Beta, no hurdle",beta_no_hurdle,volume,11319,1251272.0,0.21431497881364972,0.10925022282980205,5.962738115370332,0.230924870153927,0.9638951403052254,0.18159786272671635
2022-07,"Beta, no hurdle",beta_no_hurdle,contract_balanced,11319,120.99999999999999,0.21431497881364972,0.10925022282980205,2.5763816233197057,0.10686225011549536,0.9815578112222094,0.0992432790522287
2022-07,"Hurdle beta, post-hoc coherence",hurdle_posthoc,equal,11319,11319.0,0.21431497881364972,0.10925022282980205,1.7062886955888708,0.08263276492618611,0.9714639102394202,0.06090083080591321
2022-07,"Hurdle beta, post-hoc coherence",hurdle_posthoc,volume,11319,1251272.0,0.21431497881364972,0.10925022282980205,5.509399463913587,0.2413354217543189,0.9677024659706284,0.2021091636188565
2022-07,"Hurdle beta, post-hoc coherence",hurdle_posthoc,contract_balanced,11319,120.99999999999999,0.21431497881364972,0.10925022282980205,1.565311512637526,0.1147181030596894,0.9836354238607683,0.1096974317929269
2022-07,MHB,mhb,equal,11319,11319.0,0.21431497881364972,0.10925022282980205,1.6428831979073824,0.0828231194660402,0.9717289513207878,0.06116389758942316
2022-07,MHB,mhb,volume,11319,1251272.0,0.21431497881364972,0.10925022282980205,5.50928341401989,0.2415765042779667,0.9677024659706284,0.20229470189129675
2022-07,MHB,mhb,contract_balanced,11319,120.99999999999999,0.21431497881364972,0.10925022282980205,1.5656343117644982,0.11514461103688324,0.9836354238607683,0.11002019070566883
2022-08,DR normal,dr_normal,equal,9850,9850.0,0.17375031453028947,0.0872051161140337,2.632615298957547,0.06948721275168114,0.9739086294416244,0.04263290145754126
2022-08,DR normal,dr_normal,volume,9850,635520.0,0.17375031453028947,0.0872051161140337,3.3081250718726793,0.13495498570686712,0.9481715760322256,0.08147542026196802
2022-08,DR normal,dr_normal,contract_balanced,9850,113.0,0.17375031453028947,0.0872051161140337,4.014380242600795,0.08984336815248023,0.9557155274891767,0.04178017803034424
2022-08,DR-AS normal,dras_normal,equal,9850,9850.0,0.17375031453028947,0.0872051161140337,2.6104973179856676,0.07302596085064843,0.9780710659898477,0.04969688198368216
2022-08,DR-AS normal,dras_normal,volume,9850,635520.0,0.17375031453028947,0.0872051161140337,3.5333239002943677,0.18113189741384428,0.9931504909365559,0.16743874339330556
2022-08,DR-AS normal,dras_normal,contract_balanced,9850,113.0,0.17375031453028947,0.0872051161140337,4.351960059952323,0.12169528619224068,0.983730678796333,0.09046776564535572
2022-08,"Beta, no hurdle",beta_no_hurdle,equal,9850,9850.0,0.17375031453028947,0.0872051161140337,2.9929198454906167,0.07119092894265018,0.9764467005076143,0.04719111931121171
2022-08,"Beta, no hurdle",beta_no_hurdle,volume,9850,635520.0,0.17375031453028947,0.0872051161140337,3.3634199367279045,0.1578120924933151,0.9789416540785498,0.13722132282852115
2022-08,"Beta, no hurdle",beta_no_hurdle,contract_balanced,9850,113.0,0.17375031453028947,0.0872051161140337,4.752493703420239,0.10833876230608389,0.9767891970271441,0.07409571791880988
2022-08,"Hurdle beta, post-hoc coherence",hurdle_posthoc,equal,9850,9850.0,0.17375031453028947,0.0872051161140337,1.386416989670162,0.07612469913622719,0.9736040609137055,0.05262704865011164
2022-08,"Hurdle beta, post-hoc coherence",hurdle_posthoc,volume,9850,635520.0,0.17375031453028947,0.0872051161140337,2.622601868356993,0.16972223442476175,0.9901073136958711,0.15368095657065706
2022-08,"Hurdle beta, post-hoc coherence",hurdle_posthoc,contract_balanced,9850,113.0,0.17375031453028947,0.0872051161140337,1.8608432951753264,0.11771528012556032,0.9722380535075892,0.0832756020096958
2022-08,MHB,mhb,equal,9850,9850.0,0.17375031453028947,0.0872051161140337,1.3111583341284372,0.07620906718823475,0.9741116751269036,0.052851992897725866
2022-08,MHB,mhb,volume,9850,635520.0,0.17375031453028947,0.0872051161140337,2.6227535873934373,0.1698510815464717,0.9901088872104734,0.15379839357604902
2022-08,MHB,mhb,contract_balanced,9850,113.0,0.17375031453028947,0.0872051161140337,1.8585100083952264,0.11792737826664862,0.9722483797123991,0.08338066636183039
2022-09,DR normal,dr_normal,equal,7309,7309.0,0.1709585167244289,0.0833266442767253,5.856952069623672,0.10182626021230903,0.9322752770556845,0.03964423922131044
2022-09,DR normal,dr_normal,volume,7309,1077011.0,0.1709585167244289,0.0833266442767253,13.715304976047857,0.18016815607839617,0.8542679694079263,0.055059258703995424
2022-09,DR normal,dr_normal,contract_balanced,7309,106.0,0.1709585167244289,0.0833266442767253,7.601917431946063,0.11358040214502957,0.9224347320848132,0.04629930728204057
2022-09,DR-AS normal,dras_normal,equal,7309,7309.0,0.1709585167244289,0.0833266442767253,4.585921595603594,0.09810685332625604,0.9485565740867421,0.0505947321849662
2022-09,DR-AS normal,dras_normal,volume,7309,1077011.0,0.1709585167244289,0.0833266442767253,3.401438333964834,0.1704463433101174,0.9811385399034922,0.1432103701634384
2022-09,DR-AS normal,dras_normal,contract_balanced,7309,106.0,0.1709585167244289,0.0833266442767253,2.5020198183637348,0.11840815734043228,0.9855003298160133,0.10348962646295418
2022-09,"Beta, no hurdle",beta_no_hurdle,equal,7309,7309.0,0.1709585167244289,0.0833266442767253,5.721579105445564,0.09664851809459957,0.9474620331098642,0.04697491934984834
2022-09,"Beta, no hurdle",beta_no_hurdle,volume,7309,1077011.0,0.1709585167244289,0.0833266442767253,3.284337519519916,0.15327086210206586,0.9752481636677806,0.1150306224451246
2022-09,"Beta, no hurdle",beta_no_hurdle,contract_balanced,7309,106.0,0.1709585167244289,0.0833266442767253,3.0420395798606616,0.1078201127315532,0.9818124913841673,0.08664124263640219
2022-09,"Hurdle beta, post-hoc coherence",hurdle_posthoc,equal,7309,7309.0,0.1709585167244289,0.0833266442767253,1.8150552842933863,0.0994305567339107,0.9384320700506222,0.05091804441967865
2022-09,"Hurdle beta, post-hoc coherence",hurdle_posthoc,volume,7309,1077011.0,0.1709585167244289,0.0833266442767253,2.945093389236887,0.1593265647272973,0.977960299384129,0.1264900930577119
2022-09,"Hurdle beta, post-hoc coherence",hurdle_posthoc,contract_balanced,7309,106.0,0.1709585167244289,0.0833266442767253,1.6542170308632103,0.1102024515189533,0.9823373988389814,0.09207437450545951
2022-09,MHB,mhb,equal,7309,7309.0,0.1709585167244289,0.0833266442767253,1.8113854760894763,0.09941764964230089,0.9388425229169515,0.0510878719509569
2022-09,MHB,mhb,volume,7309,1077011.0,0.1709585167244289,0.0833266442767253,2.9455565025048083,0.1595760986241734,0.9788887950076647,0.12667018398304733
2022-09,MHB,mhb,contract_balanced,7309,106.0,0.1709585167244289,0.0833266442767253,1.6501764885321584,0.11153298879169044,0.9824880734616233,0.09336836254057955
2022-10,DR normal,dr_normal,equal,3585,3585.0,0.15474085040131522,0.07834360577228808,3.9710551516196255,0.1079662101657256,0.9383542538354254,0.060918680439333385
2022-10,DR normal,dr_normal,volume,3585,544036.0,0.15474085040131522,0.07834360577228808,6.104593197347875,0.1749140959083112,0.9067782279113882,0.07372649506968826
2022-10,DR normal,dr_normal,contract_balanced,3585,78.0,0.15474085040131522,0.07834360577228808,6.718135491654891,0.12454044568108703,0.9006295925048127,0.0503368602274773
2022-10,DR-AS normal,dras_normal,equal,3585,3585.0,0.15474085040131522,0.07834360577228808,3.7213710432219993,0.1085725913589813,0.9573221757322175,0.0761634801396584
2022-10,DR-AS normal,dras_normal,volume,3585,544036.0,0.15474085040131522,0.07834360577228808,3.037721433367964,0.1781143116633843,0.9929875964090613,0.17053165980098575
2022-10,DR-AS normal,dras_normal,contract_balanced,3585,78.0,0.15474085040131522,0.07834360577228808,5.31942275293003,0.13144595650607468,0.9821100225423165,0.11532385291948631
2022-10,"Beta, no hurdle",beta_no_hurdle,equal,3585,3585.0,0.15474085040131522,0.07834360577228808,3.1420641742179267,0.10546842103379978,0.9562064156206415,0.07096458359242779
2022-10,"Beta, no hurdle",beta_no_hurdle,volume,3585,544036.0,0.15474085040131522,0.07834360577228808,2.8629869936682972,0.15067445906097013,0.9903940180429236,0.14055666800368166
2022-10,"Beta, no hurdle",beta_no_hurdle,contract_balanced,3585,78.0,0.15474085040131522,0.07834360577228808,5.194440957080351,0.11336002630896398,0.9794662343221592,0.09545847247476964
2022-10,"Hurdle beta, post-hoc coherence",hurdle_posthoc,equal,3585,3585.0,0.15474085040131522,0.07834360577228808,1.8711121012453755,0.11050133582253492,0.9514644351464434,0.07786890680846577
2022-10,"Hurdle beta, post-hoc coherence",hurdle_posthoc,volume,3585,544036.0,0.15474085040131522,0.07834360577228808,2.6863613080584843,0.1657344272511763,0.9929398054540509,0.1573293001524647
2022-10,"Hurdle beta, post-hoc coherence",hurdle_posthoc,contract_balanced,3585,78.0,0.15474085040131522,0.07834360577228808,1.931947517162432,0.1223430069803375,0.9808038452143247,0.10321610844385573
2022-10,MHB,mhb,equal,3585,3585.0,0.15474085040131522,0.07834360577228808,1.8643135960992878,0.1109775195961521,0.9511854951185494,0.07839897088987834
2022-10,MHB,mhb,volume,3585,544036.0,0.15474085040131522,0.07834360577228808,2.6853595646329067,0.16575622725483893,0.9929398054540509,0.15734994313739964
2022-10,MHB,mhb,contract_balanced,3585,78.0,0.15474085040131522,0.07834360577228808,1.9325468916152024,0.12247653628620794,0.9804751141163629,0.10336062789298905
2022-11,DR normal,dr_normal,equal,954,954.0,0.13984528602033142,0.07178479335759443,14.547620133127145,0.30985901325681553,0.8647798742138368,0.08011611365637028
2022-11,DR normal,dr_normal,volume,954,353676.0,0.13984528602033142,0.07178479335759443,6.575595735142023,0.27250813975495936,0.7888943552856286,0.06403609196723982
2022-11,DR normal,dr_normal,contract_balanced,954,55.0,0.13984528602033142,0.07178479335759443,105.87145169172713,1.4136387204480687,0.5822275715748552,0.04391887445810871
2022-11,DR-AS normal,dras_normal,equal,954,954.0,0.13984528602033142,0.07178479335759443,11.891107256508164,0.28509451424667964,0.9129979035639416,0.11246328294339579
2022-11,DR-AS normal,dras_normal,volume,954,353676.0,0.13984528602033142,0.07178479335759443,3.2806090052353944,0.21936392055722342,0.9749035840712968,0.1800713638716756
2022-11,DR-AS normal,dras_normal,contract_balanced,954,55.0,0.13984528602033142,0.07178479335759443,93.3447591202618,1.3230770666110652,0.7323554125584055,0.0978599165187205
2022-11,"Beta, no hurdle",beta_no_hurdle,equal,954,954.0,0.13984528602033142,0.07178479335759443,12.666320768662564,0.2859895625851453,0.9046121593291409,0.10151300173185285
2022-11,"Beta, no hurdle",beta_no_hurdle,volume,954,353676.0,0.13984528602033142,0.07178479335759443,3.5089778023516853,0.2052484613503321,0.9707585473710401,0.14661319733405617
2022-11,"Beta, no hurdle",beta_no_hurdle,contract_balanced,954,55.0,0.13984528602033142,0.07178479335759443,93.91248302227173,1.3379399000379573,0.7019760395979886,0.08243130788678615
2022-11,"Hurdle beta, post-hoc coherence",hurdle_posthoc,equal,954,954.0,0.13984528602033142,0.07178479335759443,7.132574813204269,0.29276083962914,0.9098532494758913,0.11935498137611603
2022-11,"Hurdle beta, post-hoc coherence",hurdle_posthoc,volume,954,353676.0,0.13984528602033142,0.07178479335759443,3.1037238946138825,0.21274120414067357,0.9721750981123967,0.16037001128468123
2022-11,"Hurdle beta, post-hoc coherence",hurdle_posthoc,contract_balanced,954,55.0,0.13984528602033142,0.07178479335759443,34.90365611724638,1.3420688076934801,0.6704185251729453,0.09092023462500448
2022-11,MHB,mhb,equal,954,954.0,0.13984528602033142,0.07178479335759443,6.3926316260123865,0.2928544568895023,0.9109014675052414,0.11971199156040466
2022-11,MHB,mhb,volume,954,353676.0,0.13984528602033142,0.07178479335759443,3.104441654118321,0.21277121340024344,0.9721779255589862,0.16032932751879037
2022-11,MHB,mhb,contract_balanced,954,55.0,0.13984528602033142,0.07178479335759443,34.89649095341339,1.3424717472722139,0.6704233970427689,0.09091664224811412
2022-12,DR normal,dr_normal,equal,856,856.0,0.13582966753094206,0.07101995995607983,13.911536778932467,0.2722595758820931,0.9007009345794392,0.10082684702932514
2022-12,DR normal,dr_normal,volume,856,370835.0,0.13582966753094206,0.07101995995607983,11.253402423229232,0.27162210243847157,0.8262057249180904,0.08602187285018584
2022-12,DR normal,dr_normal,contract_balanced,856,53.0,0.13582966753094206,0.07101995995607983,36.834965677411354,0.5177581656173303,0.8166596650147888,0.05355843544078655
2022-12,DR-AS normal,dras_normal,equal,856,856.0,0.13582966753094206,0.07101995995607983,8.807064034508446,0.2551829262876789,0.9357476635514019,0.1265509684598613
2022-12,DR-AS normal,dras_normal,volume,856,370835.0,0.13582966753094206,0.07101995995607983,3.3545033258583876,0.2661531563707662,0.9881726374263486,0.19362655780237792
2022-12,DR-AS normal,dras_normal,contract_balanced,856,53.0,0.13582966753094206,0.07101995995607983,9.885512068013153,0.4396511667410326,0.903394535800595,0.11535219938708154
2022-12,"Beta, no hurdle",beta_no_hurdle,equal,856,856.0,0.13582966753094206,0.07101995995607983,10.410645762771354,0.254429974941191,0.9299065420560747,0.11888763076699413
2022-12,"Beta, no hurdle",beta_no_hurdle,volume,856,370835.0,0.13582966753094206,0.07101995995607983,3.345417951358409,0.25348790753791495,0.985060741300039,0.1694902720807474
2022-12,"Beta, no hurdle",beta_no_hurdle,contract_balanced,856,53.0,0.13582966753094206,0.07101995995607983,10.283038628136937,0.4510456096786668,0.9116865042943333,0.10272974617124783
2022-12,"Hurdle beta, post-hoc coherence",hurdle_posthoc,equal,856,856.0,0.13582966753094206,0.07101995995607983,7.750821932595377,0.26692788477982715,0.9369158878504673,0.13890166610595292
2022-12,"Hurdle beta, post-hoc coherence",hurdle_posthoc,volume,856,370835.0,0.13582966753094206,0.07101995995607983,3.0586793168485507,0.26195405569001917,0.9860584896247657,0.1825535317860151
2022-12,"Hurdle beta, post-hoc coherence",hurdle_posthoc,contract_balanced,856,53.0,0.13582966753094206,0.07101995995607983,10.020206032950503,0.4517528422267799,0.8792694802549925,0.10806524698562622
2022-12,MHB,mhb,equal,856,856.0,0.13582966753094206,0.07101995995607983,6.919610125623266,0.2673207654709515,0.9380841121495327,0.1395047301878512
2022-12,MHB,mhb,volume,856,370835.0,0.13582966753094206,0.07101995995607983,3.0499288321800995,0.2619365463193509,0.9860584896247657,0.1825594996841678
2022-12,MHB,mhb,contract_balanced,856,53.0,0.13582966753094206,0.07101995995607983,10.009347270035965,0.4522239432155429,0.8792694802549925,0.10846664366792959
2023-01,DR normal,dr_normal,equal,418,418.0,0.13333456130548293,0.07040004633779545,9.032906121372454,0.2443677284095148,0.8540669856459329,0.09391904948826517
2023-01,DR normal,dr_normal,volume,418,227288.0,0.13333456130548293,0.07040004633779545,4.150331353298063,0.1909692887086335,0.835156277498152,0.07130973188405307
2023-01,DR normal,dr_normal,contract_balanced,418,34.0,0.13333456130548293,0.07040004633779545,27.045851161673745,0.532361396680597,0.6170488815685276,0.056135344865621106
2023-01,DR-AS normal,dras_normal,equal,418,418.0,0.13333456130548293,0.07040004633779545,7.135441677912219,0.22465736768584385,0.9043062200956936,0.12628315742051452
2023-01,DR-AS normal,dras_normal,volume,418,227288.0,0.13333456130548293,0.07040004633779545,3.2702438603192356,0.19150649121993285,0.9978573439864841,0.18695195288295702
2023-01,DR-AS normal,dras_normal,contract_balanced,418,34.0,0.13333456130548293,0.07040004633779545,4.920674088064145,0.37869062850567714,0.796057284045433,0.1331068625689732
2023-01,"Beta, no hurdle",beta_no_hurdle,equal,418,418.0,0.13333456130548293,0.07040004633779545,7.052473256413423,0.22020387141416714,0.8923444976076553,0.11709019704230061
2023-01,"Beta, no hurdle",beta_no_hurdle,volume,418,227288.0,0.13333456130548293,0.07040004633779545,3.1111408798959803,0.17932207827272528,0.9381973531378691,0.16737282924480662
2023-01,"Beta, no hurdle",beta_no_hurdle,contract_balanced,418,34.0,0.13333456130548293,0.07040004633779545,4.641093872367055,0.3693174400438286,0.790067328484011,0.11396934274328571
2023-01,"Hurdle beta, post-hoc coherence",hurdle_posthoc,equal,418,418.0,0.13333456130548293,0.07040004633779545,4.835222969499375,0.2240832757979479,0.9138755980861242,0.1347836326229851
2023-01,"Hurdle beta, post-hoc coherence",hurdle_posthoc,volume,418,227288.0,0.13333456130548293,0.07040004633779545,3.088692205441606,0.18649934620445288,0.9933344479250994,0.18041223068528764
2023-01,"Hurdle beta, post-hoc coherence",hurdle_posthoc,contract_balanced,418,34.0,0.13333456130548293,0.07040004633779545,3.7067576512949634,0.3836694635591482,0.8104618619965162,0.12434825849685013
2023-01,MHB,mhb,equal,418,418.0,0.13333456130548293,0.07040004633779545,4.8356339653922635,0.224669706320357,0.9138755980861242,0.1354622787963816
2023-01,MHB,mhb,volume,418,227288.0,0.13333456130548293,0.07040004633779545,3.0842538436642437,0.18642059051362364,0.9933344479250994,0.18034427438225942
2023-01,MHB,mhb,contract_balanced,418,34.0,0.13333456130548293,0.07040004633779545,3.707172537001153,0.3834238432463153,0.8104618619965162,0.1243847403486325
2023-02,DR normal,dr_normal,equal,461,461.0,0.1284196822686428,0.06876041125430968,51.85092662575284,0.5405315362660307,0.7527114967462039,0.0627997755639763
2023-02,DR normal,dr_normal,volume,461,330850.0,0.1284196822686428,0.06876041125430968,17.719181811699215,0.18895571026955152,0.8610246335197219,0.06662483582285308
2023-02,DR normal,dr_normal,contract_balanced,461,42.0,0.1284196822686428,0.06876041125430968,171.5591599421029,1.0723961944040292,0.4905794997723226,0.03737338529527384
2023-02,DR-AS normal,dras_normal,equal,461,461.0,0.1284196822686428,0.06876041125430968,40.6041945100245,0.5162105318899931,0.8069414316702819,0.10344102314765469
2023-02,DR-AS normal,dras_normal,volume,461,330850.0,0.1284196822686428,0.06876041125430968,3.3891625366057303,0.2216332078948141,0.9669669034305577,0.19723853903524
2023-02,DR-AS normal,dras_normal,contract_balanced,461,42.0,0.1284196822686428,0.06876041125430968,88.5612599373197,0.8922859520977298,0.718780941966616,0.12169283402497466
2023-02,"Beta, no hurdle",beta_no_hurdle,equal,461,461.0,0.1284196822686428,0.06876041125430968,41.872890028018794,0.5130245369487012,0.8047722342733188,0.08950838674794279
2023-02,"Beta, no hurdle",beta_no_hurdle,volume,461,330850.0,0.1284196822686428,0.06876041125430968,3.4098670380036236,0.20047704662034205,0.9638416200695179,0.16272409210616062
2023-02,"Beta, no hurdle",beta_no_hurdle,contract_balanced,461,42.0,0.1284196822686428,0.06876041125430968,89.54760918594079,0.8887838342233799,0.6904618724033067,0.0978447067772305
2023-02,"Hurdle beta, post-hoc coherence",hurdle_posthoc,equal,461,461.0,0.1284196822686428,0.06876041125430968,19.704426521838027,0.5099987805185254,0.8177874186550975,0.10412585195933255
2023-02,"Hurdle beta, post-hoc coherence",hurdle_posthoc,volume,461,330850.0,0.1284196822686428,0.06876041125430968,3.0949272442716484,0.20335006007686351,0.979555689889678,0.1749877140747116
2023-02,"Hurdle beta, post-hoc coherence",hurdle_posthoc,contract_balanced,461,42.0,0.1284196822686428,0.06876041125430968,28.96915665586778,0.8874733561011658,0.7441095841695085,0.10641618299292678
2023-02,MHB,mhb,equal,461,461.0,0.1284196822686428,0.06876041125430968,19.68208296339681,0.5100417781992139,0.8156182212581344,0.104150232616123
2023-02,MHB,mhb,volume,461,330850.0,0.1284196822686428,0.06876041125430968,3.1011304103289072,0.2035462230024968,0.979555689889678,0.17517496107667518
2023-02,MHB,mhb,contract_balanced,461,42.0,0.1284196822686428,0.06876041125430968,28.891052927867356,0.8879493122371909,0.7417286317885561,0.10664029611721906
2023-03,DR normal,dr_normal,equal,2127,2127.0,0.12466438202514879,0.06678591909468533,31.509208481331747,0.48533672405273515,0.7724494593323931,0.05149392185387372
2023-03,DR normal,dr_normal,volume,2127,1094753.0,0.12466438202514879,0.06678591909468533,9.362976804097297,0.3851219593330021,0.8303800035259095,0.09976595615106637
2023-03,DR normal,dr_normal,contract_balanced,2127,52.0,0.12466438202514879,0.06678591909468533,24.43477005663825,0.4000801902096053,0.7576964789529363,0.04472591612005031
2023-03,DR-AS normal,dras_normal,equal,2127,2127.0,0.12466438202514879,0.06678591909468533,26.13675240329715,0.4507663371332992,0.8110014104372356,0.07666819751004283
2023-03,DR-AS normal,dras_normal,volume,2127,1094753.0,0.12466438202514879,0.06678591909468533,3.4665906345904314,0.2960957994694777,0.958703013373793,0.19433539645983783
2023-03,DR-AS normal,dras_normal,contract_balanced,2127,52.0,0.12466438202514879,0.06678591909468533,3.825824928443213,0.23323654495157845,0.9466386050425479,0.16201696758747683
2023-03,"Beta, no hurdle",beta_no_hurdle,equal,2127,2127.0,0.12466438202514879,0.06678591909468533,27.282621311056907,0.4535379769340932,0.8095909732016926,0.06946488447432612
2023-03,"Beta, no hurdle",beta_no_hurdle,volume,2127,1094753.0,0.12466438202514879,0.06678591909468533,9.939541588974748,0.2973274461667863,0.9568350120986195,0.17416205096982898
2023-03,"Beta, no hurdle",beta_no_hurdle,contract_balanced,2127,52.0,0.12466438202514879,0.06678591909468533,4.809846638693394,0.2328523894557855,0.9419448830857088,0.12834064939721776
2023-03,"Hurdle beta, post-hoc coherence",hurdle_posthoc,equal,2127,2127.0,0.12466438202514879,0.06678591909468533,14.330245786265527,0.438205902475687,0.8392101551480959,0.08028652888180082
2023-03,"Hurdle beta, post-hoc coherence",hurdle_posthoc,volume,2127,1094753.0,0.12466438202514879,0.06678591909468533,9.810186771472367,0.2981719206016869,0.9589222409073097,0.18614594453290595
2023-03,"Hurdle beta, post-hoc coherence",hurdle_posthoc,contract_balanced,2127,52.0,0.12466438202514879,0.06678591909468533,3.1559138499586394,0.23192058311536545,0.9463302578461974,0.14213558160460166
2023-03,MHB,mhb,equal,2127,2127.0,0.12466438202514879,0.06678591909468533,14.336714231746507,0.4382997843285486,0.8387400094029149,0.08037962381493949
2023-03,MHB,mhb,volume,2127,1094753.0,0.12466438202514879,0.06678591909468533,9.81248773311765,0.2983431526393868,0.9589222409073097,0.18630082616555282
2023-03,MHB,mhb,contract_balanced,2127,52.0,0.12466438202514879,0.06678591909468533,3.1551455653793044,0.23198087622701605,0.9463302578461974,0.14206582982629612
2023-04,DR normal,dr_normal,equal,905,905.0,0.12198242423273362,0.06781696076724139,8.862710001918645,0.22537259931125042,0.8276243093922653,0.07525243628293145
2023-04,DR normal,dr_normal,volume,905,638137.0,0.12198242423273362,0.06781696076724139,3.3009370912588585,0.12369511219756152,0.9171854946508352,0.07242369655028741
2023-04,DR normal,dr_normal,contract_balanced,905,43.0,0.12198242423273362,0.06781696076724139,25.08651164528046,0.28748894766612976,0.7331423802419519,0.04753341718407757
2023-04,DR-AS normal,dras_normal,equal,905,905.0,0.12198242423273362,0.06781696076724139,7.014501157571914,0.21878633161009586,0.8707182320441991,0.10634519255370836
2023-04,DR-AS normal,dras_normal,volume,905,638137.0,0.12198242423273362,0.06781696076724139,3.046535577021301,0.1773601668998686,0.9915457025685707,0.16356600852731024
2023-04,DR-AS normal,dras_normal,contract_balanced,905,43.0,0.12198242423273362,0.06781696076724139,3.499206660240046,0.20863467267861957,0.8873109431626154,0.13938683021549075
2023-04,"Beta, no hurdle",beta_no_hurdle,equal,905,905.0,0.12198242423273362,0.06781696076724139,6.237268534577776,0.21459443797971262,0.8651933701657459,0.09725934959612893
2023-04,"Beta, no hurdle",beta_no_hurdle,volume,905,638137.0,0.12198242423273362,0.06781696076724139,2.901991696607388,0.15226450587533996,0.989975506826904,0.13737312955355602
2023-04,"Beta, no hurdle",beta_no_hurdle,contract_balanced,905,43.0,0.12198242423273362,0.06781696076724139,3.4882113209254393,0.1974393586717103,0.8853746862055579,0.11586813607366342
2023-04,"Hurdle beta, post-hoc coherence",hurdle_posthoc,equal,905,905.0,0.12198242423273362,0.06781696076724139,3.2550570996282175,0.20840405114782187,0.8895027624309393,0.11279854789675228
2023-04,"Hurdle beta, post-hoc coherence",hurdle_posthoc,volume,905,638137.0,0.12198242423273362,0.06781696076724139,2.55384140762325,0.16146777503302567,0.9921678260310873,0.14952188259684823
2023-04,"Hurdle beta, post-hoc coherence",hurdle_posthoc,contract_balanced,905,43.0,0.12198242423273362,0.06781696076724139,3.1440399135501105,0.19649994589099323,0.8880279764671479,0.12803429878139225
2023-04,MHB,mhb,equal,905,905.0,0.12198242423273362,0.06781696076724139,3.2566445665579886,0.208656281858202,0.8895027624309393,0.11311492324540565
2023-04,MHB,mhb,volume,905,638137.0,0.12198242423273362,0.06781696076724139,2.554447103645198,0.16159906484327166,0.9921678260310873,0.14966465830427184
2023-04,MHB,mhb,contract_balanced,905,43.0,0.12198242423273362,0.06781696076724139,3.1399465657277283,0.196443398356776,0.8880279764671479,0.12804991478863348
2023-05,DR normal,dr_normal,equal,990,990.0,0.11495335528303334,0.06356104498898377,8.640286182008305,0.25608811305187573,0.8525252525252522,0.062119155810758914
2023-05,DR normal,dr_normal,volume,990,703938.0,0.11495335528303334,0.06356104498898377,3.665269290910373,0.21330174739233237,0.8271538118413838,0.08400958654584156
2023-05,DR normal,dr_normal,contract_balanced,990,42.0,0.11495335528303334,0.06356104498898377,3.9123417025562732,0.1933714501729684,0.8201398177498216,0.05718129374490382
2023-05,DR-AS normal,dras_normal,equal,990,990.0,0.11495335528303334,0.06356104498898377,7.331035341516044,0.2446164686873416,0.8999999999999997,0.09765781677220775
2023-05,DR-AS normal,dras_normal,volume,990,703938.0,0.11495335528303334,0.06356104498898377,3.1448490357058794,0.188789366052371,0.983053905315525,0.17446887748427944
2023-05,DR-AS normal,dras_normal,contract_balanced,990,42.0,0.11495335528303334,0.06356104498898377,3.072627085410697,0.20662115937498915,0.9567299601742415,0.18609572524651918
2023-05,"Beta, no hurdle",beta_no_hurdle,equal,990,990.0,0.11495335528303334,0.06356104498898377,8.528505357753584,0.24312603705145852,0.8979797979797977,0.08819721235625805
2023-05,"Beta, no hurdle",beta_no_hurdle,volume,990,703938.0,0.11495335528303334,0.06356104498898377,7.701296316529113,0.1776623644046001,0.9804130477399999,0.15832768008611403
2023-05,"Beta, no hurdle",beta_no_hurdle,contract_balanced,990,42.0,0.11495335528303334,0.06356104498898377,3.691685042194626,0.18947377659765324,0.9531350209569374,0.15355056799838943
2023-05,"Hurdle beta, post-hoc coherence",hurdle_posthoc,equal,990,990.0,0.11495335528303334,0.06356104498898377,5.3659480071637615,0.23897288829433333,0.9010101010101007,0.10092036126110714
2023-05,"Hurdle beta, post-hoc coherence",hurdle_posthoc,volume,990,703938.0,0.11495335528303334,0.06356104498898377,7.346183735192353,0.18562280147506005,0.981173057854527,0.17039075483426855
2023-05,"Hurdle beta, post-hoc coherence",hurdle_posthoc,contract_balanced,990,42.0,0.11495335528303334,0.06356104498898377,3.5387154747584986,0.19309782757120414,0.9509422882183246,0.1680488382001452
2023-05,MHB,mhb,equal,990,990.0,0.11495335528303334,0.06356104498898377,5.365540031603709,0.2383487374358046,0.9020202020202017,0.10124460212230912
2023-05,MHB,mhb,volume,990,703938.0,0.11495335528303334,0.06356104498898377,7.339647426689451,0.18568901312453728,0.9812014694475935,0.17042033661551192
2023-05,MHB,mhb,contract_balanced,990,42.0,0.11495335528303334,0.06356104498898377,3.534206982562587,0.19312503684578053,0.9510823854458005,0.16803078543374853
2023-06,DR normal,dr_normal,equal,894,894.0,0.10862615216062571,0.060724788446864034,12.766428396091984,0.24972694686115726,0.8534675615212526,0.07193276917093798
2023-06,DR normal,dr_normal,volume,894,477879.0,0.10862615216062571,0.060724788446864034,10.976178575412979,0.2142997509947509,0.885537970908954,0.06858757305510821
2023-06,DR normal,dr_normal,contract_balanced,894,40.0,0.10862615216062571,0.060724788446864034,19.581255453938983,0.26660309211680916,0.7975451709506063,0.051891985628211776
2023-06,DR-AS normal,dras_normal,equal,894,894.0,0.10862615216062571,0.060724788446864034,9.570934158201752,0.246719101523951,0.9071588366890379,0.10978322324005535
2023-06,DR-AS normal,dras_normal,volume,894,477879.0,0.10862615216062571,0.060724788446864034,6.419303566963995,0.25185585743587446,0.9875763530098625,0.16621357699146588
2023-06,DR-AS normal,dras_normal,contract_balanced,894,40.0,0.10862615216062571,0.060724788446864034,5.872599502478141,0.2858918795232053,0.972075910621736,0.18152785605835248
2023-06,"Beta, no hurdle",beta_no_hurdle,equal,894,894.0,0.10862615216062571,0.060724788446864034,8.79118707729453,0.23870729957922976,0.9015659955257268,0.09779508713240141
2023-06,"Beta, no hurdle",beta_no_hurdle,volume,894,477879.0,0.10862615216062571,0.060724788446864034,6.39436045135073,0.23098959548519138,0.9777558754412727,0.13862093535914738
2023-06,"Beta, no hurdle",beta_no_hurdle,contract_balanced,894,40.0,0.10862615216062571,0.060724788446864034,6.916881748560683,0.26492138343180305,0.9649167045506933,0.1485467743870278
2023-06,"Hurdle beta, post-hoc coherence",hurdle_posthoc,equal,894,894.0,0.10862615216062571,0.060724788446864034,6.09787717940287,0.2389981252000568,0.9261744966442951,0.11446250640335363
2023-06,"Hurdle beta, post-hoc coherence",hurdle_posthoc,volume,894,477879.0,0.10862615216062571,0.060724788446864034,5.897415544957623,0.24060978415629464,0.9874842794933445,0.15163264750899144
2023-06,"Hurdle beta, post-hoc coherence",hurdle_posthoc,contract_balanced,894,40.0,0.10862615216062571,0.060724788446864034,5.700725230621441,0.2733209048781204,0.9689965158116944,0.16285873246399907
2023-06,MHB,mhb,equal,894,894.0,0.10862615216062571,0.060724788446864034,6.098367568741384,0.23923193554410632,0.9261744966442951,0.11456518722395798
2023-06,MHB,mhb,volume,894,477879.0,0.10862615216062571,0.060724788446864034,5.896191308376828,0.2406542683947277,0.9874842794933445,0.15166135270796754
2023-06,MHB,mhb,contract_balanced,894,40.0,0.10862615216062571,0.060724788446864034,5.702264891596991,0.2731804397940871,0.9689965158116944,0.1627459519546198
2023-07,DR normal,dr_normal,equal,1982,1982.0,0.1519527546742152,0.08548402655483159,15.687098086378956,0.3655669909865591,0.860242179616549,0.06406116550187826
2023-07,DR normal,dr_normal,volume,1982,369894.0,0.1519527546742152,0.08548402655483159,6.0119004110274785,0.26305184571217805,0.8890087430453049,0.07111477057643587
2023-07,DR normal,dr_normal,contract_balanced,1982,88.0,0.1519527546742152,0.08548402655483159,23.494736675045207,0.4391452611921412,0.8220369951551545,0.05274014304633606
2023-07,DR-AS normal,dras_normal,equal,1982,1982.0,0.1519527546742152,0.08548402655483159,14.619885068551731,0.359553072074568,0.8784056508577196,0.07908402745335778
2023-07,DR-AS normal,dras_normal,volume,1982,369894.0,0.1519527546742152,0.08548402655483159,3.2327050631571015,0.276195205641784,0.9830519013555236,0.1842071631736107
2023-07,DR-AS normal,dras_normal,contract_balanced,1982,88.0,0.1519527546742152,0.08548402655483159,17.954504524390593,0.4209420149949013,0.9025226146066563,0.10946844258143221
2023-07,"Beta, no hurdle",beta_no_hurdle,equal,1982,1982.0,0.1519527546742152,0.08548402655483159,12.62571287422716,0.3586925004047853,0.8768920282542887,0.07471100375168951
2023-07,"Beta, no hurdle",beta_no_hurdle,volume,1982,369894.0,0.1519527546742152,0.08548402655483159,3.168628926673036,0.2571818838645394,0.9822624860095054,0.15124612588607483
2023-07,"Beta, no hurdle",beta_no_hurdle,contract_balanced,1982,88.0,0.1519527546742152,0.08548402655483159,17.56015338445446,0.4169835053731605,0.9004911561308705,0.09449243037880992
2023-07,"Hurdle beta, post-hoc coherence",hurdle_posthoc,equal,1982,1982.0,0.1519527546742152,0.08548402655483159,6.758774253891131,0.3652867175295691,0.8753784056508578,0.08725761289947143
2023-07,"Hurdle beta, post-hoc coherence",hurdle_posthoc,volume,1982,369894.0,0.1519527546742152,0.08548402655483159,2.710758554359797,0.2658427329911775,0.9832465517148157,0.16578459896360098
2023-07,"Hurdle beta, post-hoc coherence",hurdle_posthoc,contract_balanced,1982,88.0,0.1519527546742152,0.08548402655483159,8.618763045356852,0.4228009590722392,0.8840850751685136,0.1060526328664706
2023-07,MHB,mhb,equal,1982,1982.0,0.1519527546742152,0.08548402655483159,6.791126744485375,0.3649291032528572,0.8789101917255299,0.08762495799816626
2023-07,MHB,mhb,volume,1982,369894.0,0.1519527546742152,0.08548402655483159,2.7099009044230047,0.26570813237729246,0.9832465517148157,0.16576584104544567
2023-07,MHB,mhb,contract_balanced,1982,88.0,0.1519527546742152,0.08548402655483159,8.639599947338985,0.4222793209473287,0.8875872016969559,0.10614164778610989
2023-08,DR normal,dr_normal,equal,1833,1833.0,0.1519687141826324,0.08540164607457144,5.462371378447221,0.12175771558808934,0.9121658483360613,0.03771027248907097
2023-08,DR normal,dr_normal,volume,1833,228185.0,0.1519687141826324,0.08540164607457144,9.297069273772074,0.16443940058699735,0.8636676381006639,0.06696501312222039
2023-08,DR normal,dr_normal,contract_balanced,1833,72.0,0.1519687141826324,0.08540164607457144,19.095471284038155,0.24535150058262317,0.8767597472437361,0.04561956014662902
2023-08,DR-AS normal,dras_normal,equal,1833,1833.0,0.1519687141826324,0.08540164607457144,3.6124867184108034,0.1257178277685338,0.9290780141843973,0.058875716841918106
2023-08,DR-AS normal,dras_normal,volume,1833,228185.0,0.1519687141826324,0.08540164607457144,3.37050858075137,0.2652739510080657,0.9945044591011679,0.26230057231735326
2023-08,DR-AS normal,dras_normal,contract_balanced,1833,72.0,0.1519687141826324,0.08540164607457144,4.857222386858181,0.26928185291235024,0.9652500669923811,0.13803539913619867
2023-08,"Beta, no hurdle",beta_no_hurdle,equal,1833,1833.0,0.1519687141826324,0.08540164607457144,3.142146730169812,0.1221953940416615,0.9290780141843973,0.0529107287173036
2023-08,"Beta, no hurdle",beta_no_hurdle,volume,1833,228185.0,0.1519687141826324,0.08540164607457144,3.193630156311548,0.22281652529391197,0.9945000766921577,0.21730311596001906
2023-08,"Beta, no hurdle",beta_no_hurdle,contract_balanced,1833,72.0,0.1519687141826324,0.08540164607457144,4.904581521164037,0.24907128557676966,0.9652494907855735,0.11635897751093993
2023-08,"Hurdle beta, post-hoc coherence",hurdle_posthoc,equal,1833,1833.0,0.1519687141826324,0.08540164607457144,2.763094287504215,0.12163861161213019,0.9405346426623025,0.061428748495214694
2023-08,"Hurdle beta, post-hoc coherence",hurdle_posthoc,volume,1833,228185.0,0.1519687141826324,0.08540164607457144,2.9473723793960676,0.23801992468303917,0.9953371168131122,0.23399830515113632
2023-08,"Hurdle beta, post-hoc coherence",hurdle_posthoc,contract_balanced,1833,72.0,0.1519687141826324,0.08540164607457144,3.4463051474496837,0.25497790212283467,0.9668438962406098,0.12647039537038582
2023-08,MHB,mhb,equal,1833,1833.0,0.1519687141826324,0.08540164607457144,2.756598322002894,0.12160199245197195,0.9416257501363887,0.06154861264111026
2023-08,MHB,mhb,volume,1833,228185.0,0.1519687141826324,0.08540164607457144,2.9474156605561865,0.23784008711055304,0.9953809409032145,0.23382332996810623
2023-08,MHB,mhb,contract_balanced,1833,72.0,0.1519687141826324,0.08540164607457144,3.4231610464529343,0.2552247047181655,0.967436600840371,0.12677303333644035
2023-09,DR normal,dr_normal,equal,1848,1848.0,0.14761764740803404,0.08301694252113732,16.460666106325483,0.2825659911272752,0.8955627705627704,0.045073555010170276
2023-09,DR normal,dr_normal,volume,1848,382814.0,0.14761764740803404,0.08301694252113732,4.043187363405443,0.30357483196687124,0.9391845648278276,0.1050709734077506
2023-09,DR normal,dr_normal,contract_balanced,1848,62.99999999999999,0.14761764740803404,0.08301694252113732,16.311552372611786,0.31200818887937365,0.9023730334960598,0.04461681468183374
2023-09,DR-AS normal,dras_normal,equal,1848,1848.0,0.14761764740803404,0.08301694252113732,16.47486475093202,0.2867134582168107,0.903138528138528,0.0587366498308875
2023-09,DR-AS normal,dras_normal,volume,1848,382814.0,0.14761764740803404,0.08301694252113732,4.190557045383452,0.32130264295400823,0.9736530011964034,0.1976452573003037
2023-09,DR-AS normal,dras_normal,contract_balanced,1848,62.99999999999999,0.14761764740803404,0.08301694252113732,16.091442628011322,0.3327358049594579,0.9398150543327242,0.10915626000694253
2023-09,"Beta, no hurdle",beta_no_hurdle,equal,1848,1848.0,0.14761764740803404,0.08301694252113732,16.495544110471503,0.2841322859584417,0.9015151515151514,0.05465863845750639
2023-09,"Beta, no hurdle",beta_no_hurdle,volume,1848,382814.0,0.14761764740803404,0.08301694252113732,4.136044247761202,0.31889209150956543,0.9707272983746675,0.1775123265920036
2023-09,"Beta, no hurdle",beta_no_hurdle,contract_balanced,1848,62.99999999999999,0.14761764740803404,0.08301694252113732,15.911634092886446,0.3185293006518365,0.9390897979683701,0.09405818191959633
2023-09,"Hurdle beta, post-hoc coherence",hurdle_posthoc,equal,1848,1848.0,0.14761764740803404,0.08301694252113732,13.036772239856004,0.2836075095808945,0.9312770562770563,0.06204138820093438
2023-09,"Hurdle beta, post-hoc coherence",hurdle_posthoc,volume,1848,382814.0,0.14761764740803404,0.08301694252113732,3.9160634338252285,0.31475498656598033,0.9736608379003903,0.1838710554063569
2023-09,"Hurdle beta, post-hoc coherence",hurdle_posthoc,contract_balanced,1848,62.99999999999999,0.14761764740803404,0.08301694252113732,11.100813194385527,0.32012005005734945,0.9504065505393663,0.10013628138744432
2023-09,MHB,mhb,equal,1848,1848.0,0.14761764740803404,0.08301694252113732,13.091420850106122,0.2837903234198468,0.9323593073593073,0.06230165024802579
2023-09,MHB,mhb,volume,1848,382814.0,0.14761764740803404,0.08301694252113732,3.9271761050318066,0.31572493627510634,0.9736608379003903,0.18527059527475315
2023-09,MHB,mhb,contract_balanced,1848,62.99999999999999,0.14761764740803404,0.08301694252113732,11.17295442361258,0.32096340685518265,0.9517868127891937,0.10105803716496485
2023-10,DR normal,dr_normal,equal,1661,1661.0,0.14391134533725136,0.08141447390789137,10.892665875239175,0.19913423612179132,0.8368452739313668,0.03195595453619729
2023-10,DR normal,dr_normal,volume,1661,592729.0,0.14391134533725136,0.08141447390789137,2.416949941655897,0.07481178605059444,0.9275318062723437,0.03817664724667359
2023-10,DR normal,dr_normal,contract_balanced,1661,49.0,0.14391134533725136,0.08141447390789137,53.91672633187795,0.7299660061692518,0.7671618369621891,0.029522123449597246
2023-10,DR-AS normal,dras_normal,equal,1661,1661.0,0.14391134533725136,0.08141447390789137,9.218624258736964,0.19987096400651877,0.8573148705599036,0.05179052692702278
2023-10,DR-AS normal,dras_normal,volume,1661,592729.0,0.14391134533725136,0.08141447390789137,2.7906083848071885,0.14995020474762588,0.9974642711930748,0.146761649731891
2023-10,DR-AS normal,dras_normal,contract_balanced,1661,49.0,0.14391134533725136,0.08141447390789137,25.305958404539815,0.6694410483488942,0.8240792696685728,0.09833380921062371
2023-10,"Beta, no hurdle",beta_no_hurdle,equal,1661,1661.0,0.14391134533725136,0.08141447390789137,9.567014124960227,0.19552547922726599,0.8549066827212523,0.046484869736996476
2023-10,"Beta, no hurdle",beta_no_hurdle,volume,1661,592729.0,0.14391134533725136,0.08141447390789137,2.6706009173318828,0.12919612167852393,0.9958530795692466,0.12483894082115701
2023-10,"Beta, no hurdle",beta_no_hurdle,contract_balanced,1661,49.0,0.14391134533725136,0.08141447390789137,24.108558081316303,0.652955061721812,0.8225757942208527,0.08085680418257413
2023-10,"Hurdle beta, post-hoc coherence",hurdle_posthoc,equal,1661,1661.0,0.14391134533725136,0.08141447390789137,6.302793616315926,0.19105287126122633,0.8964479229379891,0.05338503384860573
2023-10,"Hurdle beta, post-hoc coherence",hurdle_posthoc,volume,1661,592729.0,0.14391134533725136,0.08141447390789137,2.363752047098017,0.13699552347289476,0.9974710196396668,0.1333562201048014
2023-10,"Hurdle beta, post-hoc coherence",hurdle_posthoc,contract_balanced,1661,49.0,0.14391134533725136,0.08141447390789137,7.176692543208626,0.6543259341210883,0.8461144640561062,0.0882981378438034
2023-10,MHB,mhb,equal,1661,1661.0,0.14391134533725136,0.08141447390789137,6.281664791078503,0.19113846695686013,0.8958458759783263,0.05337484749214352
2023-10,MHB,mhb,volume,1661,592729.0,0.14391134533725136,0.08141447390789137,2.36036186358908,0.13714868888084447,0.9974710196396668,0.13351238251248665
2023-10,MHB,mhb,contract_balanced,1661,49.0,0.14391134533725136,0.08141447390789137,7.096123326535736,0.6546035327248939,0.8449139838640294,0.08825970751816847
2023-11,DR normal,dr_normal,equal,1530,1530.0,0.1363283524240546,0.07614560486334827,5.730923157178581,0.13347168718406668,0.8549019607843138,0.028164392164300958
2023-11,DR normal,dr_normal,volume,1530,426823.0,0.1363283524240546,0.07614560486334827,10.626583711271895,0.18322267207835713,0.8577255677411948,0.03884617428177079
2023-11,DR normal,dr_normal,contract_balanced,1530,64.0,0.1363283524240546,0.07614560486334827,9.9746625480187,0.20162998933225135,0.8335194716670514,0.02705501013832191
2023-11,DR-AS normal,dras_normal,equal,1530,1530.0,0.1363283524240546,0.07614560486334827,5.2423258866504625,0.13789452724603585,0.8718954248366015,0.04389374246829249
2023-11,DR-AS normal,dras_normal,volume,1530,426823.0,0.1363283524240546,0.07614560486334827,4.1381038214323205,0.2501959696960019,0.9849633220327865,0.1611145550693956
2023-11,DR-AS normal,dras_normal,contract_balanced,1530,64.0,0.1363283524240546,0.07614560486334827,4.886730045910401,0.24262331644122836,0.9295799306565956,0.119093689116095
2023-11,"Beta, no hurdle",beta_no_hurdle,equal,1530,1530.0,0.1363283524240546,0.07614560486334827,5.044466111248587,0.1347297050283554,0.8725490196078434,0.0397531616866815
2023-11,"Beta, no hurdle",beta_no_hurdle,volume,1530,426823.0,0.1363283524240546,0.07614560486334827,3.393861157030023,0.23152766843133235,0.9849633220327865,0.13971070244281056
2023-11,"Beta, no hurdle",beta_no_hurdle,contract_balanced,1530,64.0,0.1363283524240546,0.07614560486334827,4.313233358728001,0.22497184020127853,0.9299610282175712,0.09872387846931827
2023-11,"Hurdle beta, post-hoc coherence",hurdle_posthoc,equal,1530,1530.0,0.1363283524240546,0.07614560486334827,3.4557322964324495,0.13016092489547998,0.9039215686274511,0.04623357091208166
2023-11,"Hurdle beta, post-hoc coherence",hurdle_posthoc,volume,1530,426823.0,0.1363283524240546,0.07614560486334827,2.7938326077792017,0.23076192178045582,0.9849633220327865,0.14234133169687085
2023-11,"Hurdle beta, post-hoc coherence",hurdle_posthoc,contract_balanced,1530,64.0,0.1363283524240546,0.07614560486334827,3.224136040267231,0.22814616839391683,0.9269968093711115,0.10632620023642544
2023-11,MHB,mhb,equal,1530,1530.0,0.1363283524240546,0.07614560486334827,3.465616295720239,0.1302299592484189,0.9039215686274511,0.04626159716269458
2023-11,MHB,mhb,volume,1530,426823.0,0.1363283524240546,0.07614560486334827,2.8000378629650595,0.23292461054481944,0.9849633220327865,0.14447503987931126
2023-11,MHB,mhb,contract_balanced,1530,64.0,0.1363283524240546,0.07614560486334827,3.23547331113118,0.22854894188527655,0.9269968093711115,0.10670757606348097
2023-12,DR normal,dr_normal,equal,2827,2827.0,0.15794561824323353,0.09192078412107653,4.644904913160348,0.11991059285914546,0.8899893880438625,0.033398170950011616
2023-12,DR normal,dr_normal,volume,2827,263150.0,0.15794561824323353,0.09192078412107653,6.297923912669763,0.134056412380474,0.7840053201596049,0.029003946172461912
2023-12,DR normal,dr_normal,contract_balanced,2827,65.99999999999999,0.15794561824323353,0.09192078412107653,9.588580810186691,0.17713900044466516,0.8334910090888954,0.025551360224545506
2023-12,DR-AS normal,dras_normal,equal,2827,2827.0,0.15794561824323353,0.09192078412107653,3.9325023368165883,0.12084550693858587,0.9016625397948352,0.044381384488273945
2023-12,DR-AS normal,dras_normal,volume,2827,263150.0,0.15794561824323353,0.09192078412107653,3.1795643032381564,0.18426800814291286,0.97415542466274,0.16135809505833928
2023-12,DR-AS normal,dras_normal,contract_balanced,2827,65.99999999999999,0.15794561824323353,0.09192078412107653,3.721071858440226,0.2506729256591656,0.9383593691344263,0.16684951295300338
2023-12,"Beta, no hurdle",beta_no_hurdle,equal,2827,2827.0,0.15794561824323353,0.09192078412107653,3.9153283255513904,0.11892664860061433,0.9009550760523521,0.041358618075989714
2023-12,"Beta, no hurdle",beta_no_hurdle,volume,2827,263150.0,0.15794561824323353,0.09192078412107653,3.050865559121387,0.15975615781628733,0.9712293368801064,0.12985129033545154
2023-12,"Beta, no hurdle",beta_no_hurdle,contract_balanced,2827,65.99999999999999,0.15794561824323353,0.09192078412107653,3.560353469464658,0.22190055199529993,0.9313164715569592,0.1317731091173855
2023-12,"Hurdle beta, post-hoc coherence",hurdle_posthoc,equal,2827,2827.0,0.15794561824323353,0.09192078412107653,2.722768969952442,0.11906918006261237,0.9214715245843649,0.05035519323793523
2023-12,"Hurdle beta, post-hoc coherence",hurdle_posthoc,volume,2827,263150.0,0.15794561824323353,0.09192078412107653,2.5750443096366733,0.16402654295231406,0.9893558806764203,0.14133908523475272
2023-12,"Hurdle beta, post-hoc coherence",hurdle_posthoc,contract_balanced,2827,65.99999999999999,0.15794561824323353,0.09192078412107653,2.7115067612570627,0.22551292924206406,0.9542775430312194,0.14500769727953555
2023-12,MHB,mhb,equal,2827,2827.0,0.15794561824323353,0.09192078412107653,2.723643672719211,0.11904548348943918,0.9214715245843649,0.050305225266992624
2023-12,MHB,mhb,volume,2827,263150.0,0.15794561824323353,0.09192078412107653,2.5733378333172268,0.16398947311868778,0.9893558806764203,0.14126221208037792
2023-12,MHB,mhb,contract_balanced,2827,65.99999999999999,0.15794561824323353,0.09192078412107653,2.7094161792436813,0.22533534066171446,0.9542775430312194,0.14487017870769126
2024-01,DR normal,dr_normal,equal,4754,4754.0,0.15597630239634738,0.09035053870855234,4.348411938689648,0.10563482623610503,0.8729490954985275,0.034825967327947294
2024-01,DR normal,dr_normal,volume,4754,541756.0,0.15597630239634738,0.09035053870855234,30.359617967450504,0.2865767157399405,0.8826796565243394,0.04076754683408821
2024-01,DR normal,dr_normal,contract_balanced,4754,70.0,0.15597630239634738,0.09035053870855234,21.694079934884968,0.2674557084068171,0.8076304039833326,0.038593539397223195
2024-01,DR-AS normal,dras_normal,equal,4754,4754.0,0.15597630239634738,0.09035053870855234,3.5692847445104112,0.10068948933686392,0.8834665544804374,0.04278537823376215
2024-01,DR-AS normal,dras_normal,volume,4754,541756.0,0.15597630239634738,0.09035053870855234,3.082317642269342,0.22567568844270822,0.9517088873958018,0.12985176234937273
2024-01,DR-AS normal,dras_normal,contract_balanced,4754,70.0,0.15597630239634738,0.09035053870855234,3.437036173886494,0.1911704258695534,0.9479589582986319,0.1402942346847807
2024-01,"Beta, no hurdle",beta_no_hurdle,equal,4754,4754.0,0.15597630239634738,0.09035053870855234,3.555572923085865,0.10028467071517896,0.8828355069415228,0.04059202713961748
2024-01,"Beta, no hurdle",beta_no_hurdle,volume,4754,541756.0,0.15597630239634738,0.09035053870855234,3.082408288156185,0.24032332991786862,0.9472363942439032,0.10787140916003385
2024-01,"Beta, no hurdle",beta_no_hurdle,contract_balanced,4754,70.0,0.15597630239634738,0.09035053870855234,3.4257142259629787,0.18469918474742708,0.9419184526579162,0.11467610047879048
2024-01,"Hurdle beta, post-hoc coherence",hurdle_posthoc,equal,4754,4754.0,0.15597630239634738,0.09035053870855234,2.160931806453136,0.09638576876402169,0.9112326461926799,0.04949624547688465
2024-01,"Hurdle beta, post-hoc coherence",hurdle_posthoc,volume,4754,541756.0,0.15597630239634738,0.09035053870855234,3.0083640173288355,0.24148717754014193,0.9511588242677516,0.11810211829763381
2024-01,"Hurdle beta, post-hoc coherence",hurdle_posthoc,contract_balanced,4754,70.0,0.15597630239634738,0.09035053870855234,2.641351625367771,0.18663969454756402,0.9497150798420723,0.1278305263853178
2024-01,MHB,mhb,equal,4754,4754.0,0.15597630239634738,0.09035053870855234,2.1592293896946333,0.09647687983776088,0.9110222970130415,0.04946073795222801
2024-01,MHB,mhb,volume,4754,541756.0,0.15597630239634738,0.09035053870855234,3.011068674784713,0.24163151746605616,0.9502377454056807,0.11811038523282527
2024-01,MHB,mhb,contract_balanced,4754,70.0,0.15597630239634738,0.09035053870855234,2.639191575048958,0.18680504207715537,0.9481576030169528,0.12785346541160741
2024-02,DR normal,dr_normal,equal,2693,2693.0,0.15440100310641536,0.09015038827798355,14.574723406525885,0.24489655156479564,0.829929446713702,0.029267011644308144
2024-02,DR normal,dr_normal,volume,2693,455340.0,0.15440100310641536,0.09015038827798355,3.1967705045978962,0.07100212758491434,0.9078644529362674,0.03914814377599121
2024-02,DR normal,dr_normal,contract_balanced,2693,70.0,0.15440100310641536,0.09015038827798355,36.78693950116886,0.7040869322656479,0.7212200750914477,0.033153134430314965
2024-02,DR-AS normal,dras_normal,equal,2693,2693.0,0.15440100310641536,0.09015038827798355,14.050754859639381,0.24707943943673938,0.8418121054585962,0.03932323266100789
2024-02,DR-AS normal,dras_normal,volume,2693,455340.0,0.15440100310641536,0.09015038827798355,2.8685642631380017,0.15343159334608752,0.9969209821232485,0.15070061262410644
2024-02,DR-AS normal,dras_normal,contract_balanced,2693,70.0,0.15440100310641536,0.09015038827798355,29.554292981551214,0.724533695271489,0.7827396901361516,0.1222378314750722
2024-02,"Beta, no hurdle",beta_no_hurdle,equal,2693,2693.0,0.15440100310641536,0.09015038827798355,14.196147878164137,0.24561028986642408,0.8403267731154844,0.03664307464245847
2024-02,"Beta, no hurdle",beta_no_hurdle,volume,2693,455340.0,0.15440100310641536,0.09015038827798355,2.6782055684301955,0.13153608735456282,0.9945820705406949,0.12631886207337767
2024-02,"Beta, no hurdle",beta_no_hurdle,contract_balanced,2693,70.0,0.15440100310641536,0.09015038827798355,28.523139037049162,0.7193476541500516,0.7719710232595107,0.10177561679764036
2024-02,"Hurdle beta, post-hoc coherence",hurdle_posthoc,equal,2693,2693.0,0.15440100310641536,0.09015038827798355,7.607653559666032,0.24064197859526681,0.8633494244337168,0.044013701807897425
2024-02,"Hurdle beta, post-hoc coherence",hurdle_posthoc,volume,2693,455340.0,0.15440100310641536,0.09015038827798355,2.3822880176692443,0.14180636673196376,0.9947994904906224,0.13806429728283812
2024-02,"Hurdle beta, post-hoc coherence",hurdle_posthoc,contract_balanced,2693,70.0,0.15440100310641536,0.09015038827798355,9.851599298716051,0.7237242641304268,0.7541000650367704,0.11343916587228797
2024-02,MHB,mhb,equal,2693,2693.0,0.15440100310641536,0.09015038827798355,7.605735846919706,0.24083076850463075,0.8640920906052727,0.04397579380382416
2024-02,MHB,mhb,volume,2693,455340.0,0.15440100310641536,0.09015038827798355,2.3829244027807057,0.14172467337543282,0.9947994904906224,0.13797036781503424
2024-02,MHB,mhb,contract_balanced,2693,70.0,0.15440100310641536,0.09015038827798355,9.830577229791713,0.7245556806792338,0.7541000650367704,0.11325963946094542
2024-03,DR normal,dr_normal,equal,2849,2849.0,0.14889190856327159,0.08646534649295338,64.8507491742888,0.9180472194662448,0.6711126711126711,0.028837456785194036
2024-03,DR normal,dr_normal,volume,2849,645355.0,0.14889190856327159,0.08646534649295338,6.613054061554204,0.3500697046560336,0.8474452045773258,0.07836693000075326
2024-03,DR normal,dr_normal,contract_balanced,2849,68.0,0.14889190856327159,0.08646534649295338,71.66932148472993,1.131236978464008,0.5872005350133791,0.026830365893454177
2024-03,DR-AS normal,dras_normal,equal,2849,2849.0,0.14889190856327159,0.08646534649295338,62.59408798133387,0.903655663946273,0.6963846963846964,0.04242444084898196
2024-03,DR-AS normal,dras_normal,volume,2849,645355.0,0.14889190856327159,0.08646534649295338,3.885543108144521,0.32235868151464436,0.9556740088788341,0.19801042024526064
2024-03,DR-AS normal,dras_normal,contract_balanced,2849,68.0,0.14889190856327159,0.08646534649295338,63.53695864636059,1.0670300674517457,0.8045217242780951,0.12767840365760746
2024-03,"Beta, no hurdle",beta_no_hurdle,equal,2849,2849.0,0.14889190856327159,0.08646534649295338,61.57393919127479,0.9019974025154385,0.6939276939276939,0.03872471964806751
2024-03,"Beta, no hurdle",beta_no_hurdle,volume,2849,645355.0,0.14889190856327159,0.08646534649295338,4.2591231347605145,0.29634913736538226,0.9544622727026211,0.1656104387390397
2024-03,"Beta, no hurdle",beta_no_hurdle,contract_balanced,2849,68.0,0.14889190856327159,0.08646534649295338,61.0151376005863,1.051786800440564,0.8013772827342756,0.10684790306312304
2024-03,"Hurdle beta, post-hoc coherence",hurdle_posthoc,equal,2849,2849.0,0.14889190856327159,0.08646534649295338,30.796487892595877,0.8843150614783748,0.7202527202527202,0.04504276705407308
2024-03,"Hurdle beta, post-hoc coherence",hurdle_posthoc,volume,2849,645355.0,0.14889190856327159,0.08646534649295338,4.006634841585761,0.29203491867374776,0.9549643219623309,0.17839310399554725
2024-03,"Hurdle beta, post-hoc coherence",hurdle_posthoc,contract_balanced,2849,68.0,0.14889190856327159,0.08646534649295338,27.03632145034758,1.0583318907793295,0.7947258552467537,0.11637563047792078
2024-03,MHB,mhb,equal,2849,2849.0,0.14889190856327159,0.08646534649295338,30.82366607488013,0.8841579784840948,0.7206037206037206,0.045091754102930384
2024-03,MHB,mhb,volume,2849,645355.0,0.14889190856327159,0.08646534649295338,4.006477471399603,0.29190706342577766,0.9549720696360918,0.1784410565836661
2024-03,MHB,mhb,contract_balanced,2849,68.0,0.14889190856327159,0.08646534649295338,27.01777035927365,1.0585882037572878,0.8094317375996948,0.11650025751902993
2024-04,DR normal,dr_normal,equal,2816,2816.0,0.14994256425906552,0.08631265513495945,19.36475120180335,0.20470483928179423,0.7695312500000001,0.029082003830783444
2024-04,DR normal,dr_normal,volume,2816,611984.0,0.14994256425906552,0.08631265513495945,4.68164185149119,0.17238487886132228,0.7553367408298256,0.05173909771214087
2024-04,DR normal,dr_normal,contract_balanced,2816,67.0,0.14994256425906552,0.08631265513495945,21.465516002550174,0.2025133794609036,0.7873171979021353,0.03578109099810203
2024-04,DR-AS normal,dras_normal,equal,2816,2816.0,0.14994256425906552,0.08631265513495945,18.320635654632508,0.20324596935007827,0.7851562500000001,0.03884745737773661
2024-04,DR-AS normal,dras_normal,volume,2816,611984.0,0.14994256425906552,0.08631265513495945,3.2368095856093175,0.21607361086089777,0.99799341159246,0.21512428648740878
2024-04,DR-AS normal,dras_normal,contract_balanced,2816,67.0,0.14994256425906552,0.08631265513495945,18.44027695108634,0.23115295855773277,0.8865895041732944,0.11151214734971342
2024-04,"Beta, no hurdle",beta_no_hurdle,equal,2816,2816.0,0.14994256425906552,0.08631265513495945,19.451671741770706,0.20157490657235544,0.7848011363636365,0.03630243475732588
2024-04,"Beta, no hurdle",beta_no_hurdle,volume,2816,611984.0,0.14994256425906552,0.08631265513495945,3.0816222313812673,0.18221902144236793,0.9967433789118672,0.18064737808649223
2024-04,"Beta, no hurdle",beta_no_hurdle,contract_balanced,2816,67.0,0.14994256425906552,0.08631265513495945,18.503007187413225,0.21528452526032066,0.8786846669231725,0.09518789324253468
2024-04,"Hurdle beta, post-hoc coherence",hurdle_posthoc,equal,2816,2816.0,0.14994256425906552,0.08631265513495945,11.058218928597602,0.19236010515369537,0.8366477272727275,0.042857494029240974
2024-04,"Hurdle beta, post-hoc coherence",hurdle_posthoc,volume,2816,611984.0,0.14994256425906552,0.08631265513495945,3.077461197909726,0.19460239437381802,0.998101257549217,0.19359587201976197
2024-04,"Hurdle beta, post-hoc coherence",hurdle_posthoc,contract_balanced,2816,67.0,0.14994256425906552,0.08631265513495945,11.07865677210582,0.2224469655040562,0.9079104293465563,0.10480569079596412
2024-04,MHB,mhb,equal,2816,2816.0,0.14994256425906552,0.08631265513495945,11.0639363426415,0.1923781402410773,0.8359375000000002,0.04283119511854744
2024-04,MHB,mhb,volume,2816,611984.0,0.14994256425906552,0.08631265513495945,3.074788613075307,0.19438659836221062,0.9980440665115428,0.19337498415885396
2024-04,MHB,mhb,contract_balanced,2816,67.0,0.14994256425906552,0.08631265513495945,11.031966193014426,0.22229554198807422,0.9079087889793502,0.10478010928370103
2024-05,DR normal,dr_normal,equal,2140,2140.0,0.14129628221076662,0.08217602156528422,11.0340991540889,0.15151095940343423,0.7939252336448599,0.02923604089212807
2024-05,DR normal,dr_normal,volume,2140,698096.0,0.14129628221076662,0.08217602156528422,5.080803616249454,0.08092259649521051,0.951129930553964,0.042777244189311024
2024-05,DR normal,dr_normal,contract_balanced,2140,55.0,0.14129628221076662,0.08217602156528422,43.78307042684841,0.2747619727459665,0.6746378504281225,0.033186474845171135
2024-05,DR-AS normal,dras_normal,equal,2140,2140.0,0.14129628221076662,0.08217602156528422,9.699579277673191,0.147109648310492,0.8018691588785047,0.037781902732998404
2024-05,DR-AS normal,dras_normal,volume,2140,698096.0,0.14129628221076662,0.08217602156528422,2.8928879497554796,0.16087707565264397,0.9899841855561413,0.1471348974211074
2024-05,DR-AS normal,dras_normal,contract_balanced,2140,55.0,0.14129628221076662,0.08217602156528422,10.278488556253947,0.2087689363864236,0.7958891538972184,0.11417567420351508
2024-05,"Beta, no hurdle",beta_no_hurdle,equal,2140,2140.0,0.14129628221076662,0.08217602156528422,12.636369364465317,0.14772458447393066,0.7995327102803739,0.036012586067218647
2024-05,"Beta, no hurdle",beta_no_hurdle,volume,2140,698096.0,0.14129628221076662,0.08217602156528422,2.75497988409828,0.14730306606989568,0.9899841855561413,0.12954698650720411
2024-05,"Beta, no hurdle",beta_no_hurdle,contract_balanced,2140,55.0,0.14129628221076662,0.08217602156528422,15.85245579752245,0.21914165485839862,0.7893679069026093,0.10857450351141851
2024-05,"Hurdle beta, post-hoc coherence",hurdle_posthoc,equal,2140,2140.0,0.14129628221076662,0.08217602156528422,6.285618178666841,0.14289607686047606,0.8476635514018692,0.04265301644401201
2024-05,"Hurdle beta, post-hoc coherence",hurdle_posthoc,volume,2140,698096.0,0.14129628221076662,0.08217602156528422,2.0378006304406373,0.15759381426797356,0.9899841855561413,0.14159112274041175
2024-05,"Hurdle beta, post-hoc coherence",hurdle_posthoc,contract_balanced,2140,55.0,0.14129628221076662,0.08217602156528422,7.527495787143833,0.21480056261693056,0.8350832701938855,0.11655501179502108
2024-05,MHB,mhb,equal,2140,2140.0,0.14129628221076662,0.08217602156528422,6.279937177279184,0.14277247848366081,0.8476635514018692,0.042585477796158344
2024-05,MHB,mhb,volume,2140,698096.0,0.14129628221076662,0.08217602156528422,2.0460739734251305,0.15723942267201407,0.9899841855561413,0.14119884330006258
2024-05,MHB,mhb,contract_balanced,2140,55.0,0.14129628221076662,0.08217602156528422,7.522642509165388,0.21424365202666368,0.8350832701938855,0.11608430342733281
2024-06,DR normal,dr_normal,equal,1289,1289.0,0.13681515987768322,0.07742708057499567,10.70239605178586,0.11396885315754549,0.8463925523661754,0.02644950131069522
2024-06,DR normal,dr_normal,volume,1289,584968.0,0.13681515987768322,0.07742708057499567,2.2912499308019854,0.08343450753568418,0.9588011651919421,0.03150945120240016
2024-06,DR normal,dr_normal,contract_balanced,1289,46.0,0.13681515987768322,0.07742708057499567,24.29274686452404,0.1393567430289521,0.7229290942131479,0.02192029366726988
2024-06,DR-AS normal,dras_normal,equal,1289,1289.0,0.13681515987768322,0.07742708057499567,10.71707824776398,0.11698835139077297,0.8525989138867339,0.03329244753987329
2024-06,DR-AS normal,dras_normal,volume,1289,584968.0,0.13681515987768322,0.07742708057499567,3.002143450124372,0.15740515522673446,0.9905977762886174,0.1424818107650492
2024-06,DR-AS normal,dras_normal,contract_balanced,1289,46.0,0.13681515987768322,0.07742708057499567,24.501546936455117,0.1638869715980797,0.7850043860922524,0.05788406974110306
2024-06,"Beta, no hurdle",beta_no_hurdle,equal,1289,1289.0,0.13681515987768322,0.07742708057499567,11.465135725280867,0.11598612918990009,0.8557020946470131,0.031890478130138386
2024-06,"Beta, no hurdle",beta_no_hurdle,volume,1289,584968.0,0.13681515987768322,0.07742708057499567,2.846103199956869,0.13417336940051278,0.9905977762886174,0.11734641617388289
2024-06,"Beta, no hurdle",beta_no_hurdle,contract_balanced,1289,46.0,0.13681515987768322,0.07742708057499567,29.219612037051995,0.1575332590785642,0.7910064355725628,0.05083379187827135
2024-06,"Hurdle beta, post-hoc coherence",hurdle_posthoc,equal,1289,1289.0,0.13681515987768322,0.07742708057499567,8.579695574186976,0.11245789569590742,0.8813033359193173,0.03798175100252768
2024-06,"Hurdle beta, post-hoc coherence",hurdle_posthoc,volume,1289,584968.0,0.13681515987768322,0.07742708057499567,2.0880881179488955,0.14373416622054175,0.9905977762886174,0.12819986350721319
2024-06,"Hurdle beta, post-hoc coherence",hurdle_posthoc,contract_balanced,1289,46.0,0.13681515987768322,0.07742708057499567,20.090458570192563,0.15311843571319253,0.8144487907924116,0.05622883628110896
2024-06,MHB,mhb,equal,1289,1289.0,0.13681515987768322,0.07742708057499567,8.027936309474175,0.11247257669264682,0.8805275407292475,0.03795697238866838
2024-06,MHB,mhb,volume,1289,584968.0,0.13681515987768322,0.07742708057499567,2.089232003932607,0.14376374841586242,0.9905977762886174,0.12818186897917708
2024-06,MHB,mhb,contract_balanced,1289,46.0,0.13681515987768322,0.07742708057499567,20.080012793469113,0.1530289073867067,0.8144487907924116,0.05623726796752646
2024-07,DR normal,dr_normal,equal,1011,1011.0,0.13328090982515295,0.07391029340577884,9.149416241191162,0.21276593966579843,0.7823936696340259,0.02759063326787211
2024-07,DR normal,dr_normal,volume,1011,573879.0,0.13328090982515295,0.07391029340577884,3.3520429410156645,0.1422520004983588,0.8661913051357515,0.039766787165683395
2024-07,DR normal,dr_normal,contract_balanced,1011,39.0,0.13328090982515295,0.07391029340577884,18.741637370850345,0.4107185235400913,0.6094554331772923,0.023252868607397698
2024-07,DR-AS normal,dras_normal,equal,1011,1011.0,0.13328090982515295,0.07391029340577884,8.965029498530095,0.20884618530575888,0.805143422354105,0.04325680685067654
2024-07,DR-AS normal,dras_normal,volume,1011,573879.0,0.13328090982515295,0.07391029340577884,3.136106982976186,0.20773784560731362,0.9971143742844746,0.20525173247076647
2024-07,DR-AS normal,dras_normal,contract_balanced,1011,39.0,0.13328090982515295,0.07391029340577884,16.032845732709863,0.325333652372387,0.7867817622733123,0.09781345251163831
2024-07,"Beta, no hurdle",beta_no_hurdle,equal,1011,1011.0,0.13328090982515295,0.07391029340577884,9.494996050261449,0.20595611997892238,0.8041543026706233,0.03932648712120902
2024-07,"Beta, no hurdle",beta_no_hurdle,volume,1011,573879.0,0.13328090982515295,0.07391029340577884,2.935297595090854,0.1698631210978426,0.9947236264090513,0.16543341531204545
2024-07,"Beta, no hurdle",beta_no_hurdle,contract_balanced,1011,39.0,0.13328090982515295,0.07391029340577884,16.840423511839067,0.31791287132112034,0.7648897713976869,0.07937820210993704
2024-07,"Hurdle beta, post-hoc coherence",hurdle_posthoc,equal,1011,1011.0,0.13328090982515295,0.07391029340577884,5.950092509400349,0.19626913563778114,0.8397626112759646,0.04470081228008582
2024-07,"Hurdle beta, post-hoc coherence",hurdle_posthoc,volume,1011,573879.0,0.13328090982515295,0.07391029340577884,2.64098676322586,0.18181698324289833,0.9947584769611711,0.17820158327761854
2024-07,"Hurdle beta, post-hoc coherence",hurdle_posthoc,contract_balanced,1011,39.0,0.13328090982515295,0.07391029340577884,14.700618088001644,0.30994228508340066,0.8084725211031724,0.08685578715392314
2024-07,MHB,mhb,equal,1011,1011.0,0.13328090982515295,0.07391029340577884,5.936885157385126,0.19664977877587958,0.8397626112759646,0.04495164690687109
2024-07,MHB,mhb,volume,1011,573879.0,0.13328090982515295,0.07391029340577884,2.6333918034414268,0.18149233730163755,0.9947584769611711,0.17786332668158267
2024-07,MHB,mhb,contract_balanced,1011,39.0,0.13328090982515295,0.07391029340577884,14.626149900010539,0.30990326649492717,0.8084725211031724,0.08696418695360565
2024-08,DR normal,dr_normal,equal,1536,1536.0,0.12740150528510044,0.07055190568145452,27.23603198103875,0.402711486856545,0.6569010416666666,0.033364852976739384
2024-08,DR normal,dr_normal,volume,1536,953365.0,0.12740150528510044,0.07055190568145452,24.963113500650326,0.5665144660872564,0.549340493934642,0.044688512466298624
2024-08,DR normal,dr_normal,contract_balanced,1536,38.0,0.12740150528510044,0.07055190568145452,61.5320197854871,0.7864913059868216,0.4484691483828107,0.02351432743424669
2024-08,DR-AS normal,dras_normal,equal,1536,1536.0,0.12740150528510044,0.07055190568145452,24.4684803331591,0.3555804637866826,0.7239583333333334,0.06071545058726893
2024-08,DR-AS normal,dras_normal,volume,1536,953365.0,0.12740150528510044,0.07055190568145452,3.680265155573607,0.31337023350758575,0.9930351963833368,0.3104150970539243
2024-08,DR-AS normal,dras_normal,contract_balanced,1536,38.0,0.12740150528510044,0.07055190568145452,42.51019830255709,0.5523702983197644,0.742458986018527,0.13348696361626813
2024-08,"Beta, no hurdle",beta_no_hurdle,equal,1536,1536.0,0.12740150528510044,0.07055190568145452,22.855829992611312,0.3531717241890293,0.7194010416666667,0.05299111273722846
2024-08,"Beta, no hurdle",beta_no_hurdle,volume,1536,953365.0,0.12740150528510044,0.07055190568145452,3.695860659071462,0.27746841075056705,0.9769553109249867,0.26640220252117985
2024-08,"Beta, no hurdle",beta_no_hurdle,contract_balanced,1536,38.0,0.12740150528510044,0.07055190568145452,35.60631904932868,0.5641476752999368,0.7366640640220148,0.11026472128387836
2024-08,"Hurdle beta, post-hoc coherence",hurdle_posthoc,equal,1536,1536.0,0.12740150528510044,0.07055190568145452,13.2926072083707,0.33498859549783444,0.7545572916666666,0.05943123360067443
2024-08,"Hurdle beta, post-hoc coherence",hurdle_posthoc,volume,1536,953365.0,0.12740150528510044,0.07055190568145452,3.795112197443765,0.2842551512434583,0.9926345103921372,0.2769531581710345
2024-08,"Hurdle beta, post-hoc coherence",hurdle_posthoc,contract_balanced,1536,38.0,0.12740150528510044,0.07055190568145452,14.843669942650859,0.5487773389940499,0.7466610172946818,0.1186721146566907
2024-08,MHB,mhb,equal,1536,1536.0,0.12740150528510044,0.07055190568145452,13.280760796028314,0.335113480644121,0.7545572916666666,0.05936163686491089
2024-08,MHB,mhb,volume,1536,953365.0,0.12740150528510044,0.07055190568145452,3.7506123922469774,0.28414241594849343,0.9926345103921372,0.2768363184826597
2024-08,MHB,mhb,contract_balanced,1536,38.0,0.12740150528510044,0.07055190568145452,14.78626541285021,0.5485273626040579,0.7466610172946818,0.11862862359393697
2024-09,DR normal,dr_normal,equal,1432,1432.0,0.11842999043858196,0.06827249878695958,48.13459259904594,0.9499154281985104,0.6703910614525139,0.054577911912977436
2024-09,DR normal,dr_normal,volume,1432,842452.0,0.11842999043858196,0.06827249878695958,11.032148136189313,0.3865636120140831,0.8830900751615521,0.08321061520346083
2024-09,DR normal,dr_normal,contract_balanced,1432,102.99999999999997,0.11842999043858196,0.06827249878695958,386.5057210132869,7.412261277691384,0.23571868173509364,0.025040949355672273
2024-09,DR-AS normal,dras_normal,equal,1432,1432.0,0.11842999043858196,0.06827249878695958,46.94612058296235,0.9296255523549025,0.6983240223463688,0.07389239246349474
2024-09,DR-AS normal,dras_normal,volume,1432,842452.0,0.11842999043858196,0.06827249878695958,8.112030844839474,0.4493200999231216,0.9637403674037215,0.3191684679264859
2024-09,DR-AS normal,dras_normal,contract_balanced,1432,102.99999999999997,0.11842999043858196,0.06827249878695958,385.95865343155225,7.372441328883091,0.25581239935259986,0.047523828903399276
2024-09,"Beta, no hurdle",beta_no_hurdle,equal,1432,1432.0,0.11842999043858196,0.06827249878695958,47.13799848364023,0.9260018045932817,0.6976256983240224,0.06860887584431594
2024-09,"Beta, no hurdle",beta_no_hurdle,volume,1432,842452.0,0.11842999043858196,0.06827249878695958,3.864162504185117,0.41927636797252177,0.9621046659038142,0.27128513294198897
2024-09,"Beta, no hurdle",beta_no_hurdle,contract_balanced,1432,102.99999999999997,0.11842999043858196,0.06827249878695958,378.79794088850934,7.360961071038934,0.2572769372724125,0.043778856834412336
2024-09,"Hurdle beta, post-hoc coherence",hurdle_posthoc,equal,1432,1432.0,0.11842999043858196,0.06827249878695958,35.14262834476689,0.9136077961950912,0.7227653631284916,0.07471833636920269
2024-09,"Hurdle beta, post-hoc coherence",hurdle_posthoc,volume,1432,842452.0,0.11842999043858196,0.06827249878695958,3.590382092452189,0.43063243375070226,0.9628109375964446,0.2836882600385108
2024-09,"Hurdle beta, post-hoc coherence",hurdle_posthoc,contract_balanced,1432,102.99999999999997,0.11842999043858196,0.06827249878695958,315.98340913840866,7.329830841303821,0.25721878202831516,0.046988129434326065
2024-09,MHB,mhb,equal,1432,1432.0,0.11842999043858196,0.06827249878695958,35.09958086918237,0.9109081107104957,0.7227653631284916,0.07499620893060463
2024-09,MHB,mhb,volume,1432,842452.0,0.11842999043858196,0.06827249878695958,3.5820764620971914,0.42893537572420937,0.9628109375964446,0.2833793386947498
2024-09,MHB,mhb,contract_balanced,1432,102.99999999999997,0.11842999043858196,0.06827249878695958,315.3106499748014,7.3208228013982595,0.25721878202831516,0.04765745658328268
2024-10,DR normal,dr_normal,equal,4985,4985.0,0.12225206808454989,0.07199591485002267,18.505153725624737,0.3213514061639182,0.8682046138415247,0.04822172052994969
2024-10,DR normal,dr_normal,volume,4985,131946501.0,0.12225206808454989,0.07199591485002267,1.8704943058750172,0.04221564345976305,0.9983746139657012,0.04165820361385491
2024-10,DR normal,dr_normal,contract_balanced,4985,125.0,0.12225206808454989,0.07199591485002267,42.970306309065776,0.7196253941461641,0.578676109326442,0.03931007545646422
2024-10,DR-AS normal,dras_normal,equal,4985,4985.0,0.12225206808454989,0.07199591485002267,18.188557271445916,0.3343757350498161,0.8758274824473422,0.0674875623046309
2024-10,DR-AS normal,dras_normal,volume,4985,131946501.0,0.12225206808454989,0.07199591485002267,3.1481654095054554,0.18730468609943565,0.999950714873447,0.1870644777604547
2024-10,DR-AS normal,dras_normal,contract_balanced,4985,125.0,0.12225206808454989,0.07199591485002267,30.339039257103938,0.691222871638208,0.7083035378823364,0.12176729691842615
2024-10,"Beta, no hurdle",beta_no_hurdle,equal,4985,4985.0,0.12225206808454989,0.07199591485002267,17.438330870138742,0.32861717054496187,0.8754262788365097,0.06187124279435441
2024-10,"Beta, no hurdle",beta_no_hurdle,volume,4985,131946501.0,0.12225206808454989,0.07199591485002267,2.9146587250381213,0.14596398399647845,0.9999461675759026,0.14573044632331683
2024-10,"Beta, no hurdle",beta_no_hurdle,contract_balanced,4985,125.0,0.12225206808454989,0.07199591485002267,31.213451753472572,0.674595513508562,0.706047896002943,0.10440191656830966
2024-10,"Hurdle beta, post-hoc coherence",hurdle_posthoc,equal,4985,4985.0,0.12225206808454989,0.07199591485002267,10.831188876460986,0.3254294108689624,0.8892678034102307,0.07023076378199934
2024-10,"Hurdle beta, post-hoc coherence",hurdle_posthoc,volume,4985,131946501.0,0.12225206808454989,0.07199591485002267,2.1445805455645566,0.15316455295197712,0.9999463570466336,0.1529569884590697
2024-10,"Hurdle beta, post-hoc coherence",hurdle_posthoc,contract_balanced,4985,125.0,0.12225206808454989,0.07199591485002267,22.713601336481425,0.6618198934741222,0.7444244431270484,0.11412225007052695
2024-10,MHB,mhb,equal,4985,4985.0,0.12225206808454989,0.07199591485002267,10.965877868757554,0.32546647297032893,0.8890672016048144,0.07027620599391654
2024-10,MHB,mhb,volume,4985,131946501.0,0.12225206808454989,0.07199591485002267,2.1537460028917095,0.15298802716117066,0.9999463570466336,0.15278100520320106
2024-10,MHB,mhb,contract_balanced,4985,125.0,0.12225206808454989,0.07199591485002267,22.746943727548775,0.661805724649103,0.7444244431270484,0.11427478906444116
2024-11,DR normal,dr_normal,equal,7576,7576.0,0.014294240517364993,0.003251530865232197,7.249848746917006,0.1616057596543364,0.9470696937697995,0.0452510679602168
2024-11,DR normal,dr_normal,volume,7576,373405674.0,0.014294240517364993,0.003251530865232197,20.845785982689527,0.33466403039291304,0.701835620740996,0.028150968340117415
2024-11,DR normal,dr_normal,contract_balanced,7576,90.0,0.014294240517364993,0.003251530865232197,13.142169073493763,0.3166222551310994,0.7955669769099271,0.07151934292497979
2024-11,DR-AS normal,dras_normal,equal,7576,7576.0,0.014294240517364993,0.003251530865232197,7.032015012007488,0.16086789037886057,0.9524815205913413,0.050798512677288146
2024-11,DR-AS normal,dras_normal,volume,7576,373405674.0,0.014294240517364993,0.003251530865232197,2.842529470149195,0.13475343229441236,0.9717157002815122,0.09446150404936453
2024-11,DR-AS normal,dras_normal,contract_balanced,7576,90.0,0.014294240517364993,0.003251530865232197,12.209300413843586,0.29278094328902904,0.8395533837186818,0.09987798214521898
2024-11,"Beta, no hurdle",beta_no_hurdle,equal,7576,7576.0,0.014294240517364993,0.003251530865232197,7.4357474707835856,0.1602767404220087,0.9491816261879622,0.04717892531691456
2024-11,"Beta, no hurdle",beta_no_hurdle,volume,7576,373405674.0,0.014294240517364993,0.003251530865232197,3.018093123540731,0.21176716056142544,0.8907251286170867,0.05859624776033214
2024-11,"Beta, no hurdle",beta_no_hurdle,contract_balanced,7576,90.0,0.014294240517364993,0.003251530865232197,13.355444046467472,0.2951756169334164,0.81789851657896,0.08296252573362231
2024-11,"Hurdle beta, post-hoc coherence",hurdle_posthoc,equal,7576,7576.0,0.014294240517364993,0.003251530865232197,5.866259098357622,0.16073915563041474,0.9548574445617741,0.05097282441899173
2024-11,"Hurdle beta, post-hoc coherence",hurdle_posthoc,volume,7576,373405674.0,0.014294240517364993,0.003251530865232197,2.6156372531278578,0.20086457071412372,0.9021295884218407,0.06757327796815107
2024-11,"Hurdle beta, post-hoc coherence",hurdle_posthoc,contract_balanced,7576,90.0,0.014294240517364993,0.003251530865232197,10.026243294851424,0.2914275389974272,0.8697881964440719,0.08790604419480863
2024-11,MHB,mhb,equal,7576,7576.0,0.014294240517364993,0.003251530865232197,5.871136179207275,0.160740874027753,0.9547254487856389,0.050970425071111596
2024-11,MHB,mhb,volume,7576,373405674.0,0.014294240517364993,0.003251530865232197,2.6163269017014406,0.20092034732935143,0.9021295884218407,0.06753767703924156
2024-11,MHB,mhb,contract_balanced,7576,90.0,0.014294240517364993,0.003251530865232197,10.042035219135187,0.2913540534785689,0.8586770853329608,0.0877878447349427
2024-12,DR normal,dr_normal,equal,5803,5803.0,0.013668132344227457,0.006617028839914555,3.368171174093953,0.0872299654825929,0.9708771325176633,0.05027650830985469
2024-12,DR normal,dr_normal,volume,5803,18117236.0,0.013668132344227457,0.006617028839914555,1.1564702612750608,0.02016846498416413,0.9937357442382493,0.016275491695362226
2024-12,DR normal,dr_normal,contract_balanced,5803,96.0,0.013668132344227457,0.006617028839914555,18.875897068340873,0.2491144925964102,0.8535664170470851,0.0627944614888616
2024-12,DR-AS normal,dras_normal,equal,5803,5803.0,0.013668132344227457,0.006617028839914555,2.9698399761874104,0.08538540124747099,0.9746682750301568,0.05276638341204884
2024-12,DR-AS normal,dras_normal,volume,5803,18117236.0,0.013668132344227457,0.006617028839914555,2.4553367157604664,0.07235093698636196,0.9989063453166918,0.0704289541357643
2024-12,DR-AS normal,dras_normal,contract_balanced,5803,96.0,0.013668132344227457,0.006617028839914555,13.89016013290135,0.2165168470274332,0.891174480529338,0.08914011943899187
2024-12,"Beta, no hurdle",beta_no_hurdle,equal,5803,5803.0,0.013668132344227457,0.006617028839914555,3.7850611023449696,0.08595499806876634,0.9731173530932276,0.05212477713510782
2024-12,"Beta, no hurdle",beta_no_hurdle,volume,5803,18117236.0,0.013668132344227457,0.006617028839914555,2.319722686551923,0.06912912072332059,0.9967431014311454,0.06682426135226793
2024-12,"Beta, no hurdle",beta_no_hurdle,contract_balanced,5803,96.0,0.013668132344227457,0.006617028839914555,14.84056962983964,0.2211653030178101,0.8707376685265504,0.08235832876130739
2024-12,"Hurdle beta, post-hoc coherence",hurdle_posthoc,equal,5803,5803.0,0.013668132344227457,0.006617028839914555,10.028309476490408,0.10682799178546254,0.8688609339996554,0.04049940229211023
2024-12,"Hurdle beta, post-hoc coherence",hurdle_posthoc,volume,5803,18117236.0,0.013668132344227457,0.006617028839914555,1.4518667100562919,0.05852277708944088,0.9907894890810056,0.05408134408868873
2024-12,"Hurdle beta, post-hoc coherence",hurdle_posthoc,contract_balanced,5803,96.0,0.013668132344227457,0.006617028839914555,20.116129552086896,0.25539310959217904,0.7577020334114903,0.07697391539367483
2024-12,MHB,mhb,equal,5803,5803.0,0.013668132344227457,0.006617028839914555,2.8067612840191605,0.10726074060430452,0.8679993107013613,0.040769104708310556
2024-12,MHB,mhb,volume,5803,18117236.0,0.013668132344227457,0.006617028839914555,1.4522150867245254,0.058946915840056076,0.9907894890810056,0.05458882138659416
2024-12,MHB,mhb,contract_balanced,5803,96.0,0.013668132344227457,0.006617028839914555,6.97428973831616,0.256541465691134,0.7570592379791411,0.0770263142975155
2025-01,DR normal,dr_normal,equal,4127,4127.0,0.013272660345195057,0.006317091018864338,6.967230096860753,0.16155746873396992,0.949115580324691,0.07417038779961031
2025-01,DR normal,dr_normal,volume,4127,5603237.0,0.013272660345195057,0.006317091018864338,1.2392015950001807,0.03279411491717805,0.9946646911419239,0.02682284557666953
2025-01,DR normal,dr_normal,contract_balanced,4127,141.0,0.013272660345195057,0.006317091018864338,37.94257600785335,0.5211883559072189,0.7386111715814083,0.0571642322896716
2025-01,DR-AS normal,dras_normal,equal,4127,4127.0,0.013272660345195057,0.006317091018864338,6.737238824000065,0.16155499172322974,0.9525078749697116,0.07734342539930707
2025-01,DR-AS normal,dras_normal,volume,4127,5603237.0,0.013272660345195057,0.006317091018864338,1.8896272736146513,0.04654024015704093,0.9964358102289801,0.04264850531669064
2025-01,DR-AS normal,dras_normal,contract_balanced,4127,141.0,0.013272660345195057,0.006317091018864338,34.67223419021,0.5186096401491823,0.7625074117213186,0.07344362356695508
2025-01,"Beta, no hurdle",beta_no_hurdle,equal,4127,4127.0,0.013272660345195057,0.006317091018864338,6.462954733995544,0.16115822613635572,0.952265568209353,0.07668505569523629
2025-01,"Beta, no hurdle",beta_no_hurdle,volume,4127,5603237.0,0.013272660345195057,0.006317091018864338,1.8313213552488359,0.0477431882011768,0.9958018909426818,0.043571054440031724
2025-01,"Beta, no hurdle",beta_no_hurdle,contract_balanced,4127,141.0,0.013272660345195057,0.006317091018864338,32.73902787443984,0.5167402298553505,0.7547726339260334,0.06766124707177686
2025-01,"Hurdle beta, post-hoc coherence",hurdle_posthoc,equal,4127,4127.0,0.013272660345195057,0.006317091018864338,22.88046187485881,0.19357014908380893,0.8412890719651078,0.06664096574976322
2025-01,"Hurdle beta, post-hoc coherence",hurdle_posthoc,volume,4127,5603237.0,0.013272660345195057,0.006317091018864338,0.8080713985363079,0.032652918653117854,0.9871822305570869,0.02637686384183492
2025-01,"Hurdle beta, post-hoc coherence",hurdle_posthoc,contract_balanced,4127,141.0,0.013272660345195057,0.006317091018864338,22.28654665975685,0.5510089850426787,0.6594925605307936,0.06316540674703361
2025-01,MHB,mhb,equal,4127,4127.0,0.013272660345195057,0.006317091018864338,4.127908810173437,0.19381255271699102,0.8434698328083353,0.06705105035411543
2025-01,MHB,mhb,volume,4127,5603237.0,0.013272660345195057,0.006317091018864338,0.7338454061834914,0.03237522202617185,0.9894969639870668,0.026159291061948857
2025-01,MHB,mhb,contract_balanced,4127,141.0,0.013272660345195057,0.006317091018864338,11.596049653865713,0.5522930138018355,0.6602004782320894,0.06309505563470104
2025-02,DR normal,dr_normal,equal,6362,6362.0,0.013243631822500232,0.006254706114627933,5.268944563507727,0.12313558297985415,0.9410562716127006,0.0629541951346838
2025-02,DR normal,dr_normal,volume,6362,1004582.0,0.013243631822500232,0.006254706114627933,2.536789440162237,0.14008077485655737,0.9591919823369321,0.10769548532401482
2025-02,DR normal,dr_normal,contract_balanced,6362,143.0,0.013243631822500232,0.006254706114627933,11.437605690628159,0.27952991626212376,0.8799226764113527,0.059441679443511176
2025-02,DR-AS normal,dras_normal,equal,6362,6362.0,0.013243631822500232,0.006254706114627933,5.1321482968745205,0.12217515472703766,0.9453002200565861,0.0656950269992384
2025-02,DR-AS normal,dras_normal,volume,6362,1004582.0,0.013243631822500232,0.006254706114627933,2.5800772491645594,0.14063377431723517,0.9857363560167314,0.12982385304487037
2025-02,DR-AS normal,dras_normal,contract_balanced,6362,143.0,0.013243631822500232,0.006254706114627933,11.349497073920984,0.27539656033845605,0.9072531543452267,0.08050329837029227
2025-02,"Beta, no hurdle",beta_no_hurdle,equal,6362,6362.0,0.013243631822500232,0.006254706114627933,5.01757094316693,0.12218895508025349,0.9434140207481925,0.06448055946708951
2025-02,"Beta, no hurdle",beta_no_hurdle,volume,6362,1004582.0,0.013243631822500232,0.006254706114627933,2.5317218471578853,0.13679486866970775,0.9798961159965041,0.11996992534891178
2025-02,"Beta, no hurdle",beta_no_hurdle,contract_balanced,6362,143.0,0.013243631822500232,0.006254706114627933,12.775489986755458,0.2749311438025899,0.8967772298964776,0.07218053722483583
2025-02,"Hurdle beta, post-hoc coherence",hurdle_posthoc,equal,6362,6362.0,0.013243631822500232,0.006254706114627933,28.12500775112254,0.16640838895651247,0.7705124174787803,0.048518845987298026
2025-02,"Hurdle beta, post-hoc coherence",hurdle_posthoc,volume,6362,1004582.0,0.013243631822500232,0.006254706114627933,3.6680367503043576,0.15542730357982026,0.8892494589789584,0.11287474694473577
2025-02,"Hurdle beta, post-hoc coherence",hurdle_posthoc,contract_balanced,6362,143.0,0.013243631822500232,0.006254706114627933,15.132814725743819,0.29427413519277723,0.8317155733096552,0.06942631269127715
2025-02,MHB,mhb,equal,6362,6362.0,0.013243631822500232,0.006254706114627933,3.8149781067568647,0.16682204829661162,0.7692549512731847,0.048692655080445235
2025-02,MHB,mhb,volume,6362,1004582.0,0.013243631822500232,0.006254706114627933,2.7011019113581822,0.15694066566481885,0.8888522788582713,0.11290726309561813
2025-02,MHB,mhb,contract_balanced,6362,143.0,0.013243631822500232,0.006254706114627933,4.881684014673288,0.2958097297201766,0.8279586388814207,0.06943537276009665
2025-03,DR normal,dr_normal,equal,27887,27887.0,0.013240010571436632,0.006252673334879832,5.1276210874639805,0.15646935221886862,0.9641409975974469,0.11631801459984945
2025-03,DR normal,dr_normal,volume,27887,80945343.0,0.013240010571436632,0.006252673334879832,4.237891181144799,0.3572575935574224,0.9873431507974461,0.3404384869003945
2025-03,DR normal,dr_normal,contract_balanced,27887,293.0,0.013240010571436632,0.006252673334879832,4.270090679813739,0.27471241923371637,0.9440216221235079,0.23386890735644073
2025-03,DR-AS normal,dras_normal,equal,27887,27887.0,0.013240010571436632,0.006252673334879832,5.047006973669042,0.15680986397291355,0.9670814357944562,0.11865134123518142
2025-03,DR-AS normal,dras_normal,volume,27887,80945343.0,0.013240010571436632,0.006252673334879832,3.474342348307204,0.3580397238649692,0.9945996646156654,0.3463604989000627
2025-03,DR-AS normal,dras_normal,contract_balanced,27887,293.0,0.013240010571436632,0.006252673334879832,4.136152427673185,0.2764155883245173,0.9730826561771594,0.2466504909844573
2025-03,"Beta, no hurdle",beta_no_hurdle,equal,27887,27887.0,0.013240010571436632,0.006252673334879832,6.644622596755856,0.15749326692913823,0.965898088715172,0.11906094871980161
2025-03,"Beta, no hurdle",beta_no_hurdle,volume,27887,80945343.0,0.013240010571436632,0.006252673334879832,32.47576157297263,0.3694429838986961,0.9919215117786332,0.35597328150556706
2025-03,"Beta, no hurdle",beta_no_hurdle,contract_balanced,27887,293.0,0.013240010571436632,0.006252673334879832,18.338584335043635,0.28463912685505216,0.9623165282431692,0.2514539361847514
2025-03,"Hurdle beta, post-hoc coherence",hurdle_posthoc,equal,27887,27887.0,0.013240010571436632,0.006252673334879832,22.63710738958108,0.1914230458348686,0.8507548320005738,0.10482751407943164
2025-03,"Hurdle beta, post-hoc coherence",hurdle_posthoc,volume,27887,80945343.0,0.013240010571436632,0.006252673334879832,31.983695951865272,0.3868148635853846,0.9761369965409868,0.3694152311289726
2025-03,"Hurdle beta, post-hoc coherence",hurdle_posthoc,contract_balanced,27887,293.0,0.013240010571436632,0.006252673334879832,27.78189923000034,0.30595007829286675,0.9195011186856235,0.2588501312690157
2025-03,MHB,mhb,equal,27887,27887.0,0.013240010571436632,0.006252673334879832,4.502608679026241,0.19221466053214925,0.8506113959909636,0.10552862521384948
2025-03,MHB,mhb,volume,27887,80945343.0,0.013240010571436632,0.006252673334879832,31.494518749645536,0.3871024611395943,0.97600562394306,0.36956740076699757
2025-03,MHB,mhb,contract_balanced,27887,293.0,0.013240010571436632,0.006252673334879832,17.08465137548744,0.3064920547296029,0.9196633363712847,0.2590455269198791
2025-04,DR normal,dr_normal,equal,28809,28809.0,0.01324766598492006,0.006219036834383069,3.6810626185286655,0.0976326279463928,0.9662952549550485,0.05873766086871652
2025-04,DR normal,dr_normal,volume,28809,37541241.0,0.01324766598492006,0.006219036834383069,7.814822577146408,0.5713877489613689,0.9179380084957769,0.24344561421240177
2025-04,DR normal,dr_normal,contract_balanced,28809,174.0,0.01324766598492006,0.006219036834383069,4.962938913201452,0.21934356971738797,0.8985146978731366,0.08309707989870717
2025-04,DR-AS normal,dras_normal,equal,28809,28809.0,0.01324766598492006,0.006219036834383069,3.550583203887549,0.09642570067561472,0.9697663924468045,0.0605999166695648
2025-04,DR-AS normal,dras_normal,volume,28809,37541241.0,0.01324766598492006,0.006219036834383069,7.39836590241057,0.5523652777212283,0.9452777013951137,0.25744406469456316
2025-04,DR-AS normal,dras_normal,contract_balanced,28809,174.0,0.01324766598492006,0.006219036834383069,4.445377022124042,0.20660288059280008,0.9326894954893992,0.10205032164235354
2025-04,"Beta, no hurdle",beta_no_hurdle,equal,28809,28809.0,0.01324766598492006,0.006219036834383069,3.6803621805486584,0.09667225729239132,0.9686903398243601,0.060059224511643014
2025-04,"Beta, no hurdle",beta_no_hurdle,volume,28809,37541241.0,0.01324766598492006,0.006219036834383069,16.5361590670864,0.5500720863406747,0.9336865821777176,0.2507273607899426
2025-04,"Beta, no hurdle",beta_no_hurdle,contract_balanced,28809,174.0,0.01324766598492006,0.006219036834383069,5.346836250972867,0.21158913034054022,0.9225113097330779,0.09674917426581309
2025-04,"Hurdle beta, post-hoc coherence",hurdle_posthoc,equal,28809,28809.0,0.01324766598492006,0.006219036834383069,17.973173617815927,0.12001727603659587,0.8565725988406399,0.04416962603174682
2025-04,"Hurdle beta, post-hoc coherence",hurdle_posthoc,volume,28809,37541241.0,0.01324766598492006,0.006219036834383069,15.023066380407677,0.586952726835125,0.9250797542894226,0.29326909578789495
2025-04,"Hurdle beta, post-hoc coherence",hurdle_posthoc,contract_balanced,28809,174.0,0.01324766598492006,0.006219036834383069,7.609778681739923,0.21520452006211682,0.9042366397479497,0.09841053561013516
2025-04,MHB,mhb,equal,28809,28809.0,0.01324766598492006,0.006219036834383069,3.1798648030071766,0.11967418803807142,0.8598354680828906,0.04461623596547802
2025-04,MHB,mhb,volume,28809,37541241.0,0.01324766598492006,0.006219036834383069,14.519150592561417,0.5931330540335754,0.924580889587534,0.29601083741386836
2025-04,MHB,mhb,contract_balanced,28809,174.0,0.01324766598492006,0.006219036834383069,3.675697413433427,0.21629279109294242,0.9045545024640511,0.09870649458726327
2025-05,DR normal,dr_normal,equal,53514,53514.0,0.014881693483478679,0.006494729212847779,1.971354861465209,0.04801342233507086,0.9876294053892439,0.03757927162525241
2025-05,DR normal,dr_normal,volume,53514,9279054.0,0.014881693483478679,0.006494729212847779,3.6389036817479647,0.15037149364279348,0.9804622324646457,0.1303762734161344
2025-05,DR normal,dr_normal,contract_balanced,53514,194.0,0.014881693483478679,0.006494729212847779,9.177016831565597,0.1806295833277064,0.9636745389707568,0.05592439249169784
2025-05,DR-AS normal,dras_normal,equal,53514,53514.0,0.014881693483478679,0.006494729212847779,1.9150602362394458,0.04828726681497731,0.9884516201367868,0.03857571665005959
2025-05,DR-AS normal,dras_normal,volume,53514,9279054.0,0.014881693483478679,0.006494729212847779,2.865140639206866,0.1577158629296853,0.9914634616847795,0.14662201907199293
2025-05,DR-AS normal,dras_normal,contract_balanced,53514,194.0,0.014881693483478679,0.006494729212847779,6.123061150921992,0.17388303178207054,0.9700127774281886,0.0720108404923873
2025-05,"Beta, no hurdle",beta_no_hurdle,equal,53514,53514.0,0.014881693483478679,0.006494729212847779,1.9206838803200483,0.04852294207637148,0.9883581866427477,0.03852654684074847
2025-05,"Beta, no hurdle",beta_no_hurdle,volume,53514,9279054.0,0.014881693483478679,0.006494729212847779,2.873508670410609,0.15739513072704137,0.9872337201615596,0.14282023516588305
2025-05,"Beta, no hurdle",beta_no_hurdle,contract_balanced,53514,194.0,0.014881693483478679,0.006494729212847779,6.098802270688856,0.17871111349496444,0.96821593806626,0.06739066748959192
2025-05,"Hurdle beta, post-hoc coherence",hurdle_posthoc,equal,53514,53514.0,0.014881693483478679,0.006494729212847779,8.143860854485371,0.05412672816070056,0.9198901222110102,0.023268156587071934
2025-05,"Hurdle beta, post-hoc coherence",hurdle_posthoc,volume,53514,9279054.0,0.014881693483478679,0.006494729212847779,4.444716924321951,0.16823877135504242,0.971159236706673,0.14899181212354046
2025-05,"Hurdle beta, post-hoc coherence",hurdle_posthoc,contract_balanced,53514,194.0,0.014881693483478679,0.006494729212847779,7.69652703573291,0.1765551638472426,0.9608973229892707,0.06472785972456317
2025-05,MHB,mhb,equal,53514,53514.0,0.014881693483478679,0.006494729212847779,1.3762698176952022,0.054048460495438655,0.9234779683821056,0.024249422171661712
2025-05,MHB,mhb,volume,53514,9279054.0,0.014881693483478679,0.006494729212847779,2.833344226936511,0.16925212202598974,0.9716183352311563,0.15012398017618322
2025-05,MHB,mhb,contract_balanced,53514,194.0,0.014881693483478679,0.006494729212847779,5.46068159743206,0.17678191819919425,0.9602868365785167,0.0647706948132997
2025-06,DR normal,dr_normal,equal,64742,64742.0,0.01485434241951782,0.006487476101282826,2.1199655456595634,0.05016280012747161,0.9859751011708011,0.03381365346080803
2025-06,DR normal,dr_normal,volume,64742,7194585.0,0.01485434241951782,0.006487476101282826,2.931525866606374,0.15141912497552096,0.9686289063232971,0.1215009460705339
2025-06,DR normal,dr_normal,contract_balanced,64742,167.0,0.01485434241951782,0.006487476101282826,4.63667426916389,0.13529715468170914,0.9620374490021901,0.05097838399339526
2025-06,DR-AS normal,dras_normal,equal,64742,64742.0,0.01485434241951782,0.006487476101282826,2.1110560291451876,0.050063624393945634,0.9870563158382504,0.03478333079002126
2025-06,DR-AS normal,dras_normal,volume,64742,7194585.0,0.01485434241951782,0.006487476101282826,2.7963786626326836,0.15248786777537982,0.9845030672373736,0.13777433032946418
2025-06,DR-AS normal,dras_normal,contract_balanced,64742,167.0,0.01485434241951782,0.006487476101282826,4.673453009786204,0.1363864054208395,0.9869104470115344,0.06639535320177073
2025-06,"Beta, no hurdle",beta_no_hurdle,equal,64742,64742.0,0.01485434241951782,0.006487476101282826,2.039962933861402,0.050499104292944394,0.9868864106762226,0.03489128865980737
2025-06,"Beta, no hurdle",beta_no_hurdle,volume,64742,7194585.0,0.01485434241951782,0.006487476101282826,2.9593729977916636,0.15103006439758535,0.9815306928752667,0.13223731067211425
2025-06,"Beta, no hurdle",beta_no_hurdle,contract_balanced,64742,167.0,0.01485434241951782,0.006487476101282826,4.683914133684995,0.13391732467646428,0.9803321994643994,0.061498727130372646
2025-06,"Hurdle beta, post-hoc coherence",hurdle_posthoc,equal,64742,64742.0,0.01485434241951782,0.006487476101282826,6.20722871654245,0.05646095392598314,0.9217818417719564,0.020413155241780435
2025-06,"Hurdle beta, post-hoc coherence",hurdle_posthoc,volume,64742,7194585.0,0.01485434241951782,0.006487476101282826,5.087314493591588,0.16098521865268547,0.9712414267118951,0.13889063901143756
2025-06,"Hurdle beta, post-hoc coherence",hurdle_posthoc,contract_balanced,64742,167.0,0.01485434241951782,0.006487476101282826,5.351594145291686,0.13512588599123954,0.9702352117599014,0.05952334914762073
2025-06,MHB,mhb,equal,64742,64742.0,0.01485434241951782,0.006487476101282826,1.4361760530824061,0.05609050501973973,0.926292051527602,0.02157300435428598
2025-06,MHB,mhb,volume,64742,7194585.0,0.01485434241951782,0.006487476101282826,2.7029087341184286,0.16188814443526955,0.9700150877361238,0.13962701896857288
2025-06,MHB,mhb,contract_balanced,64742,167.0,0.01485434241951782,0.006487476101282826,4.0928014855083035,0.13447929095383682,0.9696375414566405,0.059756916263480675
2025-07,DR normal,dr_normal,equal,70374,70374.0,0.014836769579603401,0.006478243143224447,1.838962271569832,0.04849550533355658,0.9903089209082903,0.03866484266852957
2025-07,DR normal,dr_normal,volume,70374,10013511.0,0.014836769579603401,0.006478243143224447,3.2366058545671255,0.1870705625877629,0.9739217343447268,0.1621194050098439
2025-07,DR normal,dr_normal,contract_balanced,70374,168.0,0.014836769579603401,0.006478243143224447,2.244711724342402,0.09030319019348233,0.9559648721927042,0.06321364241867916
2025-07,DR-AS normal,dras_normal,equal,70374,70374.0,0.014836769579603401,0.006478243143224447,1.806133512816487,0.04859119498660656,0.9911615085116665,0.039539007662939385
2025-07,DR-AS normal,dras_normal,volume,70374,10013511.0,0.014836769579603401,0.006478243143224447,3.067410406609283,0.1931436511899264,0.985311445705707,0.18006991125395436
2025-07,DR-AS normal,dras_normal,contract_balanced,70374,168.0,0.014836769579603401,0.006478243143224447,2.2007729488538716,0.08864888893416799,0.9785930271807288,0.07975290623487796
2025-07,"Beta, no hurdle",beta_no_hurdle,equal,70374,70374.0,0.014836769579603401,0.006478243143224447,1.7853441237279637,0.049136148842693336,0.9909909909909912,0.03988271723670135
2025-07,"Beta, no hurdle",beta_no_hurdle,volume,70374,10013511.0,0.014836769579603401,0.006478243143224447,3.1383893937542355,0.19279022672155666,0.983272400659469,0.17528408484114505
2025-07,"Beta, no hurdle",beta_no_hurdle,contract_balanced,70374,168.0,0.014836769579603401,0.006478243143224447,2.2337002507925035,0.09053335602486026,0.9745693025050014,0.07564153244590274
2025-07,"Hurdle beta, post-hoc coherence",hurdle_posthoc,equal,70374,70374.0,0.014836769579603401,0.006478243143224447,7.005686260832654,0.05312132358097304,0.9393526018131698,0.026157697048594754
2025-07,"Hurdle beta, post-hoc coherence",hurdle_posthoc,volume,70374,10013511.0,0.014836769579603401,0.006478243143224447,3.5285720559796268,0.20132660464417942,0.9769490441464537,0.18359780191876707
2025-07,"Hurdle beta, post-hoc coherence",hurdle_posthoc,contract_balanced,70374,168.0,0.014836769579603401,0.006478243143224447,2.8115923451691245,0.08943905234274055,0.969161447429727,0.07406239912009188
2025-07,MHB,mhb,equal,70374,70374.0,0.014836769579603401,0.006478243143224447,1.1122247078621084,0.05330322538316229,0.9432460852019214,0.027400689535486942
2025-07,MHB,mhb,volume,70374,10013511.0,0.014836769579603401,0.006478243143224447,2.8668353555140706,0.20240853356389082,0.9767561048267686,0.18464464166322953
2025-07,MHB,mhb,contract_balanced,70374,168.0,0.014836769579603401,0.006478243143224447,1.593135951720958,0.08971070070273003,0.969646700704468,0.07431229295762024
2025-08,DR normal,dr_normal,equal,82965,82965.0,0.014811250166575021,0.006470544928863585,2.10762835051563,0.0426112505783712,0.9933465919363584,0.029739986055377955
2025-08,DR normal,dr_normal,volume,82965,8388553.0,0.014811250166575021,0.006470544928863585,2.685884849913177,0.12944232194693214,0.9694875862380556,0.1169739374422505
2025-08,DR normal,dr_normal,contract_balanced,82965,177.0,0.014811250166575021,0.006470544928863585,2.2576864406506734,0.06964256389724048,0.980874454220824,0.05409039605697094
2025-08,DR-AS normal,dras_normal,equal,82965,82965.0,0.014811250166575021,0.006470544928863585,2.112313393119145,0.042885853281089174,0.9938046164045078,0.030233383900720272
2025-08,DR-AS normal,dras_normal,volume,82965,8388553.0,0.014811250166575021,0.006470544928863585,2.826474597258796,0.1415211283102193,0.9931298043893864,0.13528582760324556
2025-08,DR-AS normal,dras_normal,contract_balanced,82965,177.0,0.014811250166575021,0.006470544928863585,2.4540419253343355,0.07807848283240806,0.9925525054693836,0.06737594747769776
2025-08,"Beta, no hurdle",beta_no_hurdle,equal,82965,82965.0,0.014811250166575021,0.006470544928863585,2.0671519351537224,0.042923666315735715,0.9936961369252093,0.030216585210355223
2025-08,"Beta, no hurdle",beta_no_hurdle,volume,82965,8388553.0,0.014811250166575021,0.006470544928863585,2.78585169365617,0.13838766322690893,0.9815840705780842,0.13078639426812613
2025-08,"Beta, no hurdle",beta_no_hurdle,contract_balanced,82965,177.0,0.014811250166575021,0.006470544928863585,2.365425135910072,0.07723853725481006,0.9893402910277163,0.06543499473714319
2025-08,"Hurdle beta, post-hoc coherence",hurdle_posthoc,equal,82965,82965.0,0.014811250166575021,0.006470544928863585,3.8213377325418056,0.04179101317209178,0.9557283191707345,0.01808230193711275
2025-08,"Hurdle beta, post-hoc coherence",hurdle_posthoc,volume,82965,8388553.0,0.014811250166575021,0.006470544928863585,2.9127953072919217,0.14943305090704107,0.9868532749331143,0.14029053950940185
2025-08,"Hurdle beta, post-hoc coherence",hurdle_posthoc,contract_balanced,82965,177.0,0.014811250166575021,0.006470544928863585,1.9601148472996563,0.07497825639630279,0.9875360529811744,0.06213893975107531
2025-08,MHB,mhb,equal,82965,82965.0,0.014811250166575021,0.006470544928863585,1.2152916454703662,0.041954733976197325,0.9581148677153015,0.01895369748409357
2025-08,MHB,mhb,volume,82965,8388553.0,0.014811250166575021,0.006470544928863585,2.6294466129254457,0.15012557299560553,0.9867972461996724,0.1410247500054738
2025-08,MHB,mhb,contract_balanced,82965,177.0,0.014811250166575021,0.006470544928863585,1.6007731478110312,0.07531854203497643,0.9875403619780518,0.062474536075336276
2025-09,DR normal,dr_normal,equal,80772,80772.0,0.014751583236379581,0.00644844778749684,2.7256381565474688,0.0546769076999041,0.9902070024265834,0.03381376616035889
2025-09,DR normal,dr_normal,volume,80772,10549685.0,0.014751583236379581,0.00644844778749684,2.954733979263468,0.17385257173129195,0.9860877362689028,0.1668439150254707
2025-09,DR normal,dr_normal,contract_balanced,80772,176.0,0.014751583236379581,0.00644844778749684,9.024951820422993,0.21632410728058002,0.9577957006704003,0.05721951804958918
2025-09,DR-AS normal,dras_normal,equal,80772,80772.0,0.014751583236379581,0.00644844778749684,2.714033580971698,0.05484122333414349,0.9906155598474718,0.03422532206594828
2025-09,DR-AS normal,dras_normal,volume,80772,10549685.0,0.014751583236379581,0.00644844778749684,3.0289175098628913,0.18122667482550553,0.9975907337517662,0.17910488721999254
2025-09,DR-AS normal,dras_normal,contract_balanced,80772,176.0,0.014751583236379581,0.00644844778749684,8.850912673081261,0.21426880293680986,0.9830754151209018,0.07241430426863966
2025-09,"Beta, no hurdle",beta_no_hurdle,equal,80772,80772.0,0.014751583236379581,0.00644844778749684,2.6659321161085643,0.055276918989844076,0.9905165156242262,0.03460259826819381
2025-09,"Beta, no hurdle",beta_no_hurdle,volume,80772,10549685.0,0.014751583236379581,0.00644844778749684,2.997178756650558,0.1821851008461114,0.9914723520180934,0.17873551049829195
2025-09,"Beta, no hurdle",beta_no_hurdle,contract_balanced,80772,176.0,0.014751583236379581,0.00644844778749684,7.021067108440574,0.21312754018347252,0.9739657719444371,0.06910145033730507
2025-09,"Hurdle beta, post-hoc coherence",hurdle_posthoc,equal,80772,80772.0,0.014751583236379581,0.00644844778749684,5.205977970608567,0.05222955743051445,0.9569157628881295,0.02032884946326001
2025-09,"Hurdle beta, post-hoc coherence",hurdle_posthoc,volume,80772,10549685.0,0.014751583236379581,0.00644844778749684,4.7946164513331375,0.20465551334896892,0.9851763346488546,0.19855284227854672
2025-09,"Hurdle beta, post-hoc coherence",hurdle_posthoc,contract_balanced,80772,176.0,0.014751583236379581,0.00644844778749684,6.247191095492532,0.21319324039949347,0.9705290497360142,0.06796590620357906
2025-09,MHB,mhb,equal,80772,80772.0,0.014751583236379581,0.00644844778749684,1.613966944349127,0.05241355375065893,0.958983311048383,0.02117104168161113
2025-09,MHB,mhb,volume,80772,10549685.0,0.014751583236379581,0.00644844778749684,2.654110266078968,0.20647742378569883,0.985824979608396,0.20058579888475753
2025-09,MHB,mhb,contract_balanced,80772,176.0,0.014751583236379581,0.00644844778749684,5.017222239791954,0.21341553087553605,0.9672702126598824,0.068366833939718
2025-10,DR normal,dr_normal,equal,91542,91542.0,0.0147103253164854,0.00643039580184286,2.1053168996743103,0.04581871547949613,0.9932926962487165,0.03406663235972652
2025-10,DR normal,dr_normal,volume,91542,7800166.0,0.0147103253164854,0.00643039580184286,5.655105071054671,0.16380279766634434,0.9846862233444775,0.11656159862084055
2025-10,DR normal,dr_normal,contract_balanced,91542,296.0,0.0147103253164854,0.00643039580184286,2.9179727028684828,0.06490420717119628,0.9844192221984427,0.039718059530355586
2025-10,DR-AS normal,dras_normal,equal,91542,91542.0,0.0147103253164854,0.00643039580184286,2.089637178721824,0.045820328230924495,0.993631338620524,0.03439385202536953
2025-10,DR-AS normal,dras_normal,volume,91542,7800166.0,0.0147103253164854,0.00643039580184286,5.658375853224191,0.17088645170392114,0.9904071272329331,0.13021059691818954
2025-10,DR-AS normal,dras_normal,contract_balanced,91542,296.0,0.0147103253164854,0.00643039580184286,2.4867244862640208,0.07024240223652332,0.9907036535920308,0.0510483742546851
2025-10,"Beta, no hurdle",beta_no_hurdle,equal,91542,91542.0,0.0147103253164854,0.00643039580184286,2.0257440982176957,0.04615503029273185,0.9936859583579123,0.034641261614141126
2025-10,"Beta, no hurdle",beta_no_hurdle,volume,91542,7800166.0,0.0147103253164854,0.00643039580184286,13.379480543691187,0.1851492722213396,0.9778291897890378,0.13978820838629438
2025-10,"Beta, no hurdle",beta_no_hurdle,contract_balanced,91542,296.0,0.0147103253164854,0.00643039580184286,2.1222793764767776,0.06855927555605315,0.9893475013722255,0.047409823087936134
2025-10,"Hurdle beta, post-hoc coherence",hurdle_posthoc,equal,91542,91542.0,0.0147103253164854,0.00643039580184286,4.73938725035943,0.04590941408148052,0.9639509733237203,0.02502389488415794
2025-10,"Hurdle beta, post-hoc coherence",hurdle_posthoc,volume,91542,7800166.0,0.0147103253164854,0.00643039580184286,12.676596123201158,0.16961232915371055,0.9734653083024131,0.12438942585448415
2025-10,"Hurdle beta, post-hoc coherence",hurdle_posthoc,contract_balanced,91542,296.0,0.0147103253164854,0.00643039580184286,1.6621359228313397,0.07047277461245666,0.9854053441749571,0.0492568927106973
2025-10,MHB,mhb,equal,91542,91542.0,0.0147103253164854,0.00643039580184286,0.9350310805881392,0.04637093093696481,0.9659937515020428,0.02614700584807143
2025-10,MHB,mhb,volume,91542,7800166.0,0.0147103253164854,0.00643039580184286,10.567475023732237,0.1675025643309468,0.9725741734214375,0.12230761943269641
2025-10,MHB,mhb,contract_balanced,91542,296.0,0.0147103253164854,0.00643039580184286,1.0999013517737661,0.07098651359982588,0.984794802825921,0.04982705993346183
2025-11,DR normal,dr_normal,equal,92950,92950.0,0.01481092557648433,0.006442611550784056,1.4641244654398369,0.03407646671130479,0.9937385691231846,0.02475875124659549
2025-11,DR normal,dr_normal,volume,92950,6165148.0,0.01481092557648433,0.006442611550784056,2.2506825055459156,0.1008037252829884,0.950962572188048,0.0651759587137821
2025-11,DR normal,dr_normal,contract_balanced,92950,257.0,0.01481092557648433,0.006442611550784056,3.6093613622536913,0.08816494973311484,0.9839720355356492,0.041963143663499625
2025-11,DR-AS normal,dras_normal,equal,92950,92950.0,0.01481092557648433,0.006442611550784056,1.4701256577274586,0.034214876541063574,0.9943518020441098,0.025209745987305635
2025-11,DR-AS normal,dras_normal,volume,92950,6165148.0,0.01481092557648433,0.006442611550784056,2.540523075395596,0.10501728517608358,0.9799803670568817,0.09054083334478566
2025-11,DR-AS normal,dras_normal,contract_balanced,92950,257.0,0.01481092557648433,0.006442611550784056,2.5581755513833198,0.07937147987345751,0.9919227153096986,0.053297540137005585
2025-11,"Beta, no hurdle",beta_no_hurdle,equal,92950,92950.0,0.01481092557648433,0.006442611550784056,1.3948522806207349,0.034197063223151136,0.9944055944055944,0.025150323930331994
2025-11,"Beta, no hurdle",beta_no_hurdle,volume,92950,6165148.0,0.01481092557648433,0.006442611550784056,2.3772879418295516,0.10366942568246917,0.9780509729855634,0.08257078024918413
2025-11,"Beta, no hurdle",beta_no_hurdle,contract_balanced,92950,257.0,0.01481092557648433,0.006442611550784056,2.402603226844912,0.08184636682440544,0.9906090310480962,0.050547796961812705
2025-11,"Hurdle beta, post-hoc coherence",hurdle_posthoc,equal,92950,92950.0,0.01481092557648433,0.006442611550784056,2.5323381130035694,0.03342846958075785,0.9735341581495427,0.016134155543475144
2025-11,"Hurdle beta, post-hoc coherence",hurdle_posthoc,volume,92950,6165148.0,0.01481092557648433,0.006442611550784056,1.8991772023003972,0.10936227709871238,0.9707444168412502,0.08713732713817625
2025-11,"Hurdle beta, post-hoc coherence",hurdle_posthoc,contract_balanced,92950,257.0,0.01481092557648433,0.006442611550784056,1.9257584995195394,0.08495106286096639,0.9858146628347056,0.05226296509696717
2025-11,MHB,mhb,equal,92950,92950.0,0.01481092557648433,0.006442611550784056,0.5650568951199447,0.03355410619060224,0.9751802044109735,0.016910894131093243
2025-11,MHB,mhb,volume,92950,6165148.0,0.01481092557648433,0.006442611550784056,1.798276929402733,0.10963810572852875,0.9738984368258474,0.0878430813488389
2025-11,MHB,mhb,contract_balanced,92950,257.0,0.01481092557648433,0.006442611550784056,1.2892046586863999,0.08492647280507029,0.9872041742029247,0.052529837779644005
2025-12,DR normal,dr_normal,equal,82120,82120.0,0.01483760569631986,0.0064142579120770905,1.834274751250321,0.043716030060187136,0.9918777398928396,0.02932230310208222
2025-12,DR normal,dr_normal,volume,82120,5828353.0,0.01483760569631986,0.0064142579120770905,2.670494099893663,0.0914765899265687,0.965134232603962,0.052366239066784705
2025-12,DR normal,dr_normal,contract_balanced,82120,259.0,0.01483760569631986,0.0064142579120770905,2.7052508068446977,0.06835753257861954,0.985012768750342,0.04103442174007416
2025-12,DR-AS normal,dras_normal,equal,82120,82120.0,0.01483760569631986,0.0064142579120770905,1.841214813263088,0.043885979278889105,0.9924378957622989,0.029847892179216313
2025-12,DR-AS normal,dras_normal,volume,82120,5828353.0,0.01483760569631986,0.0064142579120770905,2.901119362623179,0.10115630934272116,0.9829034034143094,0.07423083465655361
2025-12,DR-AS normal,dras_normal,contract_balanced,82120,259.0,0.01483760569631986,0.0064142579120770905,2.9290284514268943,0.07517726233492555,0.991671918385437,0.05311008188415982
2025-12,"Beta, no hurdle",beta_no_hurdle,equal,82120,82120.0,0.01483760569631986,0.0064142579120770905,1.9694487923291157,0.044169398869821755,0.9922065270336091,0.029972195586592136
2025-12,"Beta, no hurdle",beta_no_hurdle,volume,82120,5828353.0,0.01483760569631986,0.0064142579120770905,3.8703265639114233,0.09753985761380193,0.9792006421024944,0.06660264656363604
2025-12,"Beta, no hurdle",beta_no_hurdle,contract_balanced,82120,259.0,0.01483760569631986,0.0064142579120770905,3.1507578323800924,0.07358789738809346,0.9894848675673316,0.049706401772150695
2025-12,"Hurdle beta, post-hoc coherence",hurdle_posthoc,equal,82120,82120.0,0.01483760569631986,0.0064142579120770905,3.3304703077928366,0.04524768078946681,0.9659644422795907,0.020651143813522753
2025-12,"Hurdle beta, post-hoc coherence",hurdle_posthoc,volume,82120,5828353.0,0.01483760569631986,0.0064142579120770905,2.991308933035113,0.09915125975810979,0.9673430898917756,0.06634633724793854
2025-12,"Hurdle beta, post-hoc coherence",hurdle_posthoc,contract_balanced,82120,259.0,0.01483760569631986,0.0064142579120770905,3.5546488496060626,0.0720189620710555,0.9817284941454294,0.047207113038866995
2025-12,MHB,mhb,equal,82120,82120.0,0.01483760569631986,0.0064142579120770905,1.1392385456782304,0.0451757255299934,0.9680102289332682,0.02138936175001136
2025-12,MHB,mhb,volume,82120,5828353.0,0.01483760569631986,0.0064142579120770905,2.624700533103691,0.0997284487153842,0.9678775461952974,0.0672742782524947
2025-12,MHB,mhb,contract_balanced,82120,259.0,0.01483760569631986,0.0064142579120770905,2.0994936640903554,0.07295880815355218,0.9821734377221454,0.048239215552618425
2026-01,DR normal,dr_normal,equal,75425,75425.0,0.014841963691073974,0.006385058204079731,2.0439602254047324,0.06202695232162175,0.9917799138216771,0.048397620713289846
2026-01,DR normal,dr_normal,volume,75425,71585337.0,0.014841963691073974,0.006385058204079731,3.35565082220158,0.25831676887073407,0.9586962061797655,0.19060734654116046
2026-01,DR normal,dr_normal,contract_balanced,75425,267.0,0.014841963691073974,0.006385058204079731,13.908498875251942,0.2218189662613305,0.9496035924285786,0.058324779406940655
2026-01,DR-AS normal,dras_normal,equal,75425,75425.0,0.014841963691073974,0.006385058204079731,2.008765303680896,0.062122934334613036,0.9924560822008617,0.04935887702296178
2026-01,DR-AS normal,dras_normal,volume,75425,71585337.0,0.014841963691073974,0.006385058204079731,3.436382181250138,0.2529548702380533,0.9614801561945572,0.20612414538213233
2026-01,DR-AS normal,dras_normal,contract_balanced,75425,267.0,0.014841963691073974,0.006385058204079731,5.161359790998627,0.2000249403674585,0.9683737535155692,0.07213110670530234
2026-01,"Beta, no hurdle",beta_no_hurdle,equal,75425,75425.0,0.014841963691073974,0.006385058204079731,2.1155153149479204,0.06249764626752326,0.9918859794497845,0.04945888032391471
2026-01,"Beta, no hurdle",beta_no_hurdle,volume,75425,71585337.0,0.014841963691073974,0.006385058204079731,10.322444786289893,0.2574949654482756,0.9445045009706386,0.2016730826992324
2026-01,"Beta, no hurdle",beta_no_hurdle,contract_balanced,75425,267.0,0.014841963691073974,0.006385058204079731,9.23091217842499,0.20739510672488573,0.9604698984391213,0.0675445474909179
2026-01,"Hurdle beta, post-hoc coherence",hurdle_posthoc,equal,75425,75425.0,0.014841963691073974,0.006385058204079731,6.589822537799618,0.06005059454784202,0.9504673516738481,0.03152508704356255
2026-01,"Hurdle beta, post-hoc coherence",hurdle_posthoc,volume,75425,71585337.0,0.014841963691073974,0.006385058204079731,14.517033548893126,0.2601081791609278,0.9481116922031113,0.21560887505033446
2026-01,"Hurdle beta, post-hoc coherence",hurdle_posthoc,contract_balanced,75425,267.0,0.014841963691073974,0.006385058204079731,9.158199455287676,0.20697234766251665,0.9541061696904347,0.06632071244740881
2026-01,MHB,mhb,equal,75425,75425.0,0.014841963691073974,0.006385058204079731,1.2742167855961413,0.06002522542696938,0.952933377527345,0.03258608363518549
2026-01,MHB,mhb,volume,75425,71585337.0,0.014841963691073974,0.006385058204079731,9.96777182444276,0.2607740209501966,0.9481431232208909,0.21810510381950998
2026-01,MHB,mhb,contract_balanced,75425,267.0,0.014841963691073974,0.006385058204079731,7.664303618048738,0.20775479504749916,0.9543371808041683,0.06699893788224988
2026-02,DR normal,dr_normal,equal,42561,42561.0,0.01471860589848449,0.006279334400286372,2.379873701229009,0.06927356647197375,0.9850802377763679,0.05289994799625328
2026-02,DR normal,dr_normal,volume,42561,18893211.0,0.01471860589848449,0.006279334400286372,1.3571466297381816,0.03983188766411816,0.9870803327184563,0.03743272091101488
2026-02,DR normal,dr_normal,contract_balanced,42561,245.0,0.01471860589848449,0.006279334400286372,2.1983013472881936,0.08601390994485172,0.9544784289893283,0.05257034931577271
2026-02,DR-AS normal,dras_normal,equal,42561,42561.0,0.01471860589848449,0.006279334400286372,2.390975148111411,0.0698363436097561,0.9864194920232137,0.05418666680019683
2026-02,DR-AS normal,dras_normal,volume,42561,18893211.0,0.01471860589848449,0.006279334400286372,1.763895827276729,0.050824012967309554,0.9983170674376103,0.04989655463533988
2026-02,DR-AS normal,dras_normal,contract_balanced,42561,245.0,0.01471860589848449,0.006279334400286372,2.3085278391074997,0.08281504420451549,0.9740808067279939,0.06251824116935552
2026-02,"Beta, no hurdle",beta_no_hurdle,equal,42561,42561.0,0.01471860589848449,0.006279334400286372,2.787699253461729,0.06993858552563928,0.9860670566950963,0.05405862116269607
2026-02,"Beta, no hurdle",beta_no_hurdle,volume,42561,18893211.0,0.01471860589848449,0.006279334400286372,2.378084728858092,0.046476561147351256,0.996151421799079,0.045233448352814364
2026-02,"Beta, no hurdle",beta_no_hurdle,contract_balanced,42561,245.0,0.01471860589848449,0.006279334400286372,5.741328590634048,0.08579442994355864,0.9653310789688516,0.06117185807727157
2026-02,"Hurdle beta, post-hoc coherence",hurdle_posthoc,equal,42561,42561.0,0.01471860589848449,0.006279334400286372,7.8387467945111915,0.06825613243000456,0.9333192359202085,0.03164871028144406
2026-02,"Hurdle beta, post-hoc coherence",hurdle_posthoc,volume,42561,18893211.0,0.01471860589848449,0.006279334400286372,1.8237314848914998,0.04334785497111819,0.9863418663984646,0.03944829278974033
2026-02,"Hurdle beta, post-hoc coherence",hurdle_posthoc,contract_balanced,42561,245.0,0.01471860589848449,0.006279334400286372,6.398206460759055,0.08998866908620858,0.9562584053472207,0.0584489315337597
2026-02,MHB,mhb,equal,42561,42561.0,0.01471860589848449,0.006279334400286372,1.8785240634772182,0.06857471213604806,0.9357862832170296,0.03277083792965839
2026-02,MHB,mhb,volume,42561,18893211.0,0.01471860589848449,0.006279334400286372,1.5726665233833084,0.04323404451723563,0.9861027858102046,0.03941592541651173
2026-02,MHB,mhb,contract_balanced,42561,245.0,0.01471860589848449,0.006279334400286372,4.936881251101867,0.08971728648320122,0.9580620944674151,0.05951060304126271
2026-03,DR normal,dr_normal,equal,56300,56300.0,0.014672523589360324,0.006165302296161678,4.70342660906069,0.12113106554805143,0.963392539964476,0.05526044710668482
2026-03,DR normal,dr_normal,volume,56300,170416910.0,0.014672523589360324,0.006165302296161678,2.955875957624814,0.07725665986617723,0.9664215188504474,0.045347839970305476
2026-03,DR normal,dr_normal,contract_balanced,56300,283.0,0.014672523589360324,0.006165302296161678,12.695633449635228,0.3033473504645808,0.9192643103615179,0.059843515847660705
2026-03,DR-AS normal,dras_normal,equal,56300,56300.0,0.014672523589360324,0.006165302296161678,4.563005728756684,0.12028918676079492,0.966323268206039,0.05758170959829071
2026-03,DR-AS normal,dras_normal,volume,56300,170416910.0,0.014672523589360324,0.006165302296161678,2.3754821046095254,0.08464677208831957,0.9844841043063157,0.06023255200653742
2026-03,DR-AS normal,dras_normal,contract_balanced,56300,283.0,0.014672523589360324,0.006165302296161678,7.948873413986919,0.28084138274537707,0.9458854738468225,0.07122076510880516
2026-03,"Beta, no hurdle",beta_no_hurdle,equal,56300,56300.0,0.014672523589360324,0.006165302296161678,4.198756743334999,0.12089950894933299,0.9647779751332148,0.05698320790605623
2026-03,"Beta, no hurdle",beta_no_hurdle,volume,56300,170416910.0,0.014672523589360324,0.006165302296161678,2.275295516960671,0.08206418604625575,0.9817055889582791,0.055389295213354124
2026-03,"Beta, no hurdle",beta_no_hurdle,contract_balanced,56300,283.0,0.014672523589360324,0.006165302296161678,6.990722021702446,0.2914138129436312,0.938407836987388,0.06777522499011401
2026-03,"Hurdle beta, post-hoc coherence",hurdle_posthoc,equal,56300,56300.0,0.014672523589360324,0.006165302296161678,8.2265338771762,0.12971889915008356,0.8946891651865008,0.03523994276109381
2026-03,"Hurdle beta, post-hoc coherence",hurdle_posthoc,volume,56300,170416910.0,0.014672523589360324,0.006165302296161678,1.1895060351492874,0.08220548651150089,0.9709466683793292,0.05548261148504295
2026-03,"Hurdle beta, post-hoc coherence",hurdle_posthoc,contract_balanced,56300,283.0,0.014672523589360324,0.006165302296161678,5.724277901027146,0.290223614920165,0.9288419932421634,0.0655175869565891
2026-03,MHB,mhb,equal,56300,56300.0,0.014672523589360324,0.006165302296161678,2.6920696142897587,0.12907213792775338,0.8973534635879219,0.036049805002630005
2026-03,MHB,mhb,volume,56300,170416910.0,0.014672523589360324,0.006165302296161678,1.118729966757432,0.08141606930618564,0.9705589310356583,0.05475247592543694
2026-03,MHB,mhb,contract_balanced,56300,283.0,0.014672523589360324,0.006165302296161678,4.954873705981073,0.29020299100858693,0.9300755221740106,0.0662874587688663
2026-04,DR normal,dr_normal,equal,34465,34465.0,0.01598999119746654,0.005552190961037937,3.0673037944487644,0.09937965178369164,0.9752212389380532,0.07465153039387075
2026-04,DR normal,dr_normal,volume,34465,57095685.51,0.01598999119746654,0.005552190961037937,3.9633355211570604,0.44041611540391984,0.9785819121168828,0.30407846074029893
2026-04,DR normal,dr_normal,contract_balanced,34465,148.0,0.01598999119746654,0.005552190961037937,2.8412454199603028,0.14458747742448363,0.9778602274821977,0.1174399879142677
2026-04,DR-AS normal,dras_normal,equal,34465,34465.0,0.01598999119746654,0.005552190961037937,2.995942597696583,0.09914199881267942,0.9762657768750909,0.0755969253990613
2026-04,DR-AS normal,dras_normal,volume,34465,57095685.51,0.01598999119746654,0.005552190961037937,3.9478678651051173,0.43316692593946066,0.9786978488981102,0.31206619969158705
2026-04,DR-AS normal,dras_normal,contract_balanced,34465,148.0,0.01598999119746654,0.005552190961037937,2.7894711613732994,0.14610073901123471,0.9831986312325648,0.1247376012219065
2026-04,"Beta, no hurdle",beta_no_hurdle,equal,34465,34465.0,0.01598999119746654,0.005552190961037937,2.8668277276790057,0.10042829822585789,0.9760626722762225,0.07653465458458927
2026-04,"Beta, no hurdle",beta_no_hurdle,volume,34465,57095685.51,0.01598999119746654,0.005552190961037937,4.243386901089328,0.43964048847953197,0.9787340397237663,0.3060534762729727
2026-04,"Beta, no hurdle",beta_no_hurdle,contract_balanced,34465,148.0,0.01598999119746654,0.005552190961037937,2.824256855938918,0.15236406445009817,0.984171188649934,0.12767140036179997
2026-04,"Hurdle beta, post-hoc coherence",hurdle_posthoc,equal,34465,34465.0,0.01598999119746654,0.005552190961037937,19.6628275192269,0.11741555318212471,0.8380095749310896,0.04230999132969934
2026-04,"Hurdle beta, post-hoc coherence",hurdle_posthoc,volume,34465,57095685.51,0.01598999119746654,0.005552190961037937,3.922584112574341,0.4778596513687797,0.97606359731401,0.3466312508179089
2026-04,"Hurdle beta, post-hoc coherence",hurdle_posthoc,contract_balanced,34465,148.0,0.01598999119746654,0.005552190961037937,19.298020539711644,0.16329064662748255,0.9423150640458123,0.12307019672158848
2026-04,MHB,mhb,equal,34465,34465.0,0.01598999119746654,0.005552190961037937,2.63556336710864,0.1168190718914708,0.844392862324097,0.04429927368020482
2026-04,MHB,mhb,volume,34465,57095685.51,0.01598999119746654,0.005552190961037937,3.115169054102801,0.48076345820362487,0.9763702717998944,0.35026107733420214
2026-04,MHB,mhb,contract_balanced,34465,148.0,0.01598999119746654,0.005552190961037937,2.3171292741911924,0.16470962133428133,0.9468701604167072,0.12603807811669282
