month,model,model_slug,weighting,n,weight_sum,k_original,k_mhb,negative_log_score,interval_score,coverage,width
2022-03,DR normal,dr_normal,equal,1961,1961.0,0.10898054529141524,0.0620600046297389,10.227131423181174,0.15430578636545628,0.942376338602754,0.02573799775443369
2022-03,DR normal,dr_normal,volume,1961,268436.0,0.10898054529141524,0.0620600046297389,6.7286189206497555,0.10275441704331853,0.9391400557302299,0.04116190595599514
2022-03,DR normal,dr_normal,contract_balanced,1961,54.0,0.10898054529141524,0.0620600046297389,12.079546883725067,0.2866333422719351,0.8374663669105945,0.026317391645491215
2022-03,DR-AS normal,dras_normal,equal,1961,1961.0,0.10898054529141524,0.0620600046297389,9.304069307145252,0.14943250386103757,0.9602243753187152,0.03553169010442011
2022-03,DR-AS normal,dras_normal,volume,1961,268436.0,0.10898054529141524,0.0620600046297389,2.857926826578795,0.13059759090034284,0.9877400944731705,0.11511280789327094
2022-03,DR-AS normal,dras_normal,contract_balanced,1961,54.0,0.10898054529141524,0.0620600046297389,4.476487898091535,0.2079547346740937,0.9234131120943687,0.07463473389155079
2022-03,"Beta, no hurdle",beta_no_hurdle,equal,1961,1961.0,0.10898054529141524,0.0620600046297389,9.567809507543252,0.14854221100886672,0.956654767975523,0.032492411004640495
2022-03,"Beta, no hurdle",beta_no_hurdle,volume,1961,268436.0,0.10898054529141524,0.0620600046297389,2.756684510737802,0.11510777445593554,0.9780096559328852,0.09452097715253986
2022-03,"Beta, no hurdle",beta_no_hurdle,contract_balanced,1961,54.0,0.10898054529141524,0.0620600046297389,4.380996512046759,0.21251403522832063,0.8948551190618441,0.06092330067934312
2022-03,"Hurdle beta, post-hoc coherence",hurdle_posthoc,equal,1961,1961.0,0.10898054529141524,0.0620600046297389,5.793005034309932,0.14906566659131987,0.9653238143804185,0.038444078187589985
2022-03,"Hurdle beta, post-hoc coherence",hurdle_posthoc,volume,1961,268436.0,0.10898054529141524,0.0620600046297389,2.126382733786347,0.12165825301630763,0.9877400944731705,0.1054490046357123
2022-03,"Hurdle beta, post-hoc coherence",hurdle_posthoc,contract_balanced,1961,54.0,0.10898054529141524,0.0620600046297389,1.9422617107320561,0.2022117628073148,0.9297262434075002,0.07149357355025174
2022-03,MHB,mhb,equal,1961,1961.0,0.10898054529141524,0.0620600046297389,6.152706477889031,0.14903349730404114,0.9653238143804185,0.03836534707030982
2022-03,MHB,mhb,volume,1961,268436.0,0.10898054529141524,0.0620600046297389,2.125967332868359,0.12164512516176823,0.9877400944731705,0.10543942682358734
2022-03,MHB,mhb,contract_balanced,1961,54.0,0.10898054529141524,0.0620600046297389,1.9324073083836053,0.20192873700363542,0.9297262434075002,0.07100723756014046
2022-04,DR normal,dr_normal,equal,5214,5214.0,0.09202948471644476,0.04469217170659738,12.882094593492484,0.2390286747215138,0.9175297276563099,0.03682837757924408
2022-04,DR normal,dr_normal,volume,5214,341189.0,0.09202948471644476,0.04469217170659738,4.852501072980635,0.14420626932363906,0.9092350574022023,0.045080572292256385
2022-04,DR normal,dr_normal,contract_balanced,5214,103.0,0.09202948471644476,0.04469217170659738,15.815059405419577,0.2821834650121995,0.8782688750665415,0.029890405867200827
2022-04,DR-AS normal,dras_normal,equal,5214,5214.0,0.09202948471644476,0.04469217170659738,12.76767241247788,0.23934397209131292,0.9238588415803606,0.04225210444410292
2022-04,DR-AS normal,dras_normal,volume,5214,341189.0,0.09202948471644476,0.04469217170659738,4.756240028416596,0.13839892235602513,0.9878395845118102,0.1148725415824197
2022-04,DR-AS normal,dras_normal,contract_balanced,5214,103.0,0.09202948471644476,0.04469217170659738,15.980814101831175,0.29172949825932126,0.9369312618148619,0.07009480814817037
2022-04,"Beta, no hurdle",beta_no_hurdle,equal,5214,5214.0,0.09202948471644476,0.04469217170659738,12.202178873364893,0.23786095501629073,0.9236670502493287,0.040025505116577056
2022-04,"Beta, no hurdle",beta_no_hurdle,volume,5214,341189.0,0.09202948471644476,0.04469217170659738,4.575566060703897,0.12012868659561593,0.9802631386123234,0.08985544042305936
2022-04,"Beta, no hurdle",beta_no_hurdle,contract_balanced,5214,103.0,0.09202948471644476,0.04469217170659738,15.051850278837698,0.28151911674552754,0.9333155839142689,0.05563239050817459
2022-04,"Hurdle beta, post-hoc coherence",hurdle_posthoc,equal,5214,5214.0,0.09202948471644476,0.04469217170659738,7.644470542968021,0.2369952356004446,0.9380514000767165,0.050148550185966645
2022-04,"Hurdle beta, post-hoc coherence",hurdle_posthoc,volume,5214,341189.0,0.09202948471644476,0.04469217170659738,3.1651966857287075,0.12787166809656986,0.9864004994299347,0.103210071393258
2022-04,"Hurdle beta, post-hoc coherence",hurdle_posthoc,contract_balanced,5214,103.0,0.09202948471644476,0.04469217170659738,7.471429514746527,0.2832657579009231,0.9449049533356051,0.06590279103971652
2022-04,MHB,mhb,equal,5214,5214.0,0.09202948471644476,0.04469217170659738,7.636466017668126,0.23724925422522708,0.9357499041043345,0.050013627732598
2022-04,MHB,mhb,volume,5214,341189.0,0.09202948471644476,0.04469217170659738,3.1666682824696126,0.12792197756725443,0.9864004994299347,0.10336643364197802
2022-04,MHB,mhb,contract_balanced,5214,103.0,0.09202948471644476,0.04469217170659738,7.454029449088937,0.2838668313089658,0.9420860275274101,0.06572463059605135
2022-05,DR normal,dr_normal,equal,7072,7072.0,0.10014762035365825,0.04451496571398026,8.399384594287046,0.15634301480632473,0.941035067873303,0.04918108983855224
2022-05,DR normal,dr_normal,volume,7072,502321.0,0.10014762035365825,0.04451496571398026,13.754223137678991,0.3309636791967947,0.8775026327786416,0.0960461482845391
2022-05,DR normal,dr_normal,contract_balanced,7072,132.0,0.10014762035365825,0.04451496571398026,23.702601996011975,0.34380857364040224,0.8332795328640598,0.037924464370885556
2022-05,DR-AS normal,dras_normal,equal,7072,7072.0,0.10014762035365825,0.04451496571398026,7.19008236909572,0.1524768904446266,0.9483880090497736,0.05554056938822664
2022-05,DR-AS normal,dras_normal,volume,7072,502321.0,0.10014762035365825,0.04451496571398026,3.6711823815948526,0.3022385689446018,0.9748089369148413,0.17868425918417058
2022-05,DR-AS normal,dras_normal,contract_balanced,7072,132.0,0.10014762035365825,0.04451496571398026,4.4332216947593235,0.2769450127819585,0.9215815851174238,0.0855892328159453
2022-05,"Beta, no hurdle",beta_no_hurdle,equal,7072,7072.0,0.10014762035365825,0.04451496571398026,7.23847573440689,0.15282950145107937,0.945418552036199,0.0536305993516193
2022-05,"Beta, no hurdle",beta_no_hurdle,volume,7072,502321.0,0.10014762035365825,0.04451496571398026,3.6435413000276755,0.29443357276560495,0.9585842519026677,0.14945435652214384
2022-05,"Beta, no hurdle",beta_no_hurdle,contract_balanced,7072,132.0,0.10014762035365825,0.04451496571398026,5.207991884807138,0.2877046219236236,0.8909929304545141,0.06902268375136071
2022-05,"Hurdle beta, post-hoc coherence",hurdle_posthoc,equal,7072,7072.0,0.10014762035365825,0.04451496571398026,2.7140636951273107,0.1555009842667927,0.9448529411764705,0.061450790940143836
2022-05,"Hurdle beta, post-hoc coherence",hurdle_posthoc,volume,7072,502321.0,0.10014762035365825,0.04451496571398026,2.59880050122826,0.3022884886049872,0.9651119503265839,0.16960740995747156
2022-05,"Hurdle beta, post-hoc coherence",hurdle_posthoc,contract_balanced,7072,132.0,0.10014762035365825,0.04451496571398026,2.7056406507826036,0.2818146302321965,0.8963643459110452,0.07915113575433988
2022-05,MHB,mhb,equal,7072,7072.0,0.10014762035365825,0.04451496571398026,2.7082723620970555,0.15569739174292452,0.945418552036199,0.0619146350898494
2022-05,MHB,mhb,volume,7072,502321.0,0.10014762035365825,0.04451496571398026,2.5926195181287577,0.30198825668689483,0.9651716730934999,0.16938663870535006
2022-05,MHB,mhb,contract_balanced,7072,132.0,0.10014762035365825,0.04451496571398026,2.702749959655005,0.28186413413167116,0.8956044905860606,0.07904228864732599
2022-06,DR normal,dr_normal,equal,8341,8341.0,0.19191726717020893,0.09263951097753151,5.370666724116575,0.09711356558198841,0.9471286416496822,0.04298194882812562
2022-06,DR normal,dr_normal,volume,8341,784484.0,0.19191726717020893,0.09263951097753151,20.834764232083906,0.6110667746210409,0.8013789956200508,0.0673174275237793
2022-06,DR normal,dr_normal,contract_balanced,8341,138.0,0.19191726717020893,0.09263951097753151,33.23928450705932,0.3012907243262231,0.80121270931623,0.037818582240397025
2022-06,DR-AS normal,dras_normal,equal,8341,8341.0,0.19191726717020893,0.09263951097753151,4.12263312818054,0.09228767366848348,0.9615154058266395,0.054334914914160405
2022-06,DR-AS normal,dras_normal,volume,8341,784484.0,0.19191726717020893,0.09263951097753151,5.159402091576072,0.25942179665785303,0.941305367604693,0.19368505608981798
2022-06,DR-AS normal,dras_normal,contract_balanced,8341,138.0,0.19191726717020893,0.09263951097753151,3.0529873382882142,0.16512099978856926,0.9363828183411901,0.12061167372633139
2022-06,"Beta, no hurdle",beta_no_hurdle,equal,8341,8341.0,0.19191726717020893,0.09263951097753151,4.032138863446871,0.0913144248748106,0.9598369500059944,0.05058270450852224
2022-06,"Beta, no hurdle",beta_no_hurdle,volume,8341,784484.0,0.19191726717020893,0.09263951097753151,5.1475983706071275,0.31252465344241914,0.8938894865924607,0.15181568345597285
2022-06,"Beta, no hurdle",beta_no_hurdle,contract_balanced,8341,138.0,0.19191726717020893,0.09263951097753151,3.0250959859973765,0.18844354806166558,0.923831968640315,0.09550497550470027
2022-06,"Hurdle beta, post-hoc coherence",hurdle_posthoc,equal,8341,8341.0,0.19191726717020893,0.09263951097753151,2.332609390403789,0.09616189425375149,0.9691883467210167,0.06110299587458576
2022-06,"Hurdle beta, post-hoc coherence",hurdle_posthoc,volume,8341,784484.0,0.19191726717020893,0.09263951097753151,3.0232065716637386,0.28696623945577093,0.9398955236818085,0.17148335987432411
2022-06,"Hurdle beta, post-hoc coherence",hurdle_posthoc,contract_balanced,8341,138.0,0.19191726717020893,0.09263951097753151,2.1552871777440132,0.18138474155201778,0.9327639335126958,0.11004988606664526
2022-06,MHB,mhb,equal,8341,8341.0,0.19191726717020893,0.09263951097753151,2.3290505650871047,0.0962206261685233,0.9693082364224913,0.06124362175574559
2022-06,MHB,mhb,volume,8341,784484.0,0.19191726717020893,0.09263951097753151,3.0252731593614346,0.2869397993068049,0.9398955236818085,0.1718053749097773
2022-06,MHB,mhb,contract_balanced,8341,138.0,0.19191726717020893,0.09263951097753151,2.155474283589558,0.18123428218328702,0.9327639335126958,0.11020745809227525
2022-07,DR normal,dr_normal,equal,11342,11342.0,0.2110104527358986,0.10833331533857524,3.5464814634254385,0.08629086040620268,0.9545935461117968,0.04445995831173062
2022-07,DR normal,dr_normal,volume,11342,1255773.0,0.2110104527358986,0.10833331533857524,6.233620989773746,0.26276535158228015,0.847040030323952,0.09472806881688148
2022-07,DR normal,dr_normal,contract_balanced,11342,121.0,0.2110104527358986,0.10833331533857524,5.04025757691926,0.10447672511803527,0.9091815964222194,0.04554717965204415
2022-07,DR-AS normal,dras_normal,equal,11342,11342.0,0.2110104527358986,0.10833331533857524,3.095630197381973,0.08436584092558053,0.9668488802680304,0.05578078022111775
2022-07,DR-AS normal,dras_normal,volume,11342,1255773.0,0.2110104527358986,0.10833331533857524,3.4398522143292287,0.24597952275367324,0.9758937323863468,0.2187522510687023
2022-07,DR-AS normal,dras_normal,contract_balanced,11342,121.0,0.2110104527358986,0.10833331533857524,2.513380314950765,0.12253302003209748,0.9928696079702107,0.12002650331098848
2022-07,"Beta, no hurdle",beta_no_hurdle,equal,11342,11342.0,0.2110104527358986,0.10833331533857524,3.419028413055312,0.08370873331898297,0.9649091870922236,0.052560964013242645
2022-07,"Beta, no hurdle",beta_no_hurdle,volume,11342,1255773.0,0.2110104527358986,0.10833331533857524,5.959709119651155,0.2328823367971835,0.9640245490227931,0.1834941608523372
2022-07,"Beta, no hurdle",beta_no_hurdle,contract_balanced,11342,121.0,0.2110104527358986,0.10833331533857524,2.5804554395422103,0.10854212627338074,0.9816234786198539,0.10090420804943101
2022-07,"Hurdle beta, post-hoc coherence",hurdle_posthoc,equal,11342,11342.0,0.2110104527358986,0.10833331533857524,2.005317190626325,0.08775328239004213,0.9701110915182507,0.061079729994404884
2022-07,"Hurdle beta, post-hoc coherence",hurdle_posthoc,volume,11342,1255773.0,0.2110104527358986,0.10833331533857524,5.507903038921701,0.24334644131948688,0.967818228294445,0.2040046737265681
2022-07,"Hurdle beta, post-hoc coherence",hurdle_posthoc,contract_balanced,11342,121.0,0.2110104527358986,0.10833331533857524,1.5757757551540241,0.11651650219793203,0.9836953862222649,0.11144803796953896
2022-07,MHB,mhb,equal,11342,11342.0,0.2110104527358986,0.10833331533857524,1.9383484182555821,0.08792604193770778,0.9703755951331335,0.06135251353139364
2022-07,MHB,mhb,volume,11342,1255773.0,0.2110104527358986,0.10833331533857524,5.507423907884958,0.24355313286807623,0.967818228294445,0.20414947359786131
2022-07,MHB,mhb,contract_balanced,11342,121.0,0.2110104527358986,0.10833331533857524,1.575389363780797,0.11695532202042334,0.9836953862222649,0.11176296697888083
2022-08,DR normal,dr_normal,equal,9882,9882.0,0.17130988444866985,0.08649454889612575,3.1425505072053204,0.07766218905400575,0.9717668488160289,0.04265162611321265
2022-08,DR normal,dr_normal,volume,9882,636093.0,0.17130988444866985,0.08649454889612575,3.361940046221814,0.13763715375858251,0.9473661870198227,0.08143534219611524
2022-08,DR normal,dr_normal,contract_balanced,9882,113.0,0.17130988444866985,0.08649454889612575,4.90832596391076,0.11361285811059497,0.950816571111015,0.04184730294941737
2022-08,DR-AS normal,dras_normal,equal,9882,9882.0,0.17130988444866985,0.08649454889612575,3.1111196620791413,0.0807968953956394,0.9762193887876945,0.049934603803982944
2022-08,DR-AS normal,dras_normal,volume,9882,636093.0,0.17130988444866985,0.08649454889612575,3.530441089259952,0.18113734999677783,0.9931566610542797,0.16737215125466087
2022-08,DR-AS normal,dras_normal,contract_balanced,9882,113.0,0.17130988444866985,0.08649454889612575,5.21456395846298,0.14403309363693945,0.9792741737268733,0.09057577009667776
2022-08,"Beta, no hurdle",beta_no_hurdle,equal,9882,9882.0,0.17130988444866985,0.08649454889612575,3.5761027539500745,0.0789252369224345,0.9746002833434525,0.047385080482268034
2022-08,"Beta, no hurdle",beta_no_hurdle,volume,9882,636093.0,0.17130988444866985,0.08649454889612575,3.3626583720135077,0.15806867722163656,0.978960623682386,0.13737649595212648
2022-08,"Beta, no hurdle",beta_no_hurdle,contract_balanced,9882,113.0,0.17130988444866985,0.08649454889612575,6.365209877476417,0.13079453783679254,0.9723172125188815,0.07431766640655954
2022-08,"Hurdle beta, post-hoc coherence",hurdle_posthoc,equal,9882,9882.0,0.17130988444866985,0.08649454889612575,1.756044957482084,0.08355231681862146,0.9715644606354987,0.05276835094059377
2022-08,"Hurdle beta, post-hoc coherence",hurdle_posthoc,volume,9882,636093.0,0.17130988444866985,0.08649454889612575,2.624000176431215,0.16988225631196802,0.9872298547539431,0.15376823135300022
2022-08,"Hurdle beta, post-hoc coherence",hurdle_posthoc,contract_balanced,9882,113.0,0.17130988444866985,0.08649454889612575,2.2260220963362665,0.1389398407473235,0.9692926705352796,0.08354466458043569
2022-08,MHB,mhb,equal,9882,9882.0,0.17130988444866985,0.08649454889612575,1.6037285278006896,0.08362920978580997,0.9719692369965591,0.0529949054581893
2022-08,MHB,mhb,volume,9882,636093.0,0.17130988444866985,0.08649454889612575,2.623983839710595,0.17002622201040513,0.9872314268511051,0.15390904644835807
2022-08,MHB,mhb,contract_balanced,9882,113.0,0.17130988444866985,0.08649454889612575,2.1804129222210475,0.13923514977736398,0.9693029967400895,0.08365836084368179
2022-09,DR normal,dr_normal,equal,7417,7417.0,0.16880145636120383,0.08272999298141756,7.400365480308794,0.1265049199559237,0.9259808547930433,0.040043147269836016
2022-09,DR normal,dr_normal,volume,7417,1084698.0,0.16880145636120383,0.08272999298141756,15.802862779898557,0.2080291362300083,0.8491257474430671,0.05496771211168858
2022-09,DR normal,dr_normal,contract_balanced,7417,106.0,0.16880145636120383,0.08272999298141756,10.59561292636552,0.14357914003583921,0.918527574347139,0.04633763208827573
2022-09,DR-AS normal,dras_normal,equal,7417,7417.0,0.16880145636120383,0.08272999298141756,5.636076728110985,0.11842639201249872,0.9435081569367672,0.05246900541997144
2022-09,DR-AS normal,dras_normal,volume,7417,1084698.0,0.16880145636120383,0.08272999298141756,3.410981806330005,0.17529490108158988,0.9812722066418487,0.14807032033988832
2022-09,DR-AS normal,dras_normal,contract_balanced,7417,106.0,0.16880145636120383,0.08272999298141756,2.512425222828343,0.12364830260301353,0.9859344175914382,0.10913952963761184
2022-09,"Beta, no hurdle",beta_no_hurdle,equal,7417,7417.0,0.16880145636120383,0.08272999298141756,6.807596893747228,0.11666436169003146,0.9424295537279226,0.048582386871772104
2022-09,"Beta, no hurdle",beta_no_hurdle,volume,7417,1084698.0,0.16880145636120383,0.08272999298141756,3.2947479602676886,0.15745411402276116,0.975423574119248,0.11938210100773562
2022-09,"Beta, no hurdle",beta_no_hurdle,contract_balanced,7417,106.0,0.16880145636120383,0.08272999298141756,3.0516060615933664,0.11222466413317046,0.9825303697266357,0.09184977613038242
2022-09,"Hurdle beta, post-hoc coherence",hurdle_posthoc,equal,7417,7417.0,0.16880145636120383,0.08272999298141756,2.1451524695543043,0.11853463042481369,0.9328569502494273,0.052709935113796666
2022-09,"Hurdle beta, post-hoc coherence",hurdle_posthoc,volume,7417,1084698.0,0.16880145636120383,0.08272999298141756,2.9590667721149306,0.16370090521072256,0.9781164895666812,0.13099274000408045
2022-09,"Hurdle beta, post-hoc coherence",hurdle_posthoc,contract_balanced,7417,106.0,0.16880145636120383,0.08272999298141756,1.6678285814723304,0.11490756968441543,0.9830327268017377,0.09738914873689923
2022-09,MHB,mhb,equal,7417,7417.0,0.16880145636120383,0.08272999298141756,2.135053680936325,0.1184777541614935,0.9335310772549551,0.05287797718351499
2022-09,MHB,mhb,volume,7417,1084698.0,0.16880145636120383,0.08272999298141756,2.959509357154955,0.1639172980552398,0.9781155676510882,0.13114505205832905
2022-09,MHB,mhb,contract_balanced,7417,106.0,0.16880145636120383,0.08272999298141756,1.66343119352179,0.11621184793382835,0.983030064848503,0.09865768688616092
2022-10,DR normal,dr_normal,equal,3604,3604.0,0.15271290475885768,0.07776316848885094,4.706666252878483,0.11712933784767929,0.9356270810210878,0.06093329879000868
2022-10,DR normal,dr_normal,volume,3604,552978.0,0.15271290475885768,0.07776316848885094,10.259490622190535,0.20670395761502297,0.8988910951249416,0.07444249000819148
2022-10,DR normal,dr_normal,contract_balanced,3604,78.0,0.15271290475885768,0.07776316848885094,9.958067190538593,0.2040419966714357,0.8833494716616748,0.05055039154894454
2022-10,DR-AS normal,dras_normal,equal,3604,3604.0,0.15271290475885768,0.07776316848885094,3.918538560773583,0.11208534431422158,0.9567147613762488,0.0783123631272335
2022-10,DR-AS normal,dras_normal,volume,3604,552978.0,0.15271290475885768,0.07776316848885094,3.066368504574934,0.1894464404149502,0.9931009913595115,0.1819315741158032
2022-10,DR-AS normal,dras_normal,contract_balanced,3604,78.0,0.15271290475885768,0.07776316848885094,5.359969669373601,0.14782640493514052,0.9822277888761133,0.13187891925362866
2022-10,"Beta, no hurdle",beta_no_hurdle,equal,3604,3604.0,0.15271290475885768,0.07776316848885094,3.342245117579,0.10851163679966193,0.9556048834628192,0.07268711979290045
2022-10,"Beta, no hurdle",beta_no_hurdle,volume,3604,552978.0,0.15271290475885768,0.07776316848885094,2.894074827722691,0.1600614156709063,0.9905493527771447,0.15008176553596858
2022-10,"Beta, no hurdle",beta_no_hurdle,contract_balanced,3604,78.0,0.15271290475885768,0.07776316848885094,5.238698610786351,0.12687400173991298,0.9795841436460526,0.10923218629262932
2022-10,"Hurdle beta, post-hoc coherence",hurdle_posthoc,equal,3604,3604.0,0.15271290475885768,0.07776316848885094,1.8885093794723238,0.11345502631722557,0.9511653718091012,0.07964027593942
2022-10,"Hurdle beta, post-hoc coherence",hurdle_posthoc,volume,3604,552978.0,0.15271290475885768,0.07776316848885094,2.721195486505447,0.17533361589696522,0.9930539732141241,0.16704333517510392
2022-10,"Hurdle beta, post-hoc coherence",hurdle_posthoc,contract_balanced,3604,78.0,0.15271290475885768,0.07776316848885094,1.9694946400396276,0.13640786569012694,0.9809217545382183,0.11751198362334474
2022-10,MHB,mhb,equal,3604,3604.0,0.15271290475885768,0.07776316848885094,1.881336427166622,0.11395098138314164,0.9508879023307438,0.08015223151971188
2022-10,MHB,mhb,volume,3604,552978.0,0.15271290475885768,0.07776316848885094,2.719920517298825,0.17530441178903272,0.9930539732141241,0.16700831651263773
2022-10,MHB,mhb,contract_balanced,3604,78.0,0.15271290475885768,0.07776316848885094,1.9692513284922613,0.13639362866858792,0.9805930234402565,0.11749314402252072
2022-11,DR normal,dr_normal,equal,976,976.0,0.13767248478701033,0.07113672166246375,16.852233963780783,0.37455477015259275,0.8524590163934425,0.07908669821933735
2022-11,DR normal,dr_normal,volume,976,354580.0,0.13767248478701033,0.07113672166246375,6.691571001590129,0.2764843673456595,0.788002707428507,0.06396208152543204
2022-11,DR normal,dr_normal,contract_balanced,976,56.0,0.13767248478701033,0.07113672166246375,80.71244295857366,1.3668662798727076,0.5892922546763881,0.04349792112360401
2022-11,DR-AS normal,dras_normal,equal,976,976.0,0.13767248478701033,0.07113672166246375,12.883104402061011,0.3231392250098463,0.9036885245901637,0.11573958398599235
2022-11,DR-AS normal,dras_normal,volume,976,354580.0,0.13767248478701033,0.07113672166246375,3.2819674270910424,0.22037050194715302,0.9749280839302837,0.18061515886700769
2022-11,DR-AS normal,dras_normal,contract_balanced,976,56.0,0.13767248478701033,0.07113672166246375,62.386143336746215,1.1766755277825722,0.7378260372208056,0.11856041603794154
2022-11,"Beta, no hurdle",beta_no_hurdle,equal,976,976.0,0.13767248478701033,0.07113672166246375,13.547706847902548,0.32893776681558795,0.894467213114754,0.10380759124760663
2022-11,"Beta, no hurdle",beta_no_hurdle,volume,976,354580.0,0.13767248478701033,0.07113672166246375,3.5114181131840936,0.20642279271206265,0.9706977268881494,0.14727306852820024
2022-11,"Beta, no hurdle",beta_no_hurdle,contract_balanced,976,56.0,0.13767248478701033,0.07113672166246375,62.55195518204337,1.2211657554847477,0.707304656609088,0.09904897575051896
2022-11,"Hurdle beta, post-hoc coherence",hurdle_posthoc,equal,976,976.0,0.13767248478701033,0.07113672166246375,7.4468103553182425,0.33203012042112867,0.9006147540983604,0.12170530180198479
2022-11,"Hurdle beta, post-hoc coherence",hurdle_posthoc,volume,976,354580.0,0.13767248478701033,0.07113672166246375,3.1053595065549238,0.21383317991619213,0.9719019685261436,0.1610022076612922
2022-11,"Hurdle beta, post-hoc coherence",hurdle_posthoc,contract_balanced,976,56.0,0.13767248478701033,0.07113672166246375,22.04973713293279,1.2078826058267145,0.6745285756388795,0.10990824097721322
2022-11,MHB,mhb,equal,976,976.0,0.13767248478701033,0.07113672166246375,6.702252419195876,0.33204966335560604,0.9006147540983604,0.12204475696967824
2022-11,MHB,mhb,volume,976,354580.0,0.13767248478701033,0.07113672166246375,3.1066088229637896,0.21386680486194054,0.9717976197191043,0.16097718756835386
2022-11,MHB,mhb,contract_balanced,976,56.0,0.13767248478701033,0.07113672166246375,22.00037529559598,1.2076600452949033,0.6745285156832128,0.1095593967799676
2022-12,DR normal,dr_normal,equal,866,866.0,0.13382712906251898,0.07040211817254864,17.194383078459897,0.3106257159217253,0.8926096997690529,0.10003566457968024
2022-12,DR normal,dr_normal,volume,866,379520.0,0.13382712906251898,0.07040211817254864,11.124888341033873,0.27719187593608735,0.8144946247892073,0.08513364921761216
2022-12,DR normal,dr_normal,contract_balanced,866,53.99999999999999,0.13382712906251898,0.07040211817254864,40.082741593514115,0.560896683820574,0.8084628999645845,0.053161976899340574
2022-12,DR-AS normal,dras_normal,equal,866,866.0,0.13382712906251898,0.07040211817254864,12.143724384501809,0.2949247460814351,0.9295612009237874,0.12819177923536224
2022-12,DR-AS normal,dras_normal,volume,866,379520.0,0.13382712906251898,0.07040211817254864,3.3962310630656836,0.2816450600078861,0.9884432967959528,0.21048014980701057
2022-12,DR-AS normal,dras_normal,contract_balanced,866,53.99999999999999,0.13382712906251898,0.07040211817254864,13.731502604994652,0.48612977141564706,0.8975888137766431,0.11759720767848406
2022-12,"Beta, no hurdle",beta_no_hurdle,equal,866,866.0,0.13382712906251898,0.07040211817254864,13.730612576959059,0.2940007112068242,0.9226327944572746,0.12048709904624322
2022-12,"Beta, no hurdle",beta_no_hurdle,volume,866,379520.0,0.13382712906251898,0.07040211817254864,3.3865731717341085,0.26770094752051343,0.9852972175379426,0.1854653138976133
2022-12,"Beta, no hurdle",beta_no_hurdle,contract_balanced,866,53.99999999999999,0.13382712906251898,0.07040211817254864,14.131630931329639,0.49708812703232846,0.9056229027267613,0.10538518836229621
2022-12,"Hurdle beta, post-hoc coherence",hurdle_posthoc,equal,866,866.0,0.13382712906251898,0.07040211817254864,11.01903993604477,0.3058210773128579,0.9307159353348728,0.14028862858914704
2022-12,"Hurdle beta, post-hoc coherence",hurdle_posthoc,volume,866,379520.0,0.13382712906251898,0.07040211817254864,3.087223850297759,0.27634285337310366,0.9863775295109612,0.19854777432379517
2022-12,"Hurdle beta, post-hoc coherence",hurdle_posthoc,contract_balanced,866,53.99999999999999,0.13382712906251898,0.07040211817254864,13.446058967945579,0.4971680572761887,0.87390685196313,0.11091653713031543
2022-12,MHB,mhb,equal,866,866.0,0.13382712906251898,0.07040211817254864,10.195620202684253,0.3060010445088529,0.9318706697459582,0.14089922988842468
2022-12,MHB,mhb,volume,866,379520.0,0.13382712906251898,0.07040211817254864,3.0807733709965848,0.2762237291956067,0.9863775295109612,0.19846536843710283
2022-12,MHB,mhb,contract_balanced,866,53.99999999999999,0.13382712906251898,0.07040211817254864,13.425944677063312,0.4975932170788564,0.87390685196313,0.11127687959208668
2023-01,DR normal,dr_normal,equal,429,429.0,0.13115579991765963,0.06967518699859787,15.192500316846937,0.305926616835318,0.836829836829837,0.09277746260109081
2023-01,DR normal,dr_normal,volume,429,229723.0,0.13115579991765963,0.06967518699859787,8.740723873360366,0.2079059651858705,0.8303304414446965,0.07091009457483825
2023-01,DR normal,dr_normal,contract_balanced,429,34.0,0.13115579991765963,0.06967518699859787,31.51564643520651,0.54866501150418,0.6116560195578726,0.05617885969757184
2023-01,DR-AS normal,dras_normal,equal,429,429.0,0.13115579991765963,0.06967518699859787,11.703808686702551,0.28079052891399936,0.8904428904428906,0.12807765059907666
2023-01,DR-AS normal,dras_normal,volume,429,229723.0,0.13115579991765963,0.06967518699859787,3.2841588806310638,0.19670843260111726,0.9978800555451566,0.1921715349663876
2023-01,DR-AS normal,dras_normal,contract_balanced,429,34.0,0.13115579991765963,0.06967518699859787,4.946427758404173,0.38311539257006544,0.7960589093266326,0.13704396350552883
2023-01,"Beta, no hurdle",beta_no_hurdle,equal,429,429.0,0.13115579991765963,0.06967518699859787,12.10135283380567,0.27603996678496756,0.8787878787878789,0.11867646604390614
2023-01,"Beta, no hurdle",beta_no_hurdle,volume,429,229723.0,0.13115579991765963,0.06967518699859787,3.1240814519309663,0.18436582447729694,0.9388524440304193,0.17232504948019067
2023-01,"Beta, no hurdle",beta_no_hurdle,contract_balanced,429,34.0,0.13115579991765963,0.06967518699859787,4.658665227669728,0.37368436938060023,0.7900689537652107,0.11802591754654738
2023-01,"Hurdle beta, post-hoc coherence",hurdle_posthoc,equal,429,429.0,0.13115579991765963,0.06967518699859787,7.240001557894885,0.2782030879886909,0.8997668997668999,0.13622945858900115
2023-01,"Hurdle beta, post-hoc coherence",hurdle_posthoc,volume,429,229723.0,0.13115579991765963,0.06967518699859787,3.1048842333740296,0.19158031956405058,0.9934051009258978,0.18549036263911434
2023-01,"Hurdle beta, post-hoc coherence",hurdle_posthoc,contract_balanced,429,34.0,0.13115579991765963,0.06967518699859787,3.7158478880254617,0.38779532358559526,0.8104634872777158,0.12847023333006674
2023-01,MHB,mhb,equal,429,429.0,0.13115579991765963,0.06967518699859787,7.208788181593251,0.2787265694327458,0.8997668997668999,0.13691051666956222
2023-01,MHB,mhb,volume,429,229723.0,0.13115579991765963,0.06967518699859787,3.100861987572809,0.19148074197779918,0.9934051009258978,0.18540591376067939
2023-01,MHB,mhb,contract_balanced,429,34.0,0.13115579991765963,0.06967518699859787,3.7166997037536227,0.38752821446364183,0.8104634872777158,0.12848722867563614
2023-02,DR normal,dr_normal,equal,478,478.0,0.1262848223476704,0.06803595646016526,58.53544673094932,0.5982333924319846,0.7343096234309622,0.0614398826151153
2023-02,DR normal,dr_normal,volume,478,335858.0,0.1262848223476704,0.06803595646016526,18.439465232700055,0.1974497831815518,0.8481917953420791,0.06601742792556572
2023-02,DR normal,dr_normal,contract_balanced,478,42.0,0.1262848223476704,0.06803595646016526,178.08531664604706,1.2290061302236994,0.47849084426140753,0.03752426474141811
2023-02,DR-AS normal,dras_normal,equal,478,478.0,0.1262848223476704,0.06803595646016526,44.7126863490067,0.5607474536609727,0.7949790794979078,0.10623692954705699
2023-02,DR-AS normal,dras_normal,volume,478,335858.0,0.1262848223476704,0.06803595646016526,3.412430525063514,0.23106269836964477,0.9674594620345502,0.20656931318878277
2023-02,DR-AS normal,dras_normal,contract_balanced,478,42.0,0.1262848223476704,0.06803595646016526,79.17658802856087,0.9668594211400209,0.7358681424740394,0.14848808326400947
2023-02,"Beta, no hurdle",beta_no_hurdle,equal,478,478.0,0.1262848223476704,0.06803595646016526,45.86556886580621,0.5570205261850021,0.7928870292887027,0.09222724253601802
2023-02,"Beta, no hurdle",beta_no_hurdle,volume,478,335858.0,0.1262848223476704,0.06803595646016526,3.4360673881604122,0.20966118992488425,0.9643807799724884,0.17222011946825172
2023-02,"Beta, no hurdle",beta_no_hurdle,contract_balanced,478,42.0,0.1262848223476704,0.06803595646016526,79.8759846592732,0.9598812521427709,0.7075490729107302,0.12159868716739806
2023-02,"Hurdle beta, post-hoc coherence",hurdle_posthoc,equal,478,478.0,0.1262848223476704,0.06803595646016526,22.50396589919619,0.552699792509547,0.8054393305439329,0.10674104380424415
2023-02,"Hurdle beta, post-hoc coherence",hurdle_posthoc,volume,478,335858.0,0.1262848223476704,0.06803595646016526,3.130637880622365,0.21295678433848383,0.9798605362980785,0.18479448725611594
2023-02,"Hurdle beta, post-hoc coherence",hurdle_posthoc,contract_balanced,478,42.0,0.1262848223476704,0.06803595646016526,36.42472971291766,0.9554265819631261,0.751276149756297,0.13102649095940222
2023-02,MHB,mhb,equal,478,478.0,0.1262848223476704,0.06803595646016526,22.45398679109065,0.5526704815425905,0.8033472803347279,0.10673886295782017
2023-02,MHB,mhb,volume,478,335858.0,0.1262848223476704,0.06803595646016526,3.1354081035752888,0.21295583874946156,0.9798605362980785,0.18479457988551198
2023-02,MHB,mhb,contract_balanced,478,42.0,0.1262848223476704,0.06803595646016526,36.280342064015485,0.955755918376784,0.7488951973753446,0.1310342649271019
2023-03,DR normal,dr_normal,equal,2201,2201.0,0.12244166939332428,0.06604038900558455,40.675025333257885,0.5764172005959981,0.7505679236710586,0.05088500641145222
2023-03,DR normal,dr_normal,volume,2201,1098457.0,0.12244166939332428,0.06604038900558455,9.988904771707155,0.3878992474029944,0.8278612635724476,0.09955303735147315
2023-03,DR normal,dr_normal,contract_balanced,2201,52.0,0.12244166939332428,0.06604038900558455,27.760997349905782,0.41462124347528095,0.7399437188356709,0.0447468379225592
2023-03,DR-AS normal,dras_normal,equal,2201,2201.0,0.12244166939332428,0.06604038900558455,34.902039460263794,0.5400507267809902,0.7910040890504316,0.07763098483567839
2023-03,DR-AS normal,dras_normal,volume,2201,1098457.0,0.12244166939332428,0.06604038900558455,3.4706077175391012,0.29796691743282155,0.9588413565574256,0.19576531856371487
2023-03,DR-AS normal,dras_normal,contract_balanced,2201,52.0,0.12244166939332428,0.06604038900558455,3.8632204828476673,0.24922586096430643,0.9517313567063563,0.180011078657042
2023-03,"Beta, no hurdle",beta_no_hurdle,equal,2201,2201.0,0.12244166939332428,0.06604038900558455,35.97831980870678,0.5429510871490153,0.789641072239891,0.07042035092503272
2023-03,"Beta, no hurdle",beta_no_hurdle,volume,2201,1098457.0,0.12244166939332428,0.06604038900558455,9.923070609881204,0.2989776762684322,0.9569796541876469,0.17584633257047072
2023-03,"Beta, no hurdle",beta_no_hurdle,contract_balanced,2201,52.0,0.12244166939332428,0.06604038900558455,4.845758346943361,0.2446785292308307,0.9470380084475072,0.14550729781888005
2023-03,"Hurdle beta, post-hoc coherence",hurdle_posthoc,equal,2201,2201.0,0.12244166939332428,0.06604038900558455,22.357055363296766,0.525664842388873,0.817810086324398,0.08111341490655294
2023-03,"Hurdle beta, post-hoc coherence",hurdle_posthoc,volume,2201,1098457.0,0.12244166939332428,0.06604038900558455,9.794829719213453,0.29990546731962564,0.9590598448551012,0.1878389574623205
2023-03,"Hurdle beta, post-hoc coherence",hurdle_posthoc,contract_balanced,2201,52.0,0.12244166939332428,0.06604038900558455,3.220951752764246,0.2453358829976006,0.9514095404375732,0.15942306774271253
2023-03,MHB,mhb,equal,2201,2201.0,0.12244166939332428,0.06604038900558455,22.33689259921377,0.5256029085338987,0.817810086324398,0.08121211893496215
2023-03,MHB,mhb,volume,2201,1098457.0,0.12244166939332428,0.06604038900558455,9.796873807824419,0.30007132854065743,0.9590598448551012,0.18798576369328157
2023-03,MHB,mhb,contract_balanced,2201,52.0,0.12244166939332428,0.06604038900558455,3.219468094746859,0.24523281701113744,0.9514095404375732,0.15924059407675994
2023-04,DR normal,dr_normal,equal,907,907.0,0.11994444642112523,0.06709534760317305,8.968771335870947,0.23125959474586957,0.8257993384785007,0.07519151580265676
2023-04,DR normal,dr_normal,volume,907,638368.0,0.11994444642112523,0.06709534760317305,3.3338302755948384,0.12465320466411406,0.916853601684295,0.07240565245010455
2023-04,DR normal,dr_normal,contract_balanced,907,43.0,0.11994444642112523,0.06709534760317305,25.770654714328273,0.3076869645682081,0.7257934157778537,0.04753043370921935
2023-04,DR-AS normal,dras_normal,equal,907,907.0,0.11994444642112523,0.06709534760317305,7.02513146101834,0.22198783473839578,0.8699007717750828,0.10638904571582544
2023-04,DR-AS normal,dras_normal,volume,907,638368.0,0.11994444642112523,0.06709534760317305,3.0426733250057723,0.17662392205364683,0.9915487618426988,0.16277903592256449
2023-04,DR-AS normal,dras_normal,contract_balanced,907,43.0,0.11994444642112523,0.06709534760317305,3.512326288732936,0.21104799331110038,0.8873109431626154,0.14137097693406903
2023-04,"Beta, no hurdle",beta_no_hurdle,equal,907,907.0,0.11994444642112523,0.06709534760317305,6.251491362101984,0.2178995882019849,0.8643880926130102,0.09745659472625928
2023-04,"Beta, no hurdle",beta_no_hurdle,volume,907,638368.0,0.11994444642112523,0.06709534760317305,2.8999074446394504,0.15195827089365396,0.9899791342924458,0.13703743551870157
2023-04,"Beta, no hurdle",beta_no_hurdle,contract_balanced,907,43.0,0.11994444642112523,0.06709534760317305,3.499505293663513,0.19990019206110932,0.8853746862055578,0.11811605674143771
2023-04,"Hurdle beta, post-hoc coherence",hurdle_posthoc,equal,907,907.0,0.11994444642112523,0.06709534760317305,3.2682085507355083,0.21151682226531807,0.8886438809261303,0.11298421218577663
2023-04,"Hurdle beta, post-hoc coherence",hurdle_posthoc,volume,907,638368.0,0.11994444642112523,0.06709534760317305,2.55248676454153,0.16113275388519738,0.9921706601834678,0.1491620355892287
2023-04,"Hurdle beta, post-hoc coherence",hurdle_posthoc,contract_balanced,907,43.0,0.11994444642112523,0.06709534760317305,3.1698711636922674,0.19917481467425163,0.8880279764671479,0.13036972413203826
2023-04,MHB,mhb,equal,907,907.0,0.11994444642112523,0.06709534760317305,3.2694134983949428,0.21174613082786678,0.8886438809261303,0.11331819104618332
2023-04,MHB,mhb,volume,907,638368.0,0.11994444642112523,0.06709534760317305,2.553368390614633,0.16127718191587764,0.9921706601834678,0.14931663744331336
2023-04,MHB,mhb,contract_balanced,907,43.0,0.11994444642112523,0.06709534760317305,3.16623708188906,0.19907399264334635,0.8880279764671479,0.13040903780624694
2023-05,DR normal,dr_normal,equal,997,997.0,0.11312716882529959,0.06291562935459014,10.851098101168686,0.281249977521154,0.8475426278836512,0.06190558032527067
2023-05,DR normal,dr_normal,volume,997,704180.0,0.11312716882529959,0.06291562935459014,3.842069697568537,0.21486590194260424,0.8268695503990456,0.08399163797609659
2023-05,DR normal,dr_normal,contract_balanced,997,42.0,0.11312716882529959,0.06291562935459014,8.905302544056276,0.24649710441006825,0.8129506433565765,0.05723724368066843
2023-05,DR-AS normal,dras_normal,equal,997,997.0,0.11312716882529959,0.06291562935459014,8.771511890731492,0.2611573612198286,0.8976930792377134,0.09842952280324599
2023-05,DR-AS normal,dras_normal,volume,997,704180.0,0.11312716882529959,0.06291562935459014,3.1419626931517506,0.18824756360643305,0.9830597290465506,0.17378026536084576
2023-05,DR-AS normal,dras_normal,contract_balanced,997,42.0,0.11312716882529959,0.06291562935459014,7.284108828150628,0.2529163193791354,0.950850392252645,0.18565160013035414
2023-05,"Beta, no hurdle",beta_no_hurdle,equal,997,997.0,0.11312716882529959,0.06291562935459014,9.719521562139537,0.25941979407079774,0.8956870611835509,0.08887417171809141
2023-05,"Beta, no hurdle",beta_no_hurdle,volume,997,704180.0,0.11312716882529959,0.06291562935459014,7.698464753220747,0.17745081791569808,0.9804197790337698,0.15802172998781966
2023-05,"Beta, no hurdle",beta_no_hurdle,contract_balanced,997,42.0,0.11312716882529959,0.06291562935459014,6.4280505555707235,0.23598534292956988,0.9472554530353409,0.1535435000892189
2023-05,"Hurdle beta, post-hoc coherence",hurdle_posthoc,equal,997,997.0,0.11312716882529959,0.06291562935459014,6.287340771447269,0.255149236193477,0.8986960882647945,0.1015825222735023
2023-05,"Hurdle beta, post-hoc coherence",hurdle_posthoc,volume,997,704180.0,0.11312716882529959,0.06291562935459014,7.343575001976761,0.1854017927060202,0.9811795279616007,0.17006337689567314
2023-05,"Hurdle beta, post-hoc coherence",hurdle_posthoc,contract_balanced,997,42.0,0.11312716882529959,0.06291562935459014,4.697715933884617,0.23904262520364092,0.9450627202967281,0.1679948831463065
2023-05,MHB,mhb,equal,997,997.0,0.11312716882529959,0.06291562935459014,6.280493037531442,0.2545065471296315,0.8996990972918759,0.10192199685844944
2023-05,MHB,mhb,volume,997,704180.0,0.11312716882529959,0.06291562935459014,7.337405333682478,0.1854743260063044,0.9812079297906784,0.17009908317693434
2023-05,MHB,mhb,contract_balanced,997,42.0,0.11312716882529959,0.06291562935459014,4.664949407550724,0.2390886026000526,0.945202817524204,0.16801980635755318
2023-06,DR normal,dr_normal,equal,922,922.0,0.10701130234815971,0.06014227310970346,16.077184826280973,0.33550476636358406,0.8329718004338396,0.07090647197200932
2023-06,DR normal,dr_normal,volume,922,482130.0,0.10701130234815971,0.06014227310970346,11.274242064213372,0.22949659664263686,0.8814137265882647,0.06828885311834504
2023-06,DR normal,dr_normal,contract_balanced,922,41.0,0.10701130234815971,0.06014227310970346,19.707066100791643,0.30695888851126935,0.7804167129671412,0.05191634019291719
2023-06,DR-AS normal,dras_normal,equal,922,922.0,0.10701130234815971,0.06014227310970346,12.525100669877652,0.31725971536552794,0.8915401301518437,0.11385428724512374
2023-06,DR-AS normal,dras_normal,volume,922,482130.0,0.10701130234815971,0.06014227310970346,6.402941843529986,0.25625857212821523,0.9876858938460582,0.1711779872297894
2023-06,DR-AS normal,dras_normal,contract_balanced,922,41.0,0.10701130234815971,0.06014227310970346,6.03548588153925,0.31738482108542027,0.9483855116581494,0.18180662890182878
2023-06,"Beta, no hurdle",beta_no_hurdle,equal,922,922.0,0.10701130234815971,0.06014227310970346,12.003722689824821,0.310055386719156,0.8850325379609544,0.10133999062353113
2023-06,"Beta, no hurdle",beta_no_hurdle,volume,922,482130.0,0.10701130234815971,0.06014227310970346,6.377806110484867,0.23494459482831448,0.9779478563872814,0.14324545952638762
2023-06,"Beta, no hurdle",beta_no_hurdle,contract_balanced,922,41.0,0.10701130234815971,0.06014227310970346,7.03919302456137,0.2964070228781188,0.9416321171917935,0.14955615748730308
2023-06,"Hurdle beta, post-hoc coherence",hurdle_posthoc,equal,922,922.0,0.10701130234815971,0.06014227310970346,9.106756305654814,0.3086886860902807,0.9088937093275488,0.11778172103926157
2023-06,"Hurdle beta, post-hoc coherence",hurdle_posthoc,volume,922,482130.0,0.10701130234815971,0.06014227310970346,5.887369475822643,0.24458127922005785,0.9875904838943854,0.15628113770476312
2023-06,"Hurdle beta, post-hoc coherence",hurdle_posthoc,contract_balanced,922,41.0,0.10701130234815971,0.06014227310970346,5.772353415110439,0.30079415642216717,0.9453430247529233,0.1636942838076078
2023-06,MHB,mhb,equal,922,922.0,0.10701130234815971,0.06014227310970346,9.097986552280657,0.3087990037065138,0.9088937093275488,0.11788013170225496
2023-06,MHB,mhb,volume,922,482130.0,0.10701130234815971,0.06014227310970346,5.886110660386194,0.24460698480256837,0.9875904838943854,0.15629416836357513
2023-06,MHB,mhb,contract_balanced,922,41.0,0.10701130234815971,0.06014227310970346,5.7705928540898626,0.30042650053658676,0.9453430247529233,0.16360838394158997
2023-07,DR normal,dr_normal,equal,2011,2011.0,0.14974936204740713,0.08468965225200131,19.608106614743164,0.41562481666184214,0.8498259572352062,0.06374638464107257
2023-07,DR normal,dr_normal,volume,2011,370209.0,0.14974936204740713,0.08468965225200131,6.609538834750808,0.2709878252823866,0.8882523115321346,0.07110745546325062
2023-07,DR normal,dr_normal,contract_balanced,2011,88.0,0.14974936204740713,0.08468965225200131,24.947851109527562,0.4636752141190929,0.8163493226653542,0.05273543721703679
2023-07,DR-AS normal,dras_normal,equal,2011,2011.0,0.14974936204740713,0.08468965225200131,17.857621126135193,0.40099132243890867,0.8687220288413722,0.07916802260828974
2023-07,DR-AS normal,dras_normal,volume,2011,370209.0,0.14974936204740713,0.08468965225200131,3.2325175658025866,0.27625722780870055,0.983066321996494,0.1838695056502051
2023-07,DR-AS normal,dras_normal,contract_balanced,2011,88.0,0.14974936204740713,0.08468965225200131,18.929208934075213,0.4395979046390137,0.8975179739708958,0.10951103836940505
2023-07,"Beta, no hurdle",beta_no_hurdle,equal,2011,2011.0,0.14974936204740713,0.08468965225200131,15.760422253559746,0.39999817690368566,0.8672302337145696,0.07484131803132335
2023-07,"Beta, no hurdle",beta_no_hurdle,volume,2011,370209.0,0.14974936204740713,0.08468965225200131,3.1702938221215113,0.2574477889078744,0.9822775783408831,0.15136481598352827
2023-07,"Beta, no hurdle",beta_no_hurdle,contract_balanced,2011,88.0,0.14974936204740713,0.08468965225200131,18.9298602213532,0.43558148129756036,0.89548651549511,0.09472213098037502
2023-07,"Hurdle beta, post-hoc coherence",hurdle_posthoc,equal,2011,2011.0,0.14974936204740713,0.08468965225200131,9.523568259026913,0.4052179989107585,0.866732968672302,0.08733675408685862
2023-07,"Hurdle beta, post-hoc coherence",hurdle_posthoc,volume,2011,370209.0,0.14974936204740713,0.08468965225200131,2.713270452146417,0.2661144625483386,0.9832608067334937,0.16587919274254145
2023-07,"Hurdle beta, post-hoc coherence",hurdle_posthoc,contract_balanced,2011,88.0,0.14974936204740713,0.08468965225200131,9.739112644325608,0.4406588788296457,0.8814719413747244,0.10634387615967088
2023-07,MHB,mhb,equal,2011,2011.0,0.14974936204740713,0.08468965225200131,9.190086367879426,0.40476689805331034,0.8697165589259073,0.08771644043782342
2023-07,MHB,mhb,volume,2011,370209.0,0.14974936204740713,0.08468965225200131,2.7122143030819634,0.26597385244383664,0.9832608067334937,0.16586738242896595
2023-07,MHB,mhb,contract_balanced,2011,88.0,0.14974936204740713,0.08468965225200131,9.28430395510772,0.4401273005123496,0.8840000419291407,0.10644649048232786
2023-08,DR normal,dr_normal,equal,1865,1865.0,0.14983828648856926,0.08463908970680688,7.0181297265102955,0.1440201920522549,0.9040214477211795,0.03873383999167966
2023-08,DR normal,dr_normal,volume,1865,233882.0,0.14983828648856926,0.08463908970680688,11.456216860218976,0.19832169311361014,0.8535073242062237,0.06684928600211407
2023-08,DR normal,dr_normal,contract_balanced,1865,72.0,0.14983828648856926,0.08463908970680688,21.755348999047463,0.27795520768364257,0.8677692832132408,0.04576638380119535
2023-08,DR-AS normal,dras_normal,equal,1865,1865.0,0.14983828648856926,0.08463908970680688,4.416967709062554,0.13960541121994266,0.9265415549597854,0.0645670914926676
2023-08,DR-AS normal,dras_normal,volume,1865,233882.0,0.14983828648856926,0.08463908970680688,3.411260456209004,0.27932473725798634,0.9946383218888158,0.2763467168429471
2023-08,DR-AS normal,dras_normal,contract_balanced,1865,72.0,0.14983828648856926,0.08463908970680688,4.887256468990352,0.28011188444469026,0.9656773550891398,0.148868899293513
2023-08,"Beta, no hurdle",beta_no_hurdle,equal,1865,1865.0,0.14983828648856926,0.08463908970680688,3.955880308926319,0.13541984366793325,0.9265415549597854,0.05795909382571424
2023-08,"Beta, no hurdle",beta_no_hurdle,volume,1865,233882.0,0.14983828648856926,0.08463908970680688,3.24351834231972,0.23648460689299233,0.9946340462284401,0.23106984942226522
2023-08,"Beta, no hurdle",beta_no_hurdle,contract_balanced,1865,72.0,0.14983828648856926,0.08463908970680688,4.939591434074254,0.2600364904769631,0.965676780384423,0.12747131076424995
2023-08,"Hurdle beta, post-hoc coherence",hurdle_posthoc,equal,1865,1865.0,0.14983828648856926,0.08463908970680688,3.570631904284217,0.134749819368069,0.9383378016085789,0.06663977140804
2023-08,"Hurdle beta, post-hoc coherence",hurdle_posthoc,volume,1865,233882.0,0.14983828648856926,0.08463908970680688,2.975643058405573,0.251621793120736,0.9954506973602073,0.24766512686633413
2023-08,"Hurdle beta, post-hoc coherence",hurdle_posthoc,contract_balanced,1865,72.0,0.14983828648856926,0.08463908970680688,3.516698538349783,0.26611694921027373,0.9673441116324526,0.13768994599565376
2023-08,MHB,mhb,equal,1865,1865.0,0.14983828648856926,0.08463908970680688,3.5640626263956774,0.13470064947784963,0.9388739946380695,0.06677010860263888
2023-08,MHB,mhb,volume,1865,233882.0,0.14983828648856926,0.08463908970680688,2.9845908135425887,0.2514526392967891,0.9954934539639647,0.24750199326296923
2023-08,MHB,mhb,contract_balanced,1865,72.0,0.14983828648856926,0.08463908970680688,3.4920891373941845,0.26629724984780345,0.9674887875583785,0.13792876414471358
2023-09,DR normal,dr_normal,equal,1861,1861.0,0.14547019028216404,0.08222990982048345,18.641590914577186,0.309150950672933,0.8914562063406772,0.04508707070826269
2023-09,DR normal,dr_normal,volume,1861,384526.0,0.14547019028216404,0.08222990982048345,4.060333359972937,0.30773022901957725,0.9350082959279735,0.10496908020055096
2023-09,DR normal,dr_normal,contract_balanced,1861,62.99999999999999,0.14547019028216404,0.08222990982048345,18.11947923138703,0.34284283612942185,0.8956299719362224,0.04469343675690694
2023-09,DR-AS normal,dras_normal,equal,1861,1861.0,0.14547019028216404,0.08222990982048345,18.654276022317028,0.3131602432758168,0.8995163890381517,0.05910882622121484
2023-09,DR-AS normal,dras_normal,volume,1861,384526.0,0.14547019028216404,0.08222990982048345,4.191728758598276,0.3241569108150084,0.9737703042187004,0.2003868689129121
2023-09,DR-AS normal,dras_normal,contract_balanced,1861,62.99999999999999,0.14547019028216404,0.08222990982048345,17.880109279364575,0.36119006069900816,0.9374037605901319,0.11176095164477798
2023-09,"Beta, no hurdle",beta_no_hurdle,equal,1861,1861.0,0.14547019028216404,0.08222990982048345,18.665400807876576,0.31054919210847914,0.8979043524986567,0.055015823916765336
2023-09,"Beta, no hurdle",beta_no_hurdle,volume,1861,384526.0,0.14547019028216404,0.08222990982048345,4.137833039315654,0.32114343696866493,0.9708576273125874,0.1800320875987266
2023-09,"Beta, no hurdle",beta_no_hurdle,contract_balanced,1861,62.99999999999999,0.14547019028216404,0.08222990982048345,17.70024851317725,0.3466854627563124,0.9366785042257778,0.0964121633816307
2023-09,"Hurdle beta, post-hoc coherence",hurdle_posthoc,equal,1861,1861.0,0.14547019028216404,0.08222990982048345,15.056254348189647,0.30973533033892453,0.9274583557227298,0.06241943748363579
2023-09,"Hurdle beta, post-hoc coherence",hurdle_posthoc,volume,1861,384526.0,0.14547019028216404,0.08222990982048345,3.9200448838232296,0.31709362722730045,0.9737781060318418,0.1864610667234713
2023-09,"Hurdle beta, post-hoc coherence",hurdle_posthoc,contract_balanced,1861,62.99999999999999,0.14547019028216404,0.08222990982048345,12.808622692309935,0.3482117125908147,0.9479811849741915,0.10252564876336233
2023-09,MHB,mhb,equal,1861,1861.0,0.14547019028216404,0.08222990982048345,15.079466770501064,0.3099117085861094,0.9285330467490598,0.06269340421547234
2023-09,MHB,mhb,volume,1861,384526.0,0.14547019028216404,0.08222990982048345,3.9311756974498824,0.3180554983845447,0.9737781060318418,0.18787812203201817
2023-09,MHB,mhb,contract_balanced,1861,62.99999999999999,0.14547019028216404,0.08222990982048345,12.819335991464166,0.3490968612592735,0.9493614472240189,0.10349305032454056
2023-10,DR normal,dr_normal,equal,1746,1746.0,0.14181800935086036,0.08063693700798938,16.744563830304504,0.2605395822863749,0.8235967926689576,0.0316329437567821
2023-10,DR normal,dr_normal,volume,1746,595075.0,0.14181800935086036,0.08063693700798938,2.421869030821194,0.07547885336520915,0.9273973868840063,0.03826989180470361
2023-10,DR normal,dr_normal,contract_balanced,1746,50.0,0.14181800935086036,0.08063693700798938,69.65139370718276,1.00747328613783,0.7366186816768276,0.029590737343816495
2023-10,DR-AS normal,dras_normal,equal,1746,1746.0,0.14181800935086036,0.08063693700798938,15.149212413523161,0.2621938205697855,0.8442153493699884,0.05307231300177308
2023-10,DR-AS normal,dras_normal,volume,1746,595075.0,0.14181800935086036,0.08063693700798938,2.7936926619651787,0.1523193153521447,0.9974742679494181,0.14910581096561776
2023-10,DR-AS normal,dras_normal,contract_balanced,1746,50.0,0.14181800935086036,0.08063693700798938,41.626504726937284,0.9526231075409577,0.7914166460350797,0.1011367337419165
2023-10,"Beta, no hurdle",beta_no_hurdle,equal,1746,1746.0,0.14181800935086036,0.08063693700798938,15.476418340740853,0.2574226402671754,0.8419243986254294,0.047404262016858614
2023-10,"Beta, no hurdle",beta_no_hurdle,volume,1746,595075.0,0.14181800935086036,0.08063693700798938,2.675358816959627,0.13110171928835612,0.9958694282233331,0.12673937891952095
2023-10,"Beta, no hurdle",beta_no_hurdle,contract_balanced,1746,50.0,0.14181800935086036,0.08063693700798938,40.9404439164184,0.9354307920090972,0.7900143205576383,0.08320907978230767
2023-10,"Hurdle beta, post-hoc coherence",hurdle_posthoc,equal,1746,1746.0,0.14181800935086036,0.08063693700798938,12.105922797570656,0.25214881445916987,0.8831615120274914,0.05420921688455124
2023-10,"Hurdle beta, post-hoc coherence",hurdle_posthoc,volume,1746,595075.0,0.14181800935086036,0.08063693700798938,2.3711000205865065,0.13895468034768665,0.9974809897912027,0.1353100711803361
2023-10,"Hurdle beta, post-hoc coherence",hurdle_posthoc,contract_balanced,1746,50.0,0.14181800935086036,0.08063693700798938,21.92906647947868,0.9328278922939497,0.8140933203505067,0.09070540256330142
2023-10,MHB,mhb,equal,1746,1746.0,0.14181800935086036,0.08063693700798938,12.053813537729388,0.25219257531922484,0.8825887743413516,0.05420934448608407
2023-10,MHB,mhb,volume,1746,595075.0,0.14181800935086036,0.08063693700798938,2.3677316610475274,0.13910670081758955,0.9974809897912027,0.13546568892537386
2023-10,MHB,mhb,contract_balanced,1746,50.0,0.14181800935086036,0.08063693700798938,21.490283588128555,0.9332877626907208,0.8129168497622715,0.09067575408641107
2023-11,DR normal,dr_normal,equal,1536,1536.0,0.13435521786453777,0.07541426786507277,7.5677798939680905,0.15056894525560055,0.8522135416666667,0.028177565929712538
2023-11,DR normal,dr_normal,volume,1536,427368.0,0.13435521786453777,0.07541426786507277,10.981160856249927,0.1857190000330203,0.856917223563767,0.03884916028917004
2023-11,DR normal,dr_normal,contract_balanced,1536,63.99999999999999,0.13435521786453777,0.07541426786507277,13.196048168809355,0.22445838729335632,0.829813161565195,0.0270641635945455
2023-11,DR-AS normal,dras_normal,equal,1536,1536.0,0.13435521786453777,0.07541426786507277,6.615363271834871,0.15291543974395289,0.8704427083333333,0.04525356418982611
2023-11,DR-AS normal,dras_normal,volume,1536,427368.0,0.13435521786453777,0.07541426786507277,4.148569517821369,0.25017724409550873,0.9849824975197019,0.1610868313625218
2023-11,DR-AS normal,dras_normal,contract_balanced,1536,63.99999999999999,0.13435521786453777,0.07541426786507277,7.124077141938559,0.25783624608761585,0.9265181240574092,0.12924435064980735
2023-11,"Beta, no hurdle",beta_no_hurdle,equal,1536,1536.0,0.13435521786453777,0.07541426786507277,6.415010767751469,0.1494255991082468,0.87109375,0.040807654997647574
2023-11,"Beta, no hurdle",beta_no_hurdle,volume,1536,427368.0,0.13435521786453777,0.07541426786507277,3.3960803583158965,0.23156739363317455,0.9849824975197019,0.13979490556701202
2023-11,"Beta, no hurdle",beta_no_hurdle,contract_balanced,1536,63.99999999999999,0.13435521786453777,0.07541426786507277,6.540367720166159,0.2380241274352358,0.9268992216183847,0.10676838652189899
2023-11,"Hurdle beta, post-hoc coherence",hurdle_posthoc,equal,1536,1536.0,0.13435521786453777,0.07541426786507277,4.620468486069756,0.14480192997817673,0.90234375,0.0473323925963544
2023-11,"Hurdle beta, post-hoc coherence",hurdle_posthoc,volume,1536,427368.0,0.13435521786453777,0.07541426786507277,2.7962936300622316,0.2309178773902984,0.9849824975197019,0.14252128900892097
2023-11,"Hurdle beta, post-hoc coherence",hurdle_posthoc,contract_balanced,1536,63.99999999999999,0.13435521786453777,0.07541426786507277,5.449795944807526,0.24123396824674517,0.9239350027719251,0.1145255099008479
2023-11,MHB,mhb,equal,1536,1536.0,0.13435521786453777,0.07541426786507277,4.623956585918548,0.1448634750081718,0.90234375,0.04736533824722989
2023-11,MHB,mhb,volume,1536,427368.0,0.13435521786453777,0.07541426786507277,2.8028228501927654,0.23305522329395856,0.9849824975197019,0.1446272636451942
2023-11,MHB,mhb,contract_balanced,1536,63.99999999999999,0.13435521786453777,0.07541426786507277,5.462836806329439,0.24162068763495698,0.9239350027719251,0.11489362257203445
2023-12,DR normal,dr_normal,equal,2840,2840.0,0.1558925970617587,0.0911761550777604,5.2589783045813485,0.12809729879418857,0.8883802816901409,0.033430278915107955
2023-12,DR normal,dr_normal,volume,2840,266520.0,0.1558925970617587,0.0911761550777604,8.156583261257234,0.17739277140431217,0.7744672069638301,0.028979601085764927
2023-12,DR normal,dr_normal,contract_balanced,2840,66.0,0.1558925970617587,0.0911761550777604,10.5575451806902,0.20484406498419994,0.8192995316842877,0.025535000355729545
2023-12,DR-AS normal,dras_normal,equal,2840,2840.0,0.1558925970617587,0.0911761550777604,4.426460602209096,0.12539758405724427,0.9014084507042254,0.04560570146733195
2023-12,DR-AS normal,dras_normal,volume,2840,266520.0,0.1558925970617587,0.0911761550777604,3.203195208054472,0.19297857183032702,0.9744822152183702,0.1701156228498094
2023-12,DR-AS normal,dras_normal,contract_balanced,2840,66.0,0.1558925970617587,0.0911761550777604,3.7438402215061424,0.25919799092245377,0.9384013181822307,0.17519329689528063
2023-12,"Beta, no hurdle",beta_no_hurdle,equal,2840,2840.0,0.1558925970617587,0.0911761550777604,4.4097011995495325,0.12331932971529219,0.9007042253521127,0.042451673941159423
2023-12,"Beta, no hurdle",beta_no_hurdle,volume,2840,266520.0,0.1558925970617587,0.0911761550777604,3.083649043904798,0.16830404513512426,0.9715931262194207,0.1386355927968368
2023-12,"Beta, no hurdle",beta_no_hurdle,contract_balanced,2840,66.0,0.1558925970617587,0.0911761550777604,3.5879268604365615,0.2298208449748388,0.9313584206047635,0.1395934865197955
2023-12,"Hurdle beta, post-hoc coherence",hurdle_posthoc,equal,2840,2840.0,0.1558925970617587,0.0911761550777604,2.981697808916092,0.12343777062383915,0.9211267605633804,0.05146773180881758
2023-12,"Hurdle beta, post-hoc coherence",hurdle_posthoc,volume,2840,266520.0,0.1558925970617587,0.0911761550777604,2.6170116888627426,0.17258381921584465,0.9894904697583672,0.15011102297809786
2023-12,"Hurdle beta, post-hoc coherence",hurdle_posthoc,contract_balanced,2840,66.0,0.1558925970617587,0.0911761550777604,2.7574337089800833,0.23342987443918178,0.9543194920790237,0.15286035786379662
2023-12,MHB,mhb,equal,2840,2840.0,0.1558925970617587,0.0911761550777604,2.981025014133486,0.12340365063142929,0.9211267605633804,0.05142782713490163
2023-12,MHB,mhb,volume,2840,266520.0,0.1558925970617587,0.0911761550777604,2.6135191772235493,0.17255246272626962,0.9894904697583672,0.1500437705796293
2023-12,MHB,mhb,contract_balanced,2840,66.0,0.1558925970617587,0.0911761550777604,2.75373538123325,0.23325562558005014,0.9543194920790237,0.1527392420792493
2024-01,DR normal,dr_normal,equal,4759,4759.0,0.15389263810865433,0.08960775562627218,4.35730261783699,0.10637924615249264,0.8726623240176508,0.034906236692983816
2024-01,DR normal,dr_normal,volume,4759,542794.0,0.15389263810865433,0.08960775562627218,30.306160991210422,0.28620926433085725,0.8829040114665969,0.04087016310689576
2024-01,DR normal,dr_normal,contract_balanced,4759,70.0,0.15389263810865433,0.08960775562627218,21.69409619967474,0.2674874733980145,0.8076515785226437,0.03865498988072708
2024-01,DR-AS normal,dras_normal,equal,4759,4759.0,0.15389263810865433,0.08960775562627218,3.5799847581121713,0.10173892582819768,0.8831687329270855,0.04311490313281936
2024-01,DR-AS normal,dras_normal,volume,4759,542794.0,0.15389263810865433,0.08960775562627218,3.0837224091630255,0.22695052311704156,0.9518012358279568,0.1303628781314103
2024-01,DR-AS normal,dras_normal,contract_balanced,4759,70.0,0.15389263810865433,0.08960775562627218,3.436778169733869,0.19137360648101412,0.9479723219904714,0.14001321377081485
2024-01,"Beta, no hurdle",beta_no_hurdle,equal,4759,4759.0,0.15389263810865433,0.08960775562627218,3.5679543477474485,0.101318653763111,0.8825383483925194,0.040935373385343726
2024-01,"Beta, no hurdle",beta_no_hurdle,volume,4759,542794.0,0.15389263810865433,0.08960775562627218,3.0860662272457704,0.241323180141016,0.9473372955485875,0.1086914639562861
2024-01,"Beta, no hurdle",beta_no_hurdle,contract_balanced,4759,70.0,0.15389263810865433,0.08960775562627218,3.4271652235157832,0.18504784283889386,0.9419329683921556,0.11478944932152063
2024-01,"Hurdle beta, post-hoc coherence",hurdle_posthoc,equal,4759,4759.0,0.15389263810865433,0.08960775562627218,2.1709793934233255,0.09737132020427833,0.9106955242698045,0.04985367187943866
2024-01,"Hurdle beta, post-hoc coherence",hurdle_posthoc,volume,4759,542794.0,0.15389263810865433,0.08960775562627218,3.0072022657737114,0.24254957524023182,0.9503329071434097,0.11894641814455206
2024-01,"Hurdle beta, post-hoc coherence",hurdle_posthoc,contract_balanced,4759,70.0,0.15389263810865433,0.08960775562627218,2.641608896984759,0.18700465839640407,0.9481662318145285,0.1279292766754633
2024-01,MHB,mhb,equal,4759,4759.0,0.15389263810865433,0.08960775562627218,2.169369378556258,0.0974473670029799,0.9106955242698045,0.049827093966926916
2024-01,MHB,mhb,volume,4759,542794.0,0.15389263810865433,0.08960775562627218,3.0103147716714926,0.24268905613898628,0.9503329071434097,0.11894913969994192
2024-01,MHB,mhb,contract_balanced,4759,70.0,0.15389263810865433,0.08960775562627218,2.6394901519531677,0.18718309318952564,0.9481662318145285,0.12797691369261727
2024-02,DR normal,dr_normal,equal,2717,2717.0,0.15244240670282566,0.08943356202785543,17.033122232275307,0.2719075562907875,0.8255428781744569,0.02924870915225562
2024-02,DR normal,dr_normal,volume,2717,456541.0,0.15244240670282566,0.08943356202785543,5.051904604889496,0.08305045226982588,0.9054761784812316,0.03911190453950504
2024-02,DR normal,dr_normal,contract_balanced,2717,70.0,0.15244240670282566,0.08943356202785543,43.56916609236765,0.7478183229953048,0.7129255651924606,0.03328279456573574
2024-02,DR-AS normal,dras_normal,equal,2717,2717.0,0.15244240670282566,0.08943356202785543,15.736757694059571,0.269930736322329,0.8384247331615752,0.03982487474966358
2024-02,DR-AS normal,dras_normal,volume,2717,456541.0,0.15244240670282566,0.08943356202785543,2.8691388624278735,0.1541155633472225,0.9969290819444474,0.1513543479451302
2024-02,DR-AS normal,dras_normal,contract_balanced,2717,70.0,0.15244240670282566,0.08943356202785543,30.48353196137707,0.7365793187500416,0.7816584952969561,0.12655196606378294
2024-02,"Beta, no hurdle",beta_no_hurdle,equal,2717,2717.0,0.15244240670282566,0.08943356202785543,15.801327799565943,0.26842860832892257,0.8369525211630474,0.03714363319651119
2024-02,"Beta, no hurdle",beta_no_hurdle,volume,2717,456541.0,0.15244240670282566,0.08943356202785543,2.6796464398020436,0.13245230921029014,0.9945963232217917,0.1272174151818137
2024-02,"Beta, no hurdle",beta_no_hurdle,contract_balanced,2717,70.0,0.15244240670282566,0.08943356202785543,29.446928849771737,0.7311482920564826,0.7708996299395506,0.1059421673813091
2024-02,"Hurdle beta, post-hoc coherence",hurdle_posthoc,equal,2717,2717.0,0.15244240670282566,0.08943356202785543,9.078744346904424,0.26302864086060135,0.859771807140228,0.04452003203701599
2024-02,"Hurdle beta, post-hoc coherence",hurdle_posthoc,volume,2717,456541.0,0.15244240670282566,0.08943356202785543,2.385832988376436,0.14275582991446018,0.9948131712157287,0.13898626636174055
2024-02,"Hurdle beta, post-hoc coherence",hurdle_posthoc,contract_balanced,2717,70.0,0.15244240670282566,0.08943356202785543,11.035382964748969,0.7346077334910802,0.7529914680560639,0.1177376509262557
2024-02,MHB,mhb,equal,2717,2717.0,0.15244240670282566,0.08943356202785543,9.06715298224054,0.26317162623807966,0.8608759661391239,0.044491120502189306
2024-02,MHB,mhb,volume,2717,456541.0,0.15244240670282566,0.08943356202785543,2.386169538099824,0.14268254806228003,0.9948131712157287,0.13890199637177253
2024-02,MHB,mhb,contract_balanced,2717,70.0,0.15244240670282566,0.08943356202785543,11.010744059497423,0.7353397302333304,0.7535205685851645,0.11756789081922148
2024-03,DR normal,dr_normal,equal,2965,2965.0,0.14703859256434304,0.08579007193739445,68.98352275196744,0.9743469907160172,0.660033726812816,0.028996342278650108
2024-03,DR normal,dr_normal,volume,2965,685142.0,0.14703859256434304,0.08579007193739445,31.354302874796847,0.5106561806838187,0.804760181101144,0.07616382617347726
2024-03,DR normal,dr_normal,contract_balanced,2965,68.0,0.14703859256434304,0.08579007193739445,89.21368067906609,1.2435351102131496,0.5652480068137898,0.027044164347203227
2024-03,DR-AS normal,dras_normal,equal,2965,2965.0,0.14703859256434304,0.08579007193739445,65.36405355176129,0.9503620719529253,0.6890387858347385,0.046672124744198455
2024-03,DR-AS normal,dras_normal,volume,2965,685142.0,0.14703859256434304,0.08579007193739445,3.992674840411212,0.3604162823265865,0.958248071202758,0.24258916157037883
2024-03,DR-AS normal,dras_normal,contract_balanced,2965,68.0,0.14703859256434304,0.08579007193739445,64.10751754140246,1.0958075889441015,0.8050769123883234,0.15890635658293187
2024-03,"Beta, no hurdle",beta_no_hurdle,equal,2965,2965.0,0.14703859256434304,0.08579007193739445,65.35422960571921,0.9484419893280347,0.6863406408094435,0.042467300229869165
2024-03,"Beta, no hurdle",beta_no_hurdle,volume,2965,685142.0,0.14703859256434304,0.08579007193739445,4.428608437066625,0.3331414160640481,0.9570994042110978,0.20966066634996794
2024-03,"Beta, no hurdle",beta_no_hurdle,contract_balanced,2965,68.0,0.14703859256434304,0.08579007193739445,61.97136989400424,1.0778526771268209,0.8018630853191722,0.13584216032601226
2024-03,"Hurdle beta, post-hoc coherence",hurdle_posthoc,equal,2965,2965.0,0.14703859256434304,0.08579007193739445,34.376035103241946,0.9299719315773289,0.7123102866779087,0.048828297637209445
2024-03,"Hurdle beta, post-hoc coherence",hurdle_posthoc,volume,2965,685142.0,0.14703859256434304,0.08579007193739445,23.239955611836134,0.32945816799770933,0.9575722988811078,0.22209120111024483
2024-03,"Hurdle beta, post-hoc coherence",hurdle_posthoc,contract_balanced,2965,68.0,0.14703859256434304,0.08579007193739445,36.157491717107355,1.0844580860663697,0.7955023620941529,0.1453965975674602
2024-03,MHB,mhb,equal,2965,2965.0,0.14703859256434304,0.08579007193739445,34.08269194508156,0.9296695032313791,0.7129848229342326,0.04888218759953403
2024-03,MHB,mhb,volume,2965,685142.0,0.14703859256434304,0.08579007193739445,4.182328131175581,0.3292427566210175,0.9575795966383611,0.22207699290360253
2024-03,MHB,mhb,contract_balanced,2965,68.0,0.14703859256434304,0.08579007193739445,27.666833191303397,1.0845859595583858,0.8102082444470942,0.1454579120727123
2024-04,DR normal,dr_normal,equal,2868,2868.0,0.147184848499866,0.08547757802038744,24.328270363439813,0.25300371235569713,0.7597629009762901,0.02921322042268979
2024-04,DR normal,dr_normal,volume,2868,613019.0,0.147184848499866,0.08547757802038744,4.931893873092748,0.17657865867802483,0.7553664731435732,0.05179067001172848
2024-04,DR normal,dr_normal,contract_balanced,2868,67.0,0.147184848499866,0.08547757802038744,36.216908626647395,0.41383944647307513,0.7705854585946332,0.03598352188657067
2024-04,DR-AS normal,dras_normal,equal,2868,2868.0,0.147184848499866,0.08547757802038744,23.0580405919275,0.24785918588055728,0.7758019525801952,0.03940324947579167
2024-04,DR-AS normal,dras_normal,volume,2868,613019.0,0.147184848499866,0.08547757802038744,3.2336685513787655,0.2155280338692541,0.997996799446673,0.2145683670572663
2024-04,DR-AS normal,dras_normal,contract_balanced,2868,67.0,0.147184848499866,0.08547757802038744,22.73487535913259,0.2751756757121075,0.8813207352360259,0.1204941795740314
2024-04,"Beta, no hurdle",beta_no_hurdle,equal,2868,2868.0,0.147184848499866,0.08547757802038744,24.14990867818171,0.24614116879956285,0.7754532775453278,0.03683950134022957
2024-04,"Beta, no hurdle",beta_no_hurdle,volume,2868,613019.0,0.147184848499866,0.08547757802038744,3.082442496910704,0.1824392672390912,0.9967488772778658,0.18085770772693577
2024-04,"Beta, no hurdle",beta_no_hurdle,contract_balanced,2868,67.0,0.147184848499866,0.08547757802038744,22.814152841187077,0.2595442770602553,0.8734503985142528,0.10440638967026028
2024-04,"Hurdle beta, post-hoc coherence",hurdle_posthoc,equal,2868,2868.0,0.147184848499866,0.08547757802038744,15.70792511572753,0.23646235965455106,0.8267085076708508,0.04336584514139109
2024-04,"Hurdle beta, post-hoc coherence",hurdle_posthoc,volume,2868,613019.0,0.147184848499866,0.08547757802038744,3.0789379478487104,0.19482636629323696,0.9981044633200603,0.19381698670272188
2024-04,"Hurdle beta, post-hoc coherence",hurdle_posthoc,contract_balanced,2868,67.0,0.147184848499866,0.08547757802038744,15.4924112659519,0.26704220894265895,0.9026416604092877,0.11460148520015741
2024-04,MHB,mhb,equal,2868,2868.0,0.147184848499866,0.08547757802038744,15.70084730463848,0.23640752941208126,0.8263598326359833,0.04335231568939493
2024-04,MHB,mhb,volume,2868,613019.0,0.147184848499866,0.08547757802038744,3.0768561714198572,0.1946463810515601,0.9980473688417488,0.1936309278306414
2024-04,MHB,mhb,contract_balanced,2868,67.0,0.147184848499866,0.08547757802038744,15.425472411594018,0.26676755500264515,0.9056250946689473,0.11450763389505181
2024-05,DR normal,dr_normal,equal,2153,2153.0,0.13881438413222344,0.08140909592301239,11.919684053646169,0.16644874710994603,0.7919182535996285,0.02939933649429189
2024-05,DR normal,dr_normal,volume,2153,699552.0,0.13881438413222344,0.08140909592301239,5.075265622847896,0.08081482980001313,0.9512316453959107,0.04274887063852234
2024-05,DR normal,dr_normal,contract_balanced,2153,55.00000000000001,0.13881438413222344,0.08140909592301239,43.787353366435,0.2747140234193305,0.6746449169054415,0.03317162323502662
2024-05,DR-AS normal,dras_normal,equal,2153,2153.0,0.13881438413222344,0.08140909592301239,10.594838047726302,0.16265526377687653,0.7998142127264283,0.03838003533640211
2024-05,DR-AS normal,dras_normal,volume,2153,699552.0,0.13881438413222344,0.08140909592301239,2.8901098104507605,0.16112424337176348,0.9900050317917753,0.14724672504083547
2024-05,DR-AS normal,dras_normal,contract_balanced,2153,55.00000000000001,0.13881438413222344,0.08140909592301239,10.28111979440218,0.21033387535354253,0.7958958551819111,0.1149594808588833
2024-05,"Beta, no hurdle",beta_no_hurdle,equal,2153,2153.0,0.13881438413222344,0.08140909592301239,13.457459802000567,0.1631721007953269,0.7974918718067814,0.03659499344204384
2024-05,"Beta, no hurdle",beta_no_hurdle,volume,2153,699552.0,0.13881438413222344,0.08140909592301239,2.7555757605300255,0.1479107648218419,0.9900050317917753,0.13012572546175172
2024-05,"Beta, no hurdle",beta_no_hurdle,contract_balanced,2153,55.00000000000001,0.13881438413222344,0.08140909592301239,15.85660830197823,0.22063634233263138,0.7893746081873019,0.10971941289199819
2024-05,"Hurdle beta, post-hoc coherence",hurdle_posthoc,equal,2153,2153.0,0.13881438413222344,0.08140909592301239,6.817945962007935,0.1582515866543271,0.8453320947515095,0.04327011196757158
2024-05,"Hurdle beta, post-hoc coherence",hurdle_posthoc,volume,2153,699552.0,0.13881438413222344,0.08140909592301239,2.0421442097379883,0.15821429244118995,0.9900050317917753,0.1421744625263168
2024-05,"Hurdle beta, post-hoc coherence",hurdle_posthoc,contract_balanced,2153,55.00000000000001,0.13881438413222344,0.08140909592301239,7.538041828585914,0.21633180171825656,0.8350899714785781,0.1177366020939532
2024-05,MHB,mhb,equal,2153,2153.0,0.13881438413222344,0.08140909592301239,6.789423531527048,0.15809477110728956,0.8453320947515095,0.04321559582661361
2024-05,MHB,mhb,volume,2153,699552.0,0.13881438413222344,0.08140909592301239,2.050001733262699,0.1578724103448657,0.9900050317917753,0.14179635354812697
2024-05,MHB,mhb,contract_balanced,2153,55.00000000000001,0.13881438413222344,0.08140909592301239,7.531157072857887,0.2157008202641139,0.8350899714785781,0.1172951231808951
2024-06,DR normal,dr_normal,equal,1305,1305.0,0.134451272578307,0.07671397664557898,11.851161379774224,0.12148947890490584,0.8406130268199232,0.02643039034715563
2024-06,DR normal,dr_normal,volume,1305,585248.0,0.134451272578307,0.07671397664557898,2.629071584542638,0.08474489026756186,0.9583424462791842,0.03150388533742337
2024-06,DR normal,dr_normal,contract_balanced,1305,46.0,0.134451272578307,0.07671397664557898,25.134242699581694,0.15413322956310926,0.7166783764939622,0.021948902510622842
2024-06,DR-AS normal,dras_normal,equal,1305,1305.0,0.134451272578307,0.07671397664557898,11.326035804118792,0.1226618478663869,0.8475095785440612,0.033513357088920455
2024-06,DR-AS normal,dras_normal,volume,1305,585248.0,0.134451272578307,0.07671397664557898,2.9965992240870527,0.1567083150607455,0.9906022745912844,0.14172249689924388
2024-06,DR-AS normal,dras_normal,contract_balanced,1305,46.0,0.134451272578307,0.07671397664557898,25.201482032837887,0.17786737067074132,0.7789513610174882,0.057660226222204417
2024-06,"Beta, no hurdle",beta_no_hurdle,equal,1305,1305.0,0.134451272578307,0.07671397664557898,12.154970907746582,0.12172898354072437,0.850574712643678,0.03216507011749177
2024-06,"Beta, no hurdle",beta_no_hurdle,volume,1305,585248.0,0.134451272578307,0.07671397664557898,2.8439044317030686,0.1339223218724755,0.9906022745912844,0.11707866844125236
2024-06,"Beta, no hurdle",beta_no_hurdle,contract_balanced,1305,46.0,0.134451272578307,0.07671397664557898,30.370932936961456,0.1717200881993696,0.7849534104977984,0.05078356433446536
2024-06,"Hurdle beta, post-hoc coherence",hurdle_posthoc,equal,1305,1305.0,0.134451272578307,0.07671397664557898,9.226514994351774,0.11795993170990246,0.8766283524904214,0.03823279566265272
2024-06,"Hurdle beta, post-hoc coherence",hurdle_posthoc,volume,1305,585248.0,0.134451272578307,0.07671397664557898,2.0881739352883004,0.14346354523420954,0.9906022745912844,0.12790929553879815
2024-06,"Hurdle beta, post-hoc coherence",hurdle_posthoc,contract_balanced,1305,46.0,0.134451272578307,0.07671397664557898,20.91148959311009,0.16704941202844645,0.8083238770588022,0.0561359480950579
2024-06,MHB,mhb,equal,1305,1305.0,0.134451272578307,0.07671397664557898,8.675252056403117,0.11794819935369466,0.8766283524904214,0.03821792604657875
2024-06,MHB,mhb,volume,1305,585248.0,0.134451272578307,0.07671397664557898,2.0896515192351277,0.14351227485899576,0.9906022745912844,0.12790456378325538
2024-06,MHB,mhb,contract_balanced,1305,46.0,0.134451272578307,0.07671397664557898,20.88306302739285,0.1669266403133441,0.8083238770588022,0.056160866180587646
2024-07,DR normal,dr_normal,equal,1022,1022.0,0.1310290187257248,0.0732433942690731,10.933499346576989,0.2466164454721459,0.7769080234833659,0.02764126029080644
2024-07,DR normal,dr_normal,volume,1022,573879.0,0.1310290187257248,0.0732433942690731,3.3520429410156645,0.1422520004983588,0.8661913051357515,0.039766787165683395
2024-07,DR normal,dr_normal,contract_balanced,1022,39.0,0.1310290187257248,0.0732433942690731,20.24647965510392,0.42738208781724246,0.6079014316232907,0.02330026823767134
2024-07,DR-AS normal,dras_normal,equal,1022,1022.0,0.1310290187257248,0.0732433942690731,10.750487215844363,0.242613331045528,0.7994129158512719,0.04299551004944459
2024-07,DR-AS normal,dras_normal,volume,1022,573879.0,0.1310290187257248,0.0732433942690731,3.129412717459268,0.2063939058185965,0.9971143742844746,0.20386755698880812
2024-07,DR-AS normal,dras_normal,contract_balanced,1022,39.0,0.1310290187257248,0.0732433942690731,17.535564505722448,0.3414066263504913,0.7852277607193106,0.0972572466188612
2024-07,"Beta, no hurdle",beta_no_hurdle,equal,1022,1022.0,0.1310290187257248,0.0732433942690731,11.815618072484577,0.2398532343816689,0.7984344422700587,0.03919253000694485
2024-07,"Beta, no hurdle",beta_no_hurdle,volume,1022,573879.0,0.1310290187257248,0.0732433942690731,2.932024762597033,0.16927408229678176,0.9947236264090514,0.16481859884966038
2024-07,"Beta, no hurdle",beta_no_hurdle,contract_balanced,1022,39.0,0.1310290187257248,0.0732433942690731,18.34287908679847,0.3344648477601899,0.7633357698436853,0.0791586200290418
2024-07,"Hurdle beta, post-hoc coherence",hurdle_posthoc,equal,1022,1022.0,0.1310290187257248,0.0732433942690731,7.324908373955495,0.2297929993853295,0.8336594911937377,0.04454000780705533
2024-07,"Hurdle beta, post-hoc coherence",hurdle_posthoc,volume,1022,573879.0,0.1310290187257248,0.0732433942690731,2.6387101058293903,0.18119661195060394,0.9947584769611713,0.17755310084561832
2024-07,"Hurdle beta, post-hoc coherence",hurdle_posthoc,contract_balanced,1022,39.0,0.1310290187257248,0.0732433942690731,16.200663559232858,0.3264390848029395,0.8069185195491708,0.08662418820697287
2024-07,MHB,mhb,equal,1022,1022.0,0.1310290187257248,0.0732433942690731,7.287434673858952,0.2301362009667557,0.8336594911937377,0.04480390171593172
2024-07,MHB,mhb,volume,1022,573879.0,0.1310290187257248,0.0732433942690731,2.631961112900944,0.1809263827466426,0.9947584769611713,0.17726922905121587
2024-07,MHB,mhb,contract_balanced,1022,39.0,0.1310290187257248,0.0732433942690731,16.1002574414156,0.3263746962728046,0.8069185195491708,0.0867703441508333
2024-08,DR normal,dr_normal,equal,1600,1600.0,0.1253215295456236,0.06993164228657651,32.79153475815407,0.46315126154355146,0.6475,0.03328663926875317
2024-08,DR normal,dr_normal,volume,1600,987813.0,0.1253215295456236,0.06993164228657651,26.738057472168816,0.616663905302689,0.5353462649307106,0.04446637173251407
2024-08,DR normal,dr_normal,contract_balanced,1600,38.0,0.1253215295456236,0.06993164228657651,71.96203810043131,0.9072178618618393,0.41882699017623587,0.024159078102153123
2024-08,DR-AS normal,dras_normal,equal,1600,1600.0,0.1253215295456236,0.06993164228657651,29.18181144478443,0.41169999473549773,0.7162499999999999,0.06425270103711007
2024-08,DR-AS normal,dras_normal,volume,1600,987813.0,0.1253215295456236,0.06993164228657651,3.7320246133007373,0.3347610897526237,0.9932780799604785,0.331728932297655
2024-08,DR-AS normal,dras_normal,contract_balanced,1600,38.0,0.1253215295456236,0.06993164228657651,48.962658341424756,0.6363546453470068,0.728606904041888,0.1580804929307985
2024-08,"Beta, no hurdle",beta_no_hurdle,equal,1600,1600.0,0.1253215295456236,0.06993164228657651,27.71238346009818,0.40882164703977186,0.7112499999999999,0.0562690620014968
2024-08,"Beta, no hurdle",beta_no_hurdle,volume,1600,987813.0,0.1253215295456236,0.06993164228657651,3.743229265108708,0.2987236122814431,0.9777052944231348,0.28776649664791115
2024-08,"Beta, no hurdle",beta_no_hurdle,contract_balanced,1600,38.0,0.1253215295456236,0.06993164228657651,45.594321795014935,0.6446664576455874,0.7228046549146746,0.13424404088408806
2024-08,"Hurdle beta, post-hoc coherence",hurdle_posthoc,equal,1600,1600.0,0.1253215295456236,0.06993164228657651,18.207901974142185,0.3908014939291051,0.745625,0.06261975052863605
2024-08,"Hurdle beta, post-hoc coherence",hurdle_posthoc,volume,1600,987813.0,0.1253215295456236,0.06993164228657651,3.836221721514298,0.3057338185401134,0.9928913670907349,0.29861284358148626
2024-08,"Hurdle beta, post-hoc coherence",hurdle_posthoc,contract_balanced,1600,38.0,0.1253215295456236,0.06993164228657651,30.462405475911098,0.6299710166105048,0.7325997570301269,0.14260129997835186
2024-08,MHB,mhb,equal,1600,1600.0,0.1253215295456236,0.06993164228657651,18.175434119071824,0.39083726807380725,0.745625,0.06254634820833178
2024-08,MHB,mhb,volume,1600,987813.0,0.1253215295456236,0.06993164228657651,3.7890659876832427,0.305368551349661,0.9928913670907349,0.29825046115078274
2024-08,MHB,mhb,contract_balanced,1600,38.0,0.1253215295456236,0.06993164228657651,30.35422066710275,0.6293235101766196,0.7325997570301269,0.1423131246006165
2024-09,DR normal,dr_normal,equal,1541,1541.0,0.11616142956095056,0.06753852209676638,54.23825174318816,1.0154100199770948,0.6612589227774174,0.055134013386804695
2024-09,DR normal,dr_normal,volume,1541,843502.0,0.11616142956095056,0.06753852209676638,11.15307920596695,0.39109717027600577,0.8822279022456379,0.08315373934957909
2024-09,DR normal,dr_normal,contract_balanced,1541,109.0,0.11616142956095056,0.06753852209676638,380.62799363108485,7.272029891621658,0.2546587480916177,0.027233200898006852
2024-09,DR-AS normal,dras_normal,equal,1541,1541.0,0.11616142956095056,0.06753852209676638,53.05303450209853,0.9945707243244742,0.6878650227125245,0.07405905057143126
2024-09,DR-AS normal,dras_normal,volume,1541,843502.0,0.11616142956095056,0.06753852209676638,8.104057447925438,0.4488577947459379,0.9637855037688116,0.3176720293115432
2024-09,DR-AS normal,dras_normal,contract_balanced,1541,109.0,0.11616142956095056,0.06753852209676638,378.93491905005334,7.197729508247087,0.2828136793855807,0.05645114562577603
2024-09,"Beta, no hurdle",beta_no_hurdle,equal,1541,1541.0,0.11616142956095056,0.06753852209676638,54.47390452456307,0.9926275216371174,0.6865671641791046,0.069183505119899
2024-09,"Beta, no hurdle",beta_no_hurdle,volume,1541,843502.0,0.11616142956095056,0.06753852209676638,3.863535529823338,0.41920415265949657,0.9621518384070221,0.27078805468462464
2024-09,"Beta, no hurdle",beta_no_hurdle,contract_balanced,1541,109.0,0.11616142956095056,0.06753852209676638,371.73059779879424,7.190046860957832,0.28266888100471665,0.05099721677323232
2024-09,"Hurdle beta, post-hoc coherence",hurdle_posthoc,equal,1541,1541.0,0.11616142956095056,0.06753852209676638,42.62921465165148,0.9794110794804629,0.7099286177806621,0.07516426699970827
2024-09,"Hurdle beta, post-hoc coherence",hurdle_posthoc,volume,1541,843502.0,0.11616142956095056,0.06753852209676638,3.6065047545655804,0.4305455311078066,0.9628572309253565,0.2832657735845826
2024-09,"Hurdle beta, post-hoc coherence",hurdle_posthoc,contract_balanced,1541,109.0,0.11616142956095056,0.06753852209676638,309.27594709200645,7.148480063064226,0.28307119213258425,0.055329808869707384
2024-09,MHB,mhb,equal,1541,1541.0,0.11616142956095056,0.06753852209676638,42.53119991099679,0.9767364187998715,0.7099286177806621,0.07544522130747006
2024-09,MHB,mhb,volume,1541,843502.0,0.11616142956095056,0.06753852209676638,3.5982342733769928,0.4289631105797401,0.9628572309253565,0.28302092087624375
2024-09,MHB,mhb,contract_balanced,1541,109.0,0.11616142956095056,0.06753852209676638,308.30387965094656,7.142659852254138,0.28307119213258425,0.05574529414509187
2024-10,DR normal,dr_normal,equal,5980,5980.0,0.12006312697763127,0.07128143567335078,18.042973312202353,0.31748586066205453,0.8754180602006688,0.05374612546799319
2024-10,DR normal,dr_normal,volume,5980,131952659.0,0.12006312697763127,0.07128143567335078,1.8705434170750606,0.042218306308090356,0.9983644512991587,0.04165982296847341
2024-10,DR normal,dr_normal,contract_balanced,5980,125.0,0.12006312697763127,0.07128143567335078,46.84815962329379,0.7587675244859221,0.5804850153958196,0.03954796040394172
2024-10,DR-AS normal,dras_normal,equal,5980,5980.0,0.12006312697763127,0.07128143567335078,17.78111660945717,0.32916673950717334,0.8819397993311036,0.0709059323915538
2024-10,DR-AS normal,dras_normal,volume,5980,131952659.0,0.12006312697763127,0.07128143567335078,3.13999945749571,0.1857481049373166,0.9999507095950223,0.18550707571087238
2024-10,DR-AS normal,dras_normal,contract_balanced,5980,125.0,0.12006312697763127,0.07128143567335078,34.24500970830329,0.742095706213918,0.7118587928370035,0.1333110206507011
2024-10,"Beta, no hurdle",beta_no_hurdle,equal,5980,5980.0,0.12006312697763127,0.07128143567335078,17.26432099182911,0.3243859870627876,0.8814381270903009,0.06606152330817898
2024-10,"Beta, no hurdle",beta_no_hurdle,volume,5980,131952659.0,0.12006312697763127,0.07128143567335078,2.9104049829325938,0.1453377970862446,0.9999461625096923,0.14510385847207552
2024-10,"Beta, no hurdle",beta_no_hurdle,contract_balanced,5980,125.0,0.12006312697763127,0.07128143567335078,35.25063907291036,0.7249760586585823,0.709579725658287,0.11548175950637944
2024-10,"Hurdle beta, post-hoc coherence",hurdle_posthoc,equal,5980,5980.0,0.12006312697763127,0.07128143567335078,11.57326613403968,0.32195051607680386,0.8934782608695652,0.0741840742986107
2024-10,"Hurdle beta, post-hoc coherence",hurdle_posthoc,volume,5980,131952659.0,0.12006312697763127,0.07128143567335078,2.1425791385531934,0.15250767058306292,0.999946351971581,0.1522996598655677
2024-10,"Hurdle beta, post-hoc coherence",hurdle_posthoc,contract_balanced,5980,125.0,0.12006312697763127,0.07128143567335078,27.506255267542542,0.7126562157487151,0.7464447141295023,0.12519489004213843
2024-10,MHB,mhb,equal,5980,5980.0,0.12006312697763127,0.07128143567335078,11.559901712425368,0.32201284394879603,0.8933110367892976,0.07436218854097709
2024-10,MHB,mhb,volume,5980,131952659.0,0.12006312697763127,0.07128143567335078,2.1512726432849836,0.1523429577156497,0.999946351971581,0.15213549519048208
2024-10,MHB,mhb,contract_balanced,5980,125.0,0.12006312697763127,0.07128143567335078,27.498298867507863,0.7125846245837468,0.7464447141295023,0.12534595985004776
2024-11,DR normal,dr_normal,equal,10054,10054.0,0.01426505095016187,0.003274858214085696,8.244139795535089,0.18627781490692658,0.9413168888004774,0.051340311570664474
2024-11,DR normal,dr_normal,volume,10054,373421857.0,0.01426505095016187,0.003274858214085696,20.847061738000214,0.3347164894917925,0.7018313767316517,0.02815256172254197
2024-11,DR normal,dr_normal,contract_balanced,10054,100.0,0.01426505095016187,0.003274858214085696,14.258771313100542,0.3234724532843475,0.8213072687474394,0.07130561692078857
2024-11,DR-AS normal,dras_normal,equal,10054,10054.0,0.01426505095016187,0.003274858214085696,7.823610217400837,0.1821284616724143,0.9480803660234731,0.057313449097966235
2024-11,DR-AS normal,dras_normal,volume,10054,373421857.0,0.01426505095016187,0.003274858214085696,2.842193607058464,0.1348140803059548,0.9717127190013413,0.09440116856921339
2024-11,DR-AS normal,dras_normal,contract_balanced,10054,100.0,0.01426505095016187,0.003274858214085696,8.374693315530775,0.24207416430317025,0.8762865143576017,0.10980142725918576
2024-11,"Beta, no hurdle",beta_no_hurdle,equal,10054,10054.0,0.01426505095016187,0.003274858214085696,8.346846156418835,0.18307266920024534,0.9448975532126516,0.053423303778274776
2024-11,"Beta, no hurdle",beta_no_hurdle,volume,10054,373421857.0,0.01426505095016187,0.003274858214085696,3.014749024541994,0.21152648954256684,0.8907234693549285,0.05874585758005135
2024-11,"Beta, no hurdle",beta_no_hurdle,contract_balanced,10054,100.0,0.01426505095016187,0.003274858214085696,9.154066542398304,0.2682647856160237,0.8548776521064809,0.08732580078543317
2024-11,"Hurdle beta, post-hoc coherence",hurdle_posthoc,equal,10054,10054.0,0.01426505095016187,0.003274858214085696,7.105210811694955,0.18342621925541894,0.9495723095285458,0.056505211456496326
2024-11,"Hurdle beta, post-hoc coherence",hurdle_posthoc,volume,10054,373421857.0,0.01426505095016187,0.003274858214085696,2.6117994106134326,0.20046408709083433,0.902127434924089,0.06776742000586364
2024-11,"Hurdle beta, post-hoc coherence",hurdle_posthoc,contract_balanced,10054,100.0,0.01426505095016187,0.003274858214085696,6.809918601946988,0.2665117847145754,0.8888789551258746,0.09158404590030816
2024-11,MHB,mhb,equal,10054,10054.0,0.01426505095016187,0.003274858214085696,7.108794275631852,0.18342849642139286,0.9494728466282076,0.05650415327152515
2024-11,MHB,mhb,volume,10054,373421857.0,0.01426505095016187,0.003274858214085696,2.6124291138995113,0.20051819614815214,0.902127434924089,0.06773243259415283
2024-11,MHB,mhb,contract_balanced,10054,100.0,0.01426505095016187,0.003274858214085696,6.812882935415583,0.2664434617171081,0.8838789551258746,0.0914765352373883
2024-12,DR normal,dr_normal,equal,5996,5996.0,0.013666255149129052,0.006618569815269553,6.486707613139116,0.127880022279853,0.9631420947298197,0.05041396180737957
2024-12,DR normal,dr_normal,volume,5996,18124601.0,0.013666255149129052,0.006618569815269553,1.176659283117992,0.021355936468942564,0.9933815922347753,0.01629051725334734
2024-12,DR normal,dr_normal,contract_balanced,5996,98.0,0.013666255149129052,0.006618569815269553,55.0473065598147,0.6003058409932525,0.8108346036894398,0.06287245187430877
2024-12,DR-AS normal,dras_normal,equal,5996,5996.0,0.013666255149129052,0.006618569815269553,5.90237734771612,0.12270494154345862,0.9678118745830553,0.053280823207809885
2024-12,DR-AS normal,dras_normal,volume,5996,18124601.0,0.013666255149129052,0.006618569815269553,2.4561009572144235,0.07252371644483722,0.9989007206282776,0.07058434353215211
2024-12,DR-AS normal,dras_normal,contract_balanced,5996,98.0,0.013666255149129052,0.006618569815269553,42.41417827148965,0.46708848097547007,0.866848559836126,0.09820076592137289
2024-12,"Beta, no hurdle",beta_no_hurdle,equal,5996,5996.0,0.013666255149129052,0.006618569815269553,6.906504518192402,0.12359545671011349,0.9661440960640426,0.05251169585295808
2024-12,"Beta, no hurdle",beta_no_hurdle,volume,5996,18124601.0,0.013666255149129052,0.006618569815269553,2.3206769560998017,0.06928216685592439,0.9967273210593713,0.06694197711749889
2024-12,"Beta, no hurdle",beta_no_hurdle,contract_balanced,5996,98.0,0.013666255149129052,0.006618569815269553,43.898254450596106,0.4813189235470674,0.8367239463078718,0.08879145909783626
2024-12,"Hurdle beta, post-hoc coherence",hurdle_posthoc,equal,5996,5996.0,0.013666255149129052,0.006618569815269553,12.569361010782734,0.14394688689450297,0.8637424949966643,0.0410537085530384
2024-12,"Hurdle beta, post-hoc coherence",hurdle_posthoc,volume,5996,18124601.0,0.013666255149129052,0.006618569815269553,1.4545298485948004,0.05869389196854958,0.9907761279820726,0.054216403239827675
2024-12,"Hurdle beta, post-hoc coherence",hurdle_posthoc,contract_balanced,5996,98.0,0.013666255149129052,0.006618569815269553,46.86186804998104,0.5088422666993979,0.7407582931965287,0.08396105266313546
2024-12,MHB,mhb,equal,5996,5996.0,0.013666255149129052,0.006618569815269553,5.694144164639207,0.14440448889083318,0.8627418278852568,0.04131688840892925
2024-12,MHB,mhb,volume,5996,18124601.0,0.013666255149129052,0.006618569815269553,1.4549166359445707,0.05908449130842048,0.9906793534379047,0.054728404117570933
2024-12,MHB,mhb,contract_balanced,5996,98.0,0.013666255149129052,0.006618569815269553,34.463761046257616,0.5097138508207313,0.7398328696416425,0.08401035875438762
2025-01,DR normal,dr_normal,equal,4199,4199.0,0.013271025818734435,0.006318792673599076,9.40802433454235,0.19548485653616562,0.9404620147654205,0.0743030518784594
2025-01,DR normal,dr_normal,volume,4199,5615195.0,0.013271025818734435,0.006318792673599076,1.2883170266355264,0.03756180684027846,0.9933393230333051,0.0270718103133852
2025-01,DR normal,dr_normal,contract_balanced,4199,144.0,0.013271025818734435,0.006318792673599076,52.58679857989986,0.711777511715541,0.6953543975916018,0.05657052322599119
2025-01,DR-AS normal,dras_normal,equal,4199,4199.0,0.013271025818734435,0.006318792673599076,8.903021766730811,0.19292015941466883,0.9445105977613719,0.07799915904860451
2025-01,DR-AS normal,dras_normal,volume,4199,5615195.0,0.013271025818734435,0.006318792673599076,1.8957698221226218,0.04806448195867686,0.9964332494241073,0.044095574901884836
2025-01,DR-AS normal,dras_normal,contract_balanced,4199,144.0,0.013271025818734435,0.006318792673599076,44.86043194596044,0.6606456831220184,0.7308959941764432,0.07946542562213017
2025-01,"Beta, no hurdle",beta_no_hurdle,equal,4199,4199.0,0.013271025818734435,0.006318792673599076,8.96591122002118,0.1931652011156807,0.9440342938794952,0.07712347700598282
2025-01,"Beta, no hurdle",beta_no_hurdle,volume,4199,5615195.0,0.013271025818734435,0.006318792673599076,1.8375350918258215,0.04890459352686149,0.9957636377721522,0.044564853652707036
2025-01,"Beta, no hurdle",beta_no_hurdle,contract_balanced,4199,144.0,0.013271025818734435,0.006318792673599076,46.17896537855866,0.6708468366952208,0.7169870749341546,0.07127589519530826
2025-01,"Hurdle beta, post-hoc coherence",hurdle_posthoc,equal,4199,4199.0,0.013271025818734435,0.006318792673599076,24.58688738629238,0.22545356808779643,0.8347225529888069,0.06700437145447186
2025-01,"Hurdle beta, post-hoc coherence",hurdle_posthoc,volume,4199,5615195.0,0.013271025818734435,0.006318792673599076,0.8182987202315719,0.03385426936051529,0.9897223515835157,0.027540996816951293
2025-01,"Hurdle beta, post-hoc coherence",hurdle_posthoc,contract_balanced,4199,144.0,0.013271025818734435,0.006318792673599076,35.73315923830546,0.705179920458735,0.6282706422878928,0.06672058785712283
2025-01,MHB,mhb,equal,4199,4199.0,0.013271025818734435,0.006318792673599076,6.485180176260695,0.2254889007374042,0.8342462491069303,0.06737237098398619
2025-01,MHB,mhb,volume,4199,5615195.0,0.013271025818734435,0.006318792673599076,0.7444066840726922,0.033570314741444396,0.9894730280960857,0.02733644620795974
2025-01,MHB,mhb,contract_balanced,4199,144.0,0.013271025818734435,0.006318792673599076,25.258403079166865,0.7060861660737765,0.6272085783517629,0.06666213077481534
2025-02,DR normal,dr_normal,equal,6612,6612.0,0.013241690125382214,0.00625645922320147,6.768534303883728,0.14104710917995705,0.9339080459770118,0.06253113639770413
2025-02,DR normal,dr_normal,volume,6612,1056418.0,0.013241690125382214,0.00625645922320147,3.1745386767415518,0.21899612551961595,0.9329574089044299,0.10815535114582839
2025-02,DR normal,dr_normal,contract_balanced,6612,143.0,0.013241690125382214,0.00625645922320147,15.752490090144013,0.3185139471091596,0.8635360432361634,0.05917093195837493
2025-02,DR-AS normal,dras_normal,equal,6612,6612.0,0.013241690125382214,0.00625645922320147,6.514396788751826,0.1386674021431739,0.9390502117362374,0.0661447415815462
2025-02,DR-AS normal,dras_normal,volume,6612,1056418.0,0.013241690125382214,0.00625645922320147,2.6772560032956605,0.16649164648709366,0.9863150760399766,0.1561910883412295
2025-02,DR-AS normal,dras_normal,contract_balanced,6612,143.0,0.013241690125382214,0.00625645922320147,13.307574132276958,0.29922817933475515,0.9017774758936952,0.09152996707612396
2025-02,"Beta, no hurdle",beta_no_hurdle,equal,6612,6612.0,0.013241690125382214,0.00625645922320147,6.657417214356158,0.138642765489845,0.9370840895341805,0.06460919857731182
2025-02,"Beta, no hurdle",beta_no_hurdle,volume,6612,1056418.0,0.013241690125382214,0.00625645922320147,2.620967515246593,0.15304952630364488,0.9807330053066117,0.13690513906809854
2025-02,"Beta, no hurdle",beta_no_hurdle,contract_balanced,6612,143.0,0.013241690125382214,0.00625645922320147,14.861689135025863,0.297786313652873,0.8922869923419066,0.0793646191150289
2025-02,"Hurdle beta, post-hoc coherence",hurdle_posthoc,equal,6612,6612.0,0.013241690125382214,0.00625645922320147,28.776500883468707,0.18191082502980854,0.76799758015729,0.04897234755842675
2025-02,"Hurdle beta, post-hoc coherence",hurdle_posthoc,volume,6612,1056418.0,0.013241690125382214,0.00625645922320147,3.6989686925945193,0.17064617603966692,0.8942464062520706,0.1302385154889251
2025-02,"Hurdle beta, post-hoc coherence",hurdle_posthoc,contract_balanced,6612,143.0,0.013241690125382214,0.00625645922320147,17.331885376546122,0.3169589907119915,0.8264333422583753,0.07645601771334706
2025-02,MHB,mhb,equal,6612,6612.0,0.013241690125382214,0.00625645922320147,5.3852660827851295,0.18227965816151542,0.767392619479734,0.04915675703534045
2025-02,MHB,mhb,volume,6612,1056418.0,0.013241690125382214,0.00625645922320147,2.7793263718264636,0.17197864411324543,0.8941545865367686,0.1302598939543175
2025-02,MHB,mhb,contract_balanced,6612,143.0,0.013241690125382214,0.00625645922320147,7.083923490676275,0.31855052722922783,0.8245109006431686,0.07645660690540497
2025-03,DR normal,dr_normal,equal,28763,28763.0,0.013235799809008979,0.006254046044599038,7.00580910960721,0.1821320908220276,0.9545249104752634,0.11467927202284664
2025-03,DR normal,dr_normal,volume,28763,81063076.0,0.013235799809008979,0.006254046044599038,4.239798643482259,0.3576144698915386,0.9870074138316685,0.3403210865806772
2025-03,DR normal,dr_normal,contract_balanced,28763,293.0,0.013235799809008979,0.006254046044599038,4.713078573601873,0.28859989852983087,0.9380190963220739,0.2339739745379366
2025-03,DR-AS normal,dras_normal,equal,28763,28763.0,0.013235799809008979,0.006254046044599038,6.832491226330407,0.18067832604268202,0.9584535688210549,0.11752068782812569
2025-03,DR-AS normal,dras_normal,volume,28763,81063076.0,0.013235799809008979,0.006254046044599038,3.4757509197126866,0.35828957617878887,0.9946002542513931,0.34659946426473764
2025-03,DR-AS normal,dras_normal,contract_balanced,28763,293.0,0.013235799809008979,0.006254046044599038,4.38381591178881,0.2825053204819877,0.9734376981263726,0.2501631287473526
2025-03,"Beta, no hurdle",beta_no_hurdle,equal,28763,28763.0,0.013235799809008979,0.006254046044599038,8.564980724168207,0.1819796807682753,0.9569238257483573,0.1176687023892285
2025-03,"Beta, no hurdle",beta_no_hurdle,volume,28763,81063076.0,0.013235799809008979,0.006254046044599038,32.435414964092224,0.3696737301238378,0.9918191853464825,0.35604392907162075
2025-03,"Beta, no hurdle",beta_no_hurdle,contract_balanced,28763,293.0,0.013235799809008979,0.006254046044599038,18.69900611438502,0.29347582361287866,0.9596215190644961,0.2538792399594675
2025-03,"Hurdle beta, post-hoc coherence",hurdle_posthoc,equal,28763,28763.0,0.013235799809008979,0.006254046044599038,23.768163087041064,0.21534952882370012,0.8439662065848487,0.10374924250433439
2025-03,"Hurdle beta, post-hoc coherence",hurdle_posthoc,volume,28763,81063076.0,0.013235799809008979,0.006254046044599038,31.771980348634592,0.38693467611797716,0.9764479946455523,0.36947374622980667
2025-03,"Hurdle beta, post-hoc coherence",hurdle_posthoc,contract_balanced,28763,293.0,0.013235799809008979,0.006254046044599038,27.92842671104599,0.31461514226715404,0.9171408648216657,0.261291663162821
2025-03,MHB,mhb,equal,28763,28763.0,0.013235799809008979,0.006254046044599038,6.379113063188504,0.2160421608122454,0.8437228383687376,0.104453104809887
2025-03,MHB,mhb,volume,28763,81063076.0,0.013235799809008979,0.006254046044599038,31.456366853480084,0.38719086425417554,0.9759648523576876,0.36958630607317783
2025-03,MHB,mhb,contract_balanced,28763,293.0,0.013235799809008979,0.006254046044599038,17.489826396191553,0.3150952931341048,0.9172590722293693,0.26145678486377616
2025-04,DR normal,dr_normal,equal,29345,29345.0,0.013241084536188054,0.00622026416717525,4.51773030379254,0.11644127645421966,0.9601294939512691,0.05868434530974523
2025-04,DR normal,dr_normal,volume,29345,37598910.0,0.013241084536188054,0.00622026416717525,7.876044895921546,0.5730358200760096,0.9171082353185238,0.24339685121679513
2025-04,DR normal,dr_normal,contract_balanced,29345,174.0,0.013241084536188054,0.00622026416717525,5.335481749571493,0.23114739460229922,0.8969135463469693,0.0839321005127974
2025-04,DR-AS normal,dras_normal,equal,29345,29345.0,0.013241084536188054,0.00622026416717525,4.332682832239824,0.11410259911996487,0.9639802351337534,0.060760082071634844
2025-04,DR-AS normal,dras_normal,volume,29345,37598910.0,0.013241084536188054,0.00622026416717525,7.394119316320295,0.5525395539564523,0.9453320854248168,0.2580175638606626
2025-04,DR-AS normal,dras_normal,contract_balanced,29345,174.0,0.013241084536188054,0.00622026416717525,4.7790956846940915,0.22120071804439562,0.9312719124270803,0.10528775216759018
2025-04,"Beta, no hurdle",beta_no_hurdle,equal,29345,29345.0,0.013241084536188054,0.00622026416717525,4.673745773237315,0.11449296628378541,0.9628556823990455,0.06012870223936741
2025-04,"Beta, no hurdle",beta_no_hurdle,volume,29345,37598910.0,0.013241084536188054,0.00622026416717525,16.517807423785424,0.5500296170185172,0.9337556062130524,0.251059765635063
2025-04,"Beta, no hurdle",beta_no_hurdle,contract_balanced,29345,174.0,0.013241084536188054,0.00622026416717525,5.747869483931755,0.2244879342713617,0.9213299692350292,0.09884651100557826
2025-04,"Hurdle beta, post-hoc coherence",hurdle_posthoc,equal,29345,29345.0,0.013241084536188054,0.00622026416717525,18.569533158134515,0.13737136683247356,0.8523428181973076,0.044405875976271006
2025-04,"Hurdle beta, post-hoc coherence",hurdle_posthoc,volume,29345,37598910.0,0.013241084536188054,0.00622026416717525,15.00488212630454,0.5867284056751433,0.925160569814391,0.29358608822875687
2025-04,"Hurdle beta, post-hoc coherence",hurdle_posthoc,contract_balanced,29345,174.0,0.013241084536188054,0.00622026416717525,7.911025535568408,0.22784663048635168,0.9029475108715517,0.10029416461323924
2025-04,MHB,mhb,equal,29345,29345.0,0.013241084536188054,0.00622026416717525,4.148112114920723,0.13709721458051868,0.8554438575566534,0.04492835726289362
2025-04,MHB,mhb,volume,29345,37598910.0,0.013241084536188054,0.00622026416717525,14.50237136408204,0.5927536955569157,0.924693800963911,0.29637425558956043
2025-04,MHB,mhb,contract_balanced,29345,174.0,0.013241084536188054,0.00622026416717525,4.083528247472812,0.22885722152203755,0.9033792878228923,0.10064316803152155
2025-05,DR normal,dr_normal,equal,54677,54677.0,0.014869930495565068,0.006495876652129091,2.3027780005490754,0.052968602015872224,0.9859172961208549,0.037483693852146144
2025-05,DR normal,dr_normal,volume,54677,9292995.0,0.014869930495565068,0.006495876652129091,3.6385937106970774,0.1504521021081119,0.9802480255289063,0.13033694552415392
2025-05,DR normal,dr_normal,contract_balanced,54677,194.0,0.014869930495565068,0.006495876652129091,8.897079165285213,0.17912588769707494,0.9630887142327803,0.05599372209806537
2025-05,DR-AS normal,dras_normal,equal,54677,54677.0,0.014869930495565068,0.006495876652129091,2.247602394595398,0.05322282225190461,0.9867768897342573,0.03851094061988249
2025-05,DR-AS normal,dras_normal,volume,54677,9292995.0,0.014869930495565068,0.006495876652129091,2.8668925267618697,0.15810068306605357,0.9914747613659536,0.1470193677836154
2025-05,DR-AS normal,dras_normal,contract_balanced,54677,194.0,0.014869930495565068,0.006495876652129091,6.199464000461975,0.1731233859632294,0.9702256791572139,0.07247830484905436
2025-05,"Beta, no hurdle",beta_no_hurdle,equal,54677,54677.0,0.014869930495565068,0.006495876652129091,2.348392032647487,0.0534577930292626,0.986685443605172,0.03844621759093032
2025-05,"Beta, no hurdle",beta_no_hurdle,volume,54677,9292995.0,0.014869930495565068,0.006495876652129091,2.8747879838056445,0.15763675969650506,0.9872513651411626,0.1430827264668995
2025-05,"Beta, no hurdle",beta_no_hurdle,contract_balanced,54677,194.0,0.014869930495565068,0.006495876652129091,6.23099938375031,0.17744059075494098,0.9684631375925735,0.06771941741060232
2025-05,"Hurdle beta, post-hoc coherence",hurdle_posthoc,equal,54677,54677.0,0.014869930495565068,0.006495876652129091,8.407605679359092,0.05894940456518345,0.9192530680176305,0.023424085036528642
2025-05,"Hurdle beta, post-hoc coherence",hurdle_posthoc,volume,54677,9292995.0,0.014869930495565068,0.006495876652129091,4.517083649111203,0.168525185703193,0.9715712749226701,0.1493725143944231
2025-05,"Hurdle beta, post-hoc coherence",hurdle_posthoc,contract_balanced,54677,194.0,0.014869930495565068,0.006495876652129091,7.910053753097191,0.17528235444212822,0.9611825082740593,0.06507295853971053
2025-05,MHB,mhb,equal,54677,54677.0,0.014869930495565068,0.006495876652129091,1.7984226472472153,0.05885434051015903,0.9229292024068619,0.024405107903911687
2025-05,MHB,mhb,volume,54677,9292995.0,0.014869930495565068,0.006495876652129091,2.8334238970497982,0.1695388082795861,0.9718726847480279,0.15052153702140147
2025-05,MHB,mhb,contract_balanced,54677,194.0,0.014869930495565068,0.006495876652129091,5.593714640733004,0.1755245111949933,0.9605608333201291,0.06513173779542028
2025-06,DR normal,dr_normal,equal,65996,65996.0,0.014841902692092438,0.006488404196157094,2.5119545603672604,0.054995839375208785,0.9845596702830475,0.033855782971195764
2025-06,DR normal,dr_normal,volume,65996,7257141.0,0.014841902692092438,0.006488404196157094,2.9467648213175464,0.15310775353163203,0.9687265274300169,0.12293481820945283
2025-06,DR normal,dr_normal,contract_balanced,65996,168.0,0.014841902692092438,0.006488404196157094,4.677609179270343,0.1359022399086428,0.9620345306976557,0.05127472989358471
2025-06,DR-AS normal,dras_normal,equal,65996,65996.0,0.014841902692092438,0.006488404196157094,2.490465746164923,0.05472561639260795,0.9857718649615128,0.034930633118912875
2025-06,DR-AS normal,dras_normal,volume,65996,7257141.0,0.014841902692092438,0.006488404196157094,2.8125693995016086,0.15679399466798716,0.9845943464513092,0.14199341253290004
2025-06,DR-AS normal,dras_normal,contract_balanced,65996,168.0,0.014841902692092438,0.006488404196157094,4.712997646064523,0.1375488542571287,0.9870082516898009,0.0674482177615396
2025-06,"Beta, no hurdle",beta_no_hurdle,equal,65996,65996.0,0.014841902692092438,0.006488404196157094,2.4612572369182626,0.05517921911743823,0.985590035759743,0.03498717787041793
2025-06,"Beta, no hurdle",beta_no_hurdle,volume,65996,7257141.0,0.014841902692092438,0.006488404196157094,2.971026400807653,0.15457154429348674,0.981647593728715,0.13567671112096724
2025-06,"Beta, no hurdle",beta_no_hurdle,contract_balanced,65996,168.0,0.014841902692092438,0.006488404196157094,4.74201175077909,0.13484424331985725,0.9803889410365854,0.06232711191697172
2025-06,"Hurdle beta, post-hoc coherence",hurdle_posthoc,equal,65996,65996.0,0.014841902692092438,0.006488404196157094,6.46176916453924,0.06103630867162766,0.921252803200194,0.020684616283467745
2025-06,"Hurdle beta, post-hoc coherence",hurdle_posthoc,volume,65996,7257141.0,0.014841902692092438,0.006488404196157094,5.066904453010345,0.16450316676665652,0.9714296580430226,0.14238071548925035
2025-06,"Hurdle beta, post-hoc coherence",hurdle_posthoc,contract_balanced,65996,168.0,0.014841902692092438,0.006488404196157094,5.344094984025714,0.13599988593870602,0.9703988551887326,0.06035851493236144
2025-06,MHB,mhb,equal,65996,65996.0,0.014841902692092438,0.006488404196157094,1.8664720640798085,0.06067359766042293,0.9259349051457664,0.021843836675947886
2025-06,MHB,mhb,volume,65996,7257141.0,0.014841902692092438,0.006488404196157094,2.7166104740961576,0.16535778570485826,0.9707785751992417,0.14313126881672594
2025-06,MHB,mhb,contract_balanced,65996,168.0,0.014841902692092438,0.006488404196157094,4.155095035934818,0.1353722160493162,0.9699169145548776,0.060589713009875236
2025-07,DR normal,dr_normal,equal,70980,70980.0,0.01482099915375615,0.006478650782330574,1.9459593074449142,0.05103769630192774,0.9895322626091855,0.03877690185444376
2025-07,DR normal,dr_normal,volume,70980,10162589.0,0.01482099915375615,0.006478650782330574,3.4242268868145764,0.19166480399594094,0.9735937367928587,0.1652297056792796
2025-07,DR normal,dr_normal,contract_balanced,70980,168.0,0.01482099915375615,0.006478650782330574,2.313136737415522,0.09165866097255704,0.9543310615198842,0.06332491478856642
2025-07,DR-AS normal,dras_normal,equal,70980,70980.0,0.01482099915375615,0.006478650782330574,1.9034170497132028,0.05107311555781234,0.9904480135249365,0.039796365141836904
2025-07,DR-AS normal,dras_normal,volume,70980,10162589.0,0.01482099915375615,0.006478650782330574,3.0924086583606885,0.200907288006172,0.9855234724143621,0.18801513318683705
2025-07,DR-AS normal,dras_normal,contract_balanced,70980,168.0,0.01482099915375615,0.006478650782330574,2.208811827663841,0.09116768125595541,0.9787868382991195,0.08237489521774513
2025-07,"Beta, no hurdle",beta_no_hurdle,equal,70980,70980.0,0.01482099915375615,0.006478650782330574,1.8726603211758988,0.051603265386612224,0.9902789518174131,0.04007987500334553
2025-07,"Beta, no hurdle",beta_no_hurdle,volume,70980,10162589.0,0.01482099915375615,0.006478650782330574,3.160012961341902,0.19920379895191276,0.9835131579167474,0.18194770654729364
2025-07,"Beta, no hurdle",beta_no_hurdle,contract_balanced,70980,168.0,0.01482099915375615,0.006478650782330574,2.2404059660008655,0.09232716304730469,0.9748496846063924,0.07758868722839618
2025-07,"Hurdle beta, post-hoc coherence",hurdle_posthoc,equal,70980,70980.0,0.01482099915375615,0.006478650782330574,7.036735916267375,0.05553049615368501,0.9386728655959423,0.026384512809177064
2025-07,"Hurdle beta, post-hoc coherence",hurdle_posthoc,volume,70980,10162589.0,0.01482099915375615,0.006478650782330574,3.5439548351448753,0.20770037485351941,0.9773643310774449,0.19028002264548055
2025-07,"Hurdle beta, post-hoc coherence",hurdle_posthoc,contract_balanced,70980,168.0,0.01482099915375615,0.006478650782330574,2.8003450525363496,0.09112525790758524,0.9695205158654124,0.07590432050550848
2025-07,MHB,mhb,equal,70980,70980.0,0.01482099915375615,0.006478650782330574,1.2033367435273787,0.05571487223226072,0.9428148774302618,0.02763512855138794
2025-07,MHB,mhb,volume,70980,10162589.0,0.01482099915375615,0.006478650782330574,2.8922030741548337,0.20879208373037858,0.9771988220718165,0.19133157657975602
2025-07,MHB,mhb,contract_balanced,70980,168.0,0.01482099915375615,0.006478650782330574,1.5980292098541597,0.09139560799682961,0.9699473962287395,0.07615805170583662
2025-08,DR normal,dr_normal,equal,83050,83050.0,0.014787028106906382,0.006469475469239424,2.395935351543545,0.04651211792705198,0.9926670680313066,0.029745380825231975
2025-08,DR normal,dr_normal,volume,83050,8394413.0,0.014787028106906382,0.006469475469239424,2.685802474636355,0.12938909639700796,0.9695088864462591,0.11692941586402719
2025-08,DR normal,dr_normal,contract_balanced,83050,177.0,0.014787028106906382,0.006469475469239424,2.505727561040603,0.07602670217507695,0.9777063518138221,0.05408071158701584
2025-08,DR-AS normal,dras_normal,equal,83050,83050.0,0.014787028106906382,0.006469475469239424,2.400649689566227,0.046798013023200094,0.9931246237206501,0.03024967037638271
2025-08,DR-AS normal,dras_normal,volume,83050,8394413.0,0.014787028106906382,0.006469475469239424,2.8272249112662533,0.1417692424941953,0.9931346003585957,0.13553649106153604
2025-08,DR-AS normal,dras_normal,contract_balanced,83050,177.0,0.014787028106906382,0.006469475469239424,2.712188863162668,0.0881847625816434,0.9893844030623816,0.0710866005530473
2025-08,"Beta, no hurdle",beta_no_hurdle,equal,83050,83050.0,0.014787028106906382,0.006469475469239424,2.4035546279621673,0.04683226044026076,0.9930162552679108,0.03022884766518144
2025-08,"Beta, no hurdle",beta_no_hurdle,volume,83050,8394413.0,0.014787028106906382,0.006469475469239424,2.786546620698782,0.13852964390553768,0.9815969264319018,0.13093331390959947
2025-08,"Beta, no hurdle",beta_no_hurdle,contract_balanced,83050,177.0,0.014787028106906382,0.006469475469239424,2.6387669920102352,0.08588356449918075,0.9861720466142678,0.06774208092877868
2025-08,"Hurdle beta, post-hoc coherence",hurdle_posthoc,equal,83050,83050.0,0.014787028106906382,0.006469475469239424,4.069685248081876,0.04567928373011053,0.9550030102347983,0.018048139097444918
2025-08,"Hurdle beta, post-hoc coherence",hurdle_posthoc,volume,83050,8394413.0,0.014787028106906382,0.006469475469239424,2.9096995393580003,0.14962542967844739,0.9868872308284091,0.14051864018221222
2025-08,"Hurdle beta, post-hoc coherence",hurdle_posthoc,contract_balanced,83050,177.0,0.014787028106906382,0.006469475469239424,2.2374734610015112,0.08360920094279496,0.9843687055499778,0.0644564425983142
2025-08,MHB,mhb,equal,83050,83050.0,0.014787028106906382,0.006469475469239424,1.5328216973811584,0.045840656280133285,0.9574111980734498,0.0189308183472119
2025-08,MHB,mhb,volume,83050,8394413.0,0.014787028106906382,0.006469475469239424,2.629262100496396,0.15032921958301335,0.9868163503511205,0.14126646958952555
2025-08,MHB,mhb,contract_balanced,83050,177.0,0.014787028106906382,0.006469475469239424,1.8774508622810018,0.08397750701774077,0.9843801108071955,0.06481845154021273
2025-09,DR normal,dr_normal,equal,81408,81408.0,0.01472722426197649,0.006447305928382376,3.0804456358875045,0.05962963685882437,0.9890674135220126,0.03389636536647368
2025-09,DR normal,dr_normal,volume,81408,10555568.0,0.01472722426197649,0.006447305928382376,3.0198360771828714,0.17465805545221716,0.9857339747136298,0.1667713857701064
2025-09,DR normal,dr_normal,contract_balanced,81408,176.0,0.01472722426197649,0.006447305928382376,10.87076039223793,0.2385690043421373,0.953215337222908,0.05722560458950797
2025-09,DR-AS normal,dras_normal,equal,81408,81408.0,0.01472722426197649,0.006447305928382376,3.0577048709081964,0.05964735656383583,0.9895464819182389,0.0343593259974527
2025-09,DR-AS normal,dras_normal,volume,81408,10555568.0,0.01472722426197649,0.006447305928382376,3.029405702927978,0.18131373369206422,0.9975920765230255,0.179192520211379
2025-09,DR-AS normal,dras_normal,contract_balanced,81408,176.0,0.01472722426197649,0.006447305928382376,9.057956112424943,0.22101508074408296,0.9826751248665602,0.0770068971413428
2025-09,"Beta, no hurdle",beta_no_hurdle,equal,81408,81408.0,0.01472722426197649,0.006447305928382376,3.0833724247750527,0.0600629983075618,0.9894482114779873,0.03471323430844625
2025-09,"Beta, no hurdle",beta_no_hurdle,volume,81408,10555568.0,0.01472722426197649,0.006447305928382376,2.9977595644443746,0.182225504460156,0.991477104784887,0.1787775497963633
2025-09,"Beta, no hurdle",beta_no_hurdle,contract_balanced,81408,176.0,0.01472722426197649,0.006447305928382376,7.2700612400347175,0.21839323493953675,0.9735656203035191,0.07221329512370005
2025-09,"Hurdle beta, post-hoc coherence",hurdle_posthoc,equal,81408,81408.0,0.01472722426197649,0.006447305928382376,5.551854205623941,0.057011918603197945,0.9560362617924528,0.020513204465429122
2025-09,"Hurdle beta, post-hoc coherence",hurdle_posthoc,volume,81408,10555568.0,0.01472722426197649,0.006447305928382376,4.79198647277227,0.20473128857994488,0.9851921753523827,0.19866488625722484
2025-09,"Hurdle beta, post-hoc coherence",hurdle_posthoc,contract_balanced,81408,176.0,0.01472722426197649,0.006447305928382376,6.469580514570264,0.21840695610316585,0.9701420650712409,0.07106856440501269
2025-09,MHB,mhb,equal,81408,81408.0,0.01472722426197649,0.006447305928382376,2.0151245695269155,0.05719866629254844,0.9580999410377359,0.021362209657671553
2025-09,MHB,mhb,volume,81408,10555568.0,0.01472722426197649,0.006447305928382376,2.653277072073141,0.20654775789299795,0.9859396481553622,0.20069176937076433
2025-09,MHB,mhb,contract_balanced,81408,176.0,0.01472722426197649,0.006447305928382376,5.23415603870763,0.21865924281809007,0.9668705308060968,0.07149731683799815
2025-10,DR normal,dr_normal,equal,91986,91986.0,0.014686101542048123,0.006429299767509929,2.4228363070313605,0.050697085927693,0.9919661687648117,0.03408667914277082
2025-10,DR normal,dr_normal,volume,91986,7824148.0,0.014686101542048123,0.006429299767509929,5.673154175425019,0.16680675241911513,0.9830187261283911,0.11643032478274905
2025-10,DR normal,dr_normal,contract_balanced,91986,296.0,0.014686101542048123,0.006429299767509929,3.0923848146060697,0.07400990866192948,0.9806830230706376,0.039722250813932214
2025-10,DR-AS normal,dras_normal,equal,91986,91986.0,0.014686101542048123,0.006429299767509929,2.4014908113416187,0.05048883625587399,0.9924336312047484,0.03449279174605239
2025-10,DR-AS normal,dras_normal,volume,91986,7824148.0,0.014686101542048123,0.006429299767509929,5.654592975820298,0.172010225099005,0.9904081569009175,0.1312114676688337
2025-10,DR-AS normal,dras_normal,contract_balanced,91986,296.0,0.014686101542048123,0.006429299767509929,2.5684275864768136,0.07267131215099815,0.9905792582994424,0.05227864702864403
2025-10,"Beta, no hurdle",beta_no_hurdle,equal,91986,91986.0,0.014686101542048123,0.006429299767509929,2.4005809021615345,0.05086958845823214,0.9924553736438151,0.03470731784194879
2025-10,"Beta, no hurdle",beta_no_hurdle,volume,91986,7824148.0,0.014686101542048123,0.006429299767509929,13.351366999942703,0.18620552460398934,0.9776798700638076,0.140363455791634
2025-10,"Beta, no hurdle",beta_no_hurdle,contract_balanced,91986,296.0,0.014686101542048123,0.006429299767509929,2.2405163763688054,0.07070771248724692,0.9892083803624819,0.04821953497265512
2025-10,"Hurdle beta, post-hoc coherence",hurdle_posthoc,equal,91986,91986.0,0.014686101542048123,0.006429299767509929,5.078535386610364,0.05056477484926587,0.9628421716348138,0.025071675183709764
2025-10,"Hurdle beta, post-hoc coherence",hurdle_posthoc,volume,91986,7824148.0,0.014686101542048123,0.006429299767509929,12.649125616220697,0.17086725120874052,0.9733866230546764,0.12519272885480381
2025-10,"Hurdle beta, post-hoc coherence",hurdle_posthoc,contract_balanced,91986,296.0,0.014686101542048123,0.006429299767509929,1.7844498257550738,0.07260320482866775,0.9852343705463494,0.05006153399955385
2025-10,MHB,mhb,equal,91986,91986.0,0.014686101542048123,0.006429299767509929,1.3086342642263697,0.05105411931879926,0.964820733589894,0.02621667250705223
2025-10,MHB,mhb,volume,91986,7824148.0,0.014686101542048123,0.006429299767509929,10.546657126018733,0.16877454990985025,0.9724407053649804,0.12314670351464214
2025-10,MHB,mhb,contract_balanced,91986,296.0,0.014686101542048123,0.006429299767509929,1.2220607410216873,0.07312221285871999,0.9846107510154019,0.05065033470344919
2025-11,DR normal,dr_normal,equal,93101,93101.0,0.014785802666560561,0.006441681983662252,1.6147885862489044,0.03659352423567147,0.9931150041352939,0.02478395117831215
2025-11,DR normal,dr_normal,volume,93101,6240928.0,0.014785802666560561,0.006441681983662252,2.3679177813382823,0.11896287809319012,0.940398447154013,0.06532185760190791
2025-11,DR normal,dr_normal,contract_balanced,93101,257.0,0.014785802666560561,0.006441681983662252,3.8850558571195424,0.09819878314816333,0.9784765622447898,0.042011489653455275
2025-11,DR-AS normal,dras_normal,equal,93101,93101.0,0.014785802666560561,0.006441681983662252,1.6197467725115589,0.03665519262914088,0.9937916885962556,0.025276432918236093
2025-11,DR-AS normal,dras_normal,volume,93101,6240928.0,0.014785802666560561,0.006441681983662252,2.565883360745616,0.11098088586463678,0.9802232937152937,0.0966621608612991
2025-11,DR-AS normal,dras_normal,contract_balanced,93101,257.0,0.014785802666560561,0.006441681983662252,2.8046659041913973,0.08530637500087085,0.9913610372523238,0.05580740464837798
2025-11,"Beta, no hurdle",beta_no_hurdle,equal,93101,93101.0,0.014785802666560561,0.006441681983662252,1.6271621630518156,0.03663127618892116,0.9938453937122048,0.025203378946558237
2025-11,"Beta, no hurdle",beta_no_hurdle,volume,93101,6240928.0,0.014785802666560561,0.006441681983662252,2.4011589211397535,0.10802619663625834,0.9783173271667291,0.0871823651988692
2025-11,"Beta, no hurdle",beta_no_hurdle,contract_balanced,93101,257.0,0.014785802666560561,0.006441681983662252,2.8155920154540373,0.08683015455486631,0.9903170201493852,0.05248459868855392
2025-11,"Hurdle beta, post-hoc coherence",hurdle_posthoc,equal,93101,93101.0,0.014785802666560561,0.006441681983662252,2.7499963035887394,0.03583306037307582,0.9729003984919602,0.016163395625505412
2025-11,"Hurdle beta, post-hoc coherence",hurdle_posthoc,volume,93101,6240928.0,0.014785802666560561,0.006441681983662252,1.9279788186536697,0.11365481671194622,0.9710672835834671,0.09173512214477686
2025-11,"Hurdle beta, post-hoc coherence",hurdle_posthoc,contract_balanced,93101,257.0,0.014785802666560561,0.006441681983662252,2.3392185261949034,0.08989153482550813,0.9856434717785564,0.054203596533643046
2025-11,MHB,mhb,equal,93101,93101.0,0.014785802666560561,0.006441681983662252,0.7951504289069182,0.035972848762938756,0.9745867391327696,0.016951666174636053
2025-11,MHB,mhb,volume,93101,6240928.0,0.014785802666560561,0.006441681983662252,1.828203670495733,0.11393076459728375,0.9742150526331981,0.09243883548197894
2025-11,MHB,mhb,contract_balanced,93101,257.0,0.014785802666560561,0.006441681983662252,1.7053127462642692,0.08987650516553425,0.9870508782708995,0.054479553356461694
2025-12,DR normal,dr_normal,equal,82288,82288.0,0.014808327938824903,0.006412775442297098,2.0252641061380787,0.04715408534323107,0.9910558040054442,0.029367164895273846
2025-12,DR normal,dr_normal,volume,82288,5882195.0,0.014808327938824903,0.006412775442297098,2.7058239033486866,0.09164233576918179,0.9650021803085412,0.05243212364866854
2025-12,DR normal,dr_normal,contract_balanced,82288,259.0,0.014808327938824903,0.006412775442297098,2.9166752216412704,0.07095666044086575,0.9849395860896586,0.04114007781483693
2025-12,DR-AS normal,dras_normal,equal,82288,82288.0,0.014808327938824903,0.006412775442297098,2.023918900364772,0.04731412765034934,0.9916269686953139,0.0299661773668844
2025-12,DR-AS normal,dras_normal,volume,82288,5882195.0,0.014808327938824903,0.006412775442297098,2.91686997907325,0.10644392585105177,0.9830581951125387,0.07975257822057062
2025-12,DR-AS normal,dras_normal,contract_balanced,82288,259.0,0.014808327938824903,0.006412775442297098,3.1536067952842965,0.0824518656767946,0.9910950762785404,0.05721532190661276
2025-12,"Beta, no hurdle",beta_no_hurdle,equal,82288,82288.0,0.014808327938824903,0.006412775442297098,2.2558851860847158,0.04759162687572158,0.9913839198911141,0.030065973532551027
2025-12,"Beta, no hurdle",beta_no_hurdle,volume,82288,5882195.0,0.014808327938824903,0.006412775442297098,3.8745087244210867,0.1014385774725367,0.979334075119917,0.07073192743044525
2025-12,"Beta, no hurdle",beta_no_hurdle,contract_balanced,82288,259.0,0.014808327938824903,0.006412775442297098,3.549110356360378,0.07976416012519685,0.9894992804703576,0.052936982485885936
2025-12,"Hurdle beta, post-hoc coherence",hurdle_posthoc,equal,82288,82288.0,0.014808327938824903,0.006412775442297098,3.594886689839258,0.048657965122152855,0.9651589539179466,0.020734319831852373
2025-12,"Hurdle beta, post-hoc coherence",hurdle_posthoc,volume,82288,5882195.0,0.014808327938824903,0.006412775442297098,3.001803085352606,0.1030452336594994,0.9677599943558485,0.0705338105967005
2025-12,"Hurdle beta, post-hoc coherence",hurdle_posthoc,contract_balanced,82288,259.0,0.014808327938824903,0.006412775442297098,3.94638424819584,0.07821113851633965,0.9816587185203777,0.05045727428437975
2025-12,MHB,mhb,equal,82288,82288.0,0.014808327938824903,0.006412775442297098,1.4186095733049897,0.04858360813359441,0.9671276492319657,0.02148499683221579
2025-12,MHB,mhb,volume,82288,5882195.0,0.014808327938824903,0.006412775442297098,2.638723616528087,0.10362538134600108,0.9681731054478813,0.07146161785722585
2025-12,MHB,mhb,contract_balanced,82288,259.0,0.014808327938824903,0.006412775442297098,2.494066465829478,0.07915455201666588,0.9822507223693613,0.051499921327540624
2026-01,DR normal,dr_normal,equal,76549,76549.0,0.014812488188962306,0.006382696329499984,2.191194429504237,0.06542673812002273,0.9903721799109069,0.04850695379862789
2026-01,DR normal,dr_normal,volume,76549,71608477.0,0.014812488188962306,0.006382696329499984,3.3577774452611426,0.25839415145698863,0.9585675450128622,0.19058980468520606
2026-01,DR normal,dr_normal,contract_balanced,76549,268.0,0.014812488188962306,0.006382696329499984,11.360465633706006,0.18185619122368107,0.9510043456158324,0.05821353303006492
2026-01,DR-AS normal,dras_normal,equal,76549,76549.0,0.014812488188962306,0.006382696329499984,2.1183054030350883,0.06505947205090098,0.9913388809781971,0.049663289635843585
2026-01,DR-AS normal,dras_normal,volume,76549,71608477.0,0.014812488188962306,0.006382696329499984,3.436526223088357,0.25304117396807496,0.9614844622376204,0.20617686899231152
2026-01,DR-AS normal,dras_normal,contract_balanced,76549,268.0,0.014812488188962306,0.006382696329499984,4.249960199382651,0.16246927901481228,0.9751933723709902,0.07718101635785565
2026-01,"Beta, no hurdle",beta_no_hurdle,equal,76549,76549.0,0.014812488188962306,0.006382696329499984,2.2160470951819295,0.06553499156494362,0.9906465139975703,0.0496712685028972
2026-01,"Beta, no hurdle",beta_no_hurdle,volume,76549,71608477.0,0.014812488188962306,0.006382696329499984,10.320441596376297,0.25754414764417655,0.9445078408803471,0.20171164535211153
2026-01,"Beta, no hurdle",beta_no_hurdle,contract_balanced,76549,268.0,0.014812488188962306,0.006382696329499984,6.349283002606215,0.16659008841849476,0.9682977152549057,0.0704598949635537
2026-01,"Hurdle beta, post-hoc coherence",hurdle_posthoc,equal,76549,76549.0,0.014812488188962306,0.006382696329499984,6.521634392517972,0.06307651034365946,0.9498099256685262,0.0320001351269843
2026-01,"Hurdle beta, post-hoc coherence",hurdle_posthoc,volume,76549,71608477.0,0.014812488188962306,0.006382696329499984,14.494381208656064,0.2601180804568705,0.9481403158455666,0.21566276899022907
2026-01,"Hurdle beta, post-hoc coherence",hurdle_posthoc,contract_balanced,76549,268.0,0.014812488188962306,0.006382696329499984,6.61390497782327,0.16711565607126794,0.9619790479710504,0.0692957419411628
2026-01,MHB,mhb,equal,76549,76549.0,0.014812488188962306,0.006382696329499984,1.3668318977342762,0.06308068013797001,0.9522789324484973,0.03307194440932813
2026-01,MHB,mhb,volume,76549,71608477.0,0.014812488188962306,0.006382696329499984,9.964456402087693,0.26076720328445474,0.9482352627050007,0.21815868877056063
2026-01,MHB,mhb,contract_balanced,76549,268.0,0.014812488188962306,0.006382696329499984,5.262364661416548,0.1677895776990384,0.9622175958837795,0.069987127233058
2026-02,DR normal,dr_normal,equal,43485,43485.0,0.014689167159268516,0.006277085016495091,2.661942398406468,0.07334711363625801,0.9836725307577328,0.0528757494975326
2026-02,DR normal,dr_normal,volume,43485,18905217.0,0.014689167159268516,0.006277085016495091,1.3617744090670483,0.04092318911167203,0.9867420723073423,0.037543976140904496
2026-02,DR normal,dr_normal,contract_balanced,43485,245.0,0.014689167159268516,0.006277085016495091,2.1855954365636645,0.09529565464979334,0.9514476047977236,0.0527889200676738
2026-02,DR-AS normal,dras_normal,equal,43485,43485.0,0.014689167159268516,0.006277085016495091,2.6389873361471667,0.07349083566346554,0.985144302633092,0.05429342622848161
2026-02,DR-AS normal,dras_normal,volume,43485,18905217.0,0.014689167159268516,0.006277085016495091,1.7653333862405558,0.05109582555367506,0.9982914768976203,0.05014868260641094
2026-02,DR-AS normal,dras_normal,contract_balanced,43485,245.0,0.014689167159268516,0.006277085016495091,2.22277480173654,0.08538660051382405,0.9748630638887823,0.06652641026417712
2026-02,"Beta, no hurdle",beta_no_hurdle,equal,43485,43485.0,0.014689167159268516,0.006277085016495091,3.0406922139936525,0.07366454982708501,0.9847763596642523,0.05409980762930131
2026-02,"Beta, no hurdle",beta_no_hurdle,volume,43485,18905217.0,0.014689167159268516,0.006277085016495091,2.3796733458473893,0.046748927309672936,0.9961082700082204,0.04543693307819034
2026-02,"Beta, no hurdle",beta_no_hurdle,contract_balanced,43485,245.0,0.014689167159268516,0.006277085016495091,5.74343923914256,0.08729515439865707,0.9656935255070208,0.06366191728400167
2026-02,"Hurdle beta, post-hoc coherence",hurdle_posthoc,equal,43485,43485.0,0.014689167159268516,0.006277085016495091,7.842539477044272,0.0720725213861127,0.933172358284466,0.03226607211022578
2026-02,"Hurdle beta, post-hoc coherence",hurdle_posthoc,volume,43485,18905217.0,0.014689167159268516,0.006277085016495091,1.816885444476917,0.04369948970650154,0.9865723836970504,0.03980470067013736
2026-02,"Hurdle beta, post-hoc coherence",hurdle_posthoc,contract_balanced,43485,245.0,0.014689167159268516,0.006277085016495091,6.451854136200788,0.09155166851563984,0.9569803281098289,0.06121949279447853
2026-02,MHB,mhb,equal,43485,43485.0,0.014689167159268516,0.006277085016495091,2.1219629560615703,0.07235597101900385,0.93560998045303,0.03338058847378279
2026-02,MHB,mhb,volume,43485,18905217.0,0.014689167159268516,0.006277085016495091,1.5744850651333437,0.043591809644550616,0.9867961843548265,0.03978277361479306
2026-02,MHB,mhb,contract_balanced,43485,245.0,0.014689167159268516,0.006277085016495091,5.007464970704255,0.09123418633712609,0.9584382536614439,0.0622542402574826
2026-03,DR normal,dr_normal,equal,58325,58325.0,0.014643393742195003,0.00616344120200735,5.6999235676821485,0.1454897936439703,0.9578739819974285,0.05518995960696126
2026-03,DR normal,dr_normal,volume,58325,170556435.0,0.014643393742195003,0.00616344120200735,2.9784538890162064,0.0783932897991129,0.9660543209642016,0.045391312814563566
2026-03,DR normal,dr_normal,contract_balanced,58325,283.0,0.014643393742195003,0.00616344120200735,14.939184325240102,0.3690515003654887,0.9143376869531972,0.06033770692949317
2026-03,DR-AS normal,dras_normal,equal,58325,58325.0,0.014643393742195003,0.00616344120200735,5.317487225220346,0.14151767082559025,0.9616973853407633,0.05828798796059724
2026-03,DR-AS normal,dras_normal,volume,58325,170556435.0,0.014643393742195003,0.00616344120200735,2.3770962571935406,0.08519365954342238,0.984480667645287,0.06074873067644797
2026-03,DR-AS normal,dras_normal,contract_balanced,58325,283.0,0.014643393742195003,0.00616344120200735,7.512688079275594,0.28320702775691475,0.9467126074529983,0.08192807699305671
2026-03,"Beta, no hurdle",beta_no_hurdle,equal,58325,58325.0,0.014643393742195003,0.00616344120200735,5.047766099134277,0.14296421311672824,0.9598285469352769,0.0573435630636105
2026-03,"Beta, no hurdle",beta_no_hurdle,volume,58325,170556435.0,0.014643393742195003,0.00616344120200735,2.2772639517679223,0.08254083595956029,0.9816777068540392,0.05577984238030894
2026-03,"Beta, no hurdle",beta_no_hurdle,contract_balanced,58325,283.0,0.014643393742195003,0.00616344120200735,6.3284563343495694,0.3087701335737007,0.935428900147407,0.07457672813128434
2026-03,"Hurdle beta, post-hoc coherence",hurdle_posthoc,equal,58325,58325.0,0.014643393742195003,0.00616344120200735,8.684823337506794,0.15135087939466804,0.8919845692241752,0.036457814545196386
2026-03,"Hurdle beta, post-hoc coherence",hurdle_posthoc,volume,58325,170556435.0,0.014643393742195003,0.00616344120200735,1.1923524364508986,0.08274781416676227,0.9709463498108412,0.05596248083082128
2026-03,"Hurdle beta, post-hoc coherence",hurdle_posthoc,contract_balanced,58325,283.0,0.014643393742195003,0.00616344120200735,5.228573086868488,0.3078587204157104,0.9262469823407848,0.0722833132910134
2026-03,MHB,mhb,equal,58325,58325.0,0.014643393742195003,0.00616344120200735,3.522231534426175,0.15073428486596985,0.8947621088726964,0.037257869602503664
2026-03,MHB,mhb,volume,58325,170556435.0,0.014643393742195003,0.00616344120200735,1.125846032578662,0.08196770781879191,0.9707049575702025,0.05524719080407869
2026-03,MHB,mhb,contract_balanced,58325,283.0,0.014643393742195003,0.00616344120200735,4.502000898795828,0.30786939245888717,0.9270375953730661,0.07305994607940598
2026-04,DR normal,dr_normal,equal,34576,34576.0,0.01595295488959475,0.005551655623461649,3.2290449542770356,0.10441782551522732,0.9739993058769087,0.07460912584550985
2026-04,DR normal,dr_normal,volume,34576,57097953.51,0.01595295488959475,0.005551655623461649,3.969080544176114,0.4405015672007602,0.978545861371626,0.3040689884304553
2026-04,DR normal,dr_normal,contract_balanced,34576,148.0,0.01595295488959475,0.005551655623461649,2.9000800835234344,0.1476888790818791,0.9771167832477882,0.1174386367537758
2026-04,DR-AS normal,dras_normal,equal,34576,34576.0,0.01595295488959475,0.005551655623461649,3.1071910551055666,0.10336882385894047,0.975416473854697,0.0756829777899537
2026-04,DR-AS normal,dras_normal,volume,34576,57097953.51,0.01595295488959475,0.005551655623461649,3.9479067202699074,0.433186769286463,0.9786957352195301,0.31204986765167786
2026-04,DR-AS normal,dras_normal,contract_balanced,34576,148.0,0.01595295488959475,0.005551655623461649,2.803203337014251,0.14745527984352108,0.9829295560496604,0.12490997405517965
2026-04,"Beta, no hurdle",beta_no_hurdle,equal,34576,34576.0,0.01595295488959475,0.005551655623461649,3.0283361462538037,0.10476389595135904,0.9750983341045814,0.0765525291205354
2026-04,"Beta, no hurdle",beta_no_hurdle,volume,34576,57097953.51,0.01595295488959475,0.005551655623461649,4.243438493472541,0.43964928458763636,0.9787192796710799,0.306049268726928
2026-04,"Beta, no hurdle",beta_no_hurdle,contract_balanced,34576,148.0,0.01595295488959475,0.005551655623461649,2.8362265715309265,0.15401418025565128,0.983811843386453,0.12776482256256225
2026-04,"Hurdle beta, post-hoc coherence",hurdle_posthoc,equal,34576,34576.0,0.01595295488959475,0.005551655623461649,19.364812397032782,0.12170607110755222,0.8374305876908839,0.04248080835702979
2026-04,"Hurdle beta, post-hoc coherence",hurdle_posthoc,volume,34576,57097953.51,0.01595295488959475,0.005551655623461649,3.914776780431351,0.4777789830008545,0.9760993980325233,0.34662247860135736
2026-04,"Hurdle beta, post-hoc coherence",hurdle_posthoc,contract_balanced,34576,148.0,0.01595295488959475,0.005551655623461649,19.27845660160436,0.16497424958284782,0.9433825079848546,0.12333354607716257
2026-04,MHB,mhb,equal,34576,34576.0,0.01595295488959475,0.005551655623461649,2.754915657716949,0.12111763346931947,0.843937991670523,0.04450697211809075
2026-04,MHB,mhb,volume,34576,57097953.51,0.01595295488959475,0.005551655623461649,3.1135865772712177,0.4806703255128302,0.976391265586009,0.35024847605986176
2026-04,MHB,mhb,contract_balanced,34576,148.0,0.01595295488959475,0.005551655623461649,2.3265365762638277,0.16647639874149578,0.9469298577831006,0.12635358596628363
