month,model,model_slug,weighting,n,weight_sum,k_original,k_mhb,negative_log_score,interval_score,coverage,width
2022-03,DR normal,dr_normal,equal,1921,1921.0,0.07487466384170889,0.036064935721810396,10.313115918048043,0.15213533611315422,0.9463820926600728,0.025612165236816045
2022-03,DR normal,dr_normal,volume,1921,266251.0,0.07487466384170889,0.036064935721810396,6.590971130596163,0.0966454579255908,0.9422800289951965,0.041237832324428764
2022-03,DR normal,dr_normal,contract_balanced,1921,54.0,0.07487466384170889,0.036064935721810396,11.287550272634526,0.25571422179229686,0.8532729947092141,0.026366691371617335
2022-03,DR-AS normal,dras_normal,equal,1921,1921.0,0.07487466384170889,0.036064935721810396,9.395245538954772,0.1469977208580529,0.9614783966684018,0.0325152358288114
2022-03,DR-AS normal,dras_normal,volume,1921,266251.0,0.07487466384170889,0.036064935721810396,2.7542706739317104,0.11673257826512155,0.9842291672143955,0.09796467584074006
2022-03,DR-AS normal,dras_normal,contract_balanced,1921,54.0,0.07487466384170889,0.036064935721810396,4.291983679662725,0.1939346690766417,0.9226345823565167,0.05808076192096488
2022-03,"Beta, no hurdle",beta_no_hurdle,equal,1921,1921.0,0.07487466384170889,0.036064935721810396,9.682014392667604,0.14752252652994136,0.9583550234252993,0.029683077940671553
2022-03,"Beta, no hurdle",beta_no_hurdle,volume,1921,266251.0,0.07487466384170889,0.036064935721810396,2.6680525408154105,0.10357604101115758,0.9642930918569321,0.07609618266407847
2022-03,"Beta, no hurdle",beta_no_hurdle,contract_balanced,1921,54.0,0.07487466384170889,0.036064935721810396,4.2926637969933354,0.20927957205528588,0.9034174739013907,0.04585167010981097
2022-03,"Hurdle beta, post-hoc coherence",hurdle_posthoc,equal,1921,1921.0,0.07487466384170889,0.036064935721810396,5.049982448552733,0.14757958999411575,0.9640812077043206,0.035670215315870286
2022-03,"Hurdle beta, post-hoc coherence",hurdle_posthoc,volume,1921,266251.0,0.07487466384170889,0.036064935721810396,2.102633530135228,0.10527984606444535,0.980469556921852,0.08472725366830405
2022-03,"Hurdle beta, post-hoc coherence",hurdle_posthoc,contract_balanced,1921,54.0,0.07487466384170889,0.036064935721810396,2.3168029715338663,0.19549727273401676,0.9136714096847007,0.05622798131389993
2022-03,MHB,mhb,equal,1921,1921.0,0.07487466384170889,0.036064935721810396,5.050022502031151,0.1475750318859912,0.9640812077043206,0.035667202091650474
2022-03,MHB,mhb,volume,1921,266251.0,0.07487466384170889,0.036064935721810396,2.102743465464899,0.10527382601805839,0.980469556921852,0.0847239241400686
2022-03,MHB,mhb,contract_balanced,1921,54.0,0.07487466384170889,0.036064935721810396,2.3174231840077963,0.1954889057194784,0.9136714096847007,0.05622871487209491
2022-04,DR normal,dr_normal,equal,5063,5063.0,0.06890482291379174,0.02737576985514464,10.494766622919165,0.1971709255955909,0.9286984001580092,0.03671170508021615
2022-04,DR normal,dr_normal,volume,5063,334320.0,0.06890482291379174,0.02737576985514464,4.504358977206008,0.13012447141107933,0.9190087341469251,0.044877347204682415
2022-04,DR normal,dr_normal,contract_balanced,5063,103.0,0.06890482291379174,0.02737576985514464,13.986644481448405,0.24311384585406506,0.9003893133035206,0.029821810164658485
2022-04,DR-AS normal,dras_normal,equal,5063,5063.0,0.06890482291379174,0.02737576985514464,10.510684583570205,0.19765005610946768,0.9334386727236816,0.04050621032856287
2022-04,DR-AS normal,dras_normal,volume,5063,334320.0,0.06890482291379174,0.02737576985514464,4.6897525455998315,0.12445308690155893,0.9814967695620962,0.09805407365831584
2022-04,DR-AS normal,dras_normal,contract_balanced,5063,103.0,0.06890482291379174,0.02737576985514464,14.26533207571187,0.24929866586697066,0.9355777561059689,0.05642494849024124
2022-04,"Beta, no hurdle",beta_no_hurdle,equal,5063,5063.0,0.06890482291379174,0.02737576985514464,9.905780699628819,0.19674183386522962,0.9336361840805847,0.038535562374245325
2022-04,"Beta, no hurdle",beta_no_hurdle,volume,5063,334320.0,0.06890482291379174,0.02737576985514464,4.496090708927861,0.11689374971148142,0.9584798994974874,0.07386414528335965
2022-04,"Beta, no hurdle",beta_no_hurdle,contract_balanced,5063,103.0,0.06890482291379174,0.02737576985514464,13.37098492578361,0.24266990760920507,0.9345766347543076,0.04418615737928765
2022-04,"Hurdle beta, post-hoc coherence",hurdle_posthoc,equal,5063,5063.0,0.06890482291379174,0.02737576985514464,6.3703073740243745,0.1967995050632063,0.9494370926328264,0.048710754738617995
2022-04,"Hurdle beta, post-hoc coherence",hurdle_posthoc,volume,5063,334320.0,0.06890482291379174,0.02737576985514464,4.114256037360993,0.11656747721158839,0.9611779133764059,0.085018877629525
2022-04,"Hurdle beta, post-hoc coherence",hurdle_posthoc,contract_balanced,5063,103.0,0.06890482291379174,0.02737576985514464,9.821310743838302,0.2420615383656512,0.953151014625636,0.05346615664959382
2022-04,MHB,mhb,equal,5063,5063.0,0.06890482291379174,0.02737576985514464,6.366815517653102,0.19681417341369153,0.9494370926328264,0.04873463050502199
2022-04,MHB,mhb,volume,5063,334320.0,0.06890482291379174,0.02737576985514464,4.114123418442772,0.11656666480517405,0.9611779133764059,0.08506744857078836
2022-04,MHB,mhb,contract_balanced,5063,103.0,0.06890482291379174,0.02737576985514464,9.81048509455184,0.242056370048763,0.953151014625636,0.053490662204138936
2022-05,DR normal,dr_normal,equal,6964,6964.0,0.08565121668206788,0.03363646600972423,7.450440902703779,0.14102502316888807,0.9473004020677771,0.04907768916328442
2022-05,DR normal,dr_normal,volume,6964,481666.0,0.08565121668206788,0.03363646600972423,11.91582387417874,0.3056977721818447,0.8926642112999466,0.09748588867741569
2022-05,DR normal,dr_normal,contract_balanced,6964,132.0,0.08565121668206788,0.03363646600972423,22.286100606051416,0.31432840498839376,0.8465899819578608,0.038046633844748365
2022-05,DR-AS normal,dras_normal,equal,6964,6964.0,0.08565121668206788,0.03363646600972423,6.528607474458642,0.13886755127359032,0.9524698449167146,0.05316706905084153
2022-05,DR-AS normal,dras_normal,volume,6964,481666.0,0.08565121668206788,0.03363646600972423,3.685823398915267,0.2854733472661254,0.9696241794106288,0.15249529921912647
2022-05,DR-AS normal,dras_normal,contract_balanced,6964,132.0,0.08565121668206788,0.03363646600972423,4.523585847550731,0.27065752767435286,0.91294286463133,0.0706413491585727
2022-05,"Beta, no hurdle",beta_no_hurdle,equal,6964,6964.0,0.08565121668206788,0.03363646600972423,6.41717600240722,0.13990573064698528,0.9498851234922459,0.051721678731358085
2022-05,"Beta, no hurdle",beta_no_hurdle,volume,6964,481666.0,0.08565121668206788,0.03363646600972423,3.767583258299037,0.285053551409019,0.9520767502792391,0.12724242116970028
2022-05,"Beta, no hurdle",beta_no_hurdle,contract_balanced,6964,132.0,0.08565121668206788,0.03363646600972423,5.474090965801948,0.28333855685077375,0.8864922606244097,0.05603111760982833
2022-05,"Hurdle beta, post-hoc coherence",hurdle_posthoc,equal,6964,6964.0,0.08565121668206788,0.03363646600972423,2.1244331123547204,0.14334499821505162,0.9510338885697874,0.06025949841938533
2022-05,"Hurdle beta, post-hoc coherence",hurdle_posthoc,volume,6964,481666.0,0.08565121668206788,0.03363646600972423,2.5698063589230253,0.28928043763645156,0.9614919882242052,0.14400784913162964
2022-05,"Hurdle beta, post-hoc coherence",hurdle_posthoc,contract_balanced,6964,132.0,0.08565121668206788,0.03363646600972423,2.769798059685715,0.27559762302299573,0.8981535361420904,0.06528502741599379
2022-05,MHB,mhb,equal,6964,6964.0,0.08565121668206788,0.03363646600972423,2.1217494727317616,0.14359060682023095,0.9510338885697874,0.06065477152610179
2022-05,MHB,mhb,volume,6964,481666.0,0.08565121668206788,0.03363646600972423,2.568100721298002,0.2891879532749266,0.9614919882242052,0.14393215508068796
2022-05,MHB,mhb,contract_balanced,6964,132.0,0.08565121668206788,0.03363646600972423,2.770115170295383,0.27566759884731434,0.8981535361420904,0.06530056936219725
2022-06,DR normal,dr_normal,equal,8235,8235.0,0.19360210974053918,0.08979718827576168,4.343464621944684,0.08384339557075858,0.9513054037644204,0.04301971603302013
2022-06,DR normal,dr_normal,volume,8235,756758.0,0.19360210974053918,0.08979718827576168,21.301957576678717,0.6139149801712627,0.8058269618557055,0.0677243077307646
2022-06,DR normal,dr_normal,contract_balanced,8235,138.0,0.19360210974053918,0.08979718827576168,33.29239663582238,0.29133920806917185,0.8088025566793691,0.03820261626260177
2022-06,DR-AS normal,dras_normal,equal,8235,8235.0,0.19360210974053918,0.08979718827576168,3.098770328719506,0.07942256396628838,0.9645415907710992,0.053189925713619385
2022-06,DR-AS normal,dras_normal,volume,8235,756758.0,0.19360210974053918,0.08979718827576168,5.191024220390299,0.250785373254331,0.9391549213883434,0.1838455394104529
2022-06,DR-AS normal,dras_normal,contract_balanced,8235,138.0,0.19360210974053918,0.08979718827576168,3.003494652910699,0.15690544602296358,0.9362166246660173,0.11287721649525863
2022-06,"Beta, no hurdle",beta_no_hurdle,equal,8235,8235.0,0.19360210974053918,0.08979718827576168,2.94569602070045,0.07870210891772408,0.9628415300546451,0.04947677880801339
2022-06,"Beta, no hurdle",beta_no_hurdle,volume,8235,756758.0,0.19360210974053918,0.08979718827576168,5.185491967328108,0.3141285511088968,0.8900018235684327,0.14094811217202238
2022-06,"Beta, no hurdle",beta_no_hurdle,contract_balanced,8235,138.0,0.19360210974053918,0.08979718827576168,2.9779699319936936,0.18261445773019497,0.9235215427512473,0.08700449868827749
2022-06,"Hurdle beta, post-hoc coherence",hurdle_posthoc,equal,8235,8235.0,0.19360210974053918,0.08979718827576168,1.3402533036274633,0.08392957165124403,0.9726775956284155,0.06024758237723808
2022-06,"Hurdle beta, post-hoc coherence",hurdle_posthoc,volume,8235,756758.0,0.19360210974053918,0.08979718827576168,2.970812868810453,0.2821737568535492,0.9376934237893753,0.16077731160266912
2022-06,"Hurdle beta, post-hoc coherence",hurdle_posthoc,contract_balanced,8235,138.0,0.19360210974053918,0.08979718827576168,2.0706615385508402,0.17398685858807028,0.9325526188255889,0.10168866600624671
2022-06,MHB,mhb,equal,8235,8235.0,0.19360210974053918,0.08979718827576168,1.3406881499559842,0.08404677765150312,0.9725561627200974,0.060348711671246495
2022-06,MHB,mhb,volume,8235,756758.0,0.19360210974053918,0.08979718827576168,2.9734531219205036,0.28226784544030453,0.9376934237893753,0.16102948944137446
2022-06,MHB,mhb,contract_balanced,8235,138.0,0.19360210974053918,0.08979718827576168,2.0726280754831943,0.17401784610630283,0.9325526188255889,0.10179636723951457
2022-07,DR normal,dr_normal,equal,11238,11238.0,0.21915151634023244,0.10861541941634924,2.6373793936203276,0.07345069886584685,0.9599572877736251,0.04444077755646468
2022-07,DR normal,dr_normal,volume,11238,1209156.0,0.21915151634023244,0.10861541941634924,6.207827328799225,0.2600008121238097,0.8679095170515633,0.0945746610570887
2022-07,DR normal,dr_normal,contract_balanced,11238,121.0,0.21915151634023244,0.10861541941634924,2.638253340089634,0.08790434132043845,0.9190425748560185,0.045522616926003664
2022-07,DR-AS normal,dras_normal,equal,11238,11238.0,0.21915151634023244,0.10861541941634924,2.3255138247583327,0.07288220178862204,0.9712582310019575,0.05513924304707628
2022-07,DR-AS normal,dras_normal,volume,11238,1209156.0,0.21915151634023244,0.10861541941634924,3.4040934516985786,0.2310242139904445,0.9761337660318437,0.20369933095384324
2022-07,DR-AS normal,dras_normal,contract_balanced,11238,121.0,0.21915151634023244,0.10861541941634924,2.4988175758639475,0.11875515948704812,0.993525064791517,0.116329069743156
2022-07,"Beta, no hurdle",beta_no_hurdle,equal,11238,11238.0,0.21915151634023244,0.10861541941634924,2.5267552292795834,0.07191540461981094,0.969211603488165,0.051841480650845415
2022-07,"Beta, no hurdle",beta_no_hurdle,volume,11238,1209156.0,0.21915151634023244,0.10861541941634924,6.02154437992717,0.22039624192990276,0.9628749309435671,0.1695623822913212
2022-07,"Beta, no hurdle",beta_no_hurdle,contract_balanced,11238,121.0,0.21915151634023244,0.10861541941634924,2.5121402924378247,0.10403485188751137,0.9817071318357056,0.0965758371865595
2022-07,"Hurdle beta, post-hoc coherence",hurdle_posthoc,equal,11238,11238.0,0.21915151634023244,0.10861541941634924,1.2952472355332816,0.07669202647185432,0.9748175831998576,0.06052173592791941
2022-07,"Hurdle beta, post-hoc coherence",hurdle_posthoc,volume,11238,1209156.0,0.21915151634023244,0.10861541941634924,5.545766093253366,0.2306697864910932,0.9670861328066851,0.19010133970283247
2022-07,"Hurdle beta, post-hoc coherence",hurdle_posthoc,contract_balanced,11238,121.0,0.21915151634023244,0.10861541941634924,1.5346465840648902,0.11222120881445298,0.9839437862479676,0.10700465064440444
2022-07,MHB,mhb,equal,11238,11238.0,0.21915151634023244,0.10861541941634924,1.294708545398629,0.07689070684204977,0.9751735184196475,0.06078093433075813
2022-07,MHB,mhb,volume,11238,1209156.0,0.21915151634023244,0.10861541941634924,5.5454062378798525,0.23089049698112624,0.9670861328066851,0.19029861028953074
2022-07,MHB,mhb,contract_balanced,11238,121.0,0.21915151634023244,0.10861541941634924,1.5360010952050553,0.1125988437167322,0.9839437862479676,0.10732875048518747
2022-08,DR normal,dr_normal,equal,9741,9741.0,0.18087350696600218,0.08764295398164061,2.35780658265434,0.06615745740587876,0.9767990966019916,0.04231421159740223
2022-08,DR normal,dr_normal,volume,9741,610545.0,0.18087350696600218,0.08764295398164061,3.0959512787549084,0.13345959268242955,0.9505933223595313,0.0793672676526749
2022-08,DR normal,dr_normal,contract_balanced,9741,113.0,0.18087350696600218,0.08764295398164061,3.6190015709164225,0.08521606244149206,0.9565800589568441,0.04151927547589719
2022-08,DR-AS normal,dras_normal,equal,9741,9741.0,0.18087350696600218,0.08764295398164061,2.40701010484693,0.06964476467999764,0.9810081100503029,0.04914918877592063
2022-08,DR-AS normal,dras_normal,volume,9741,610545.0,0.18087350696600218,0.08764295398164061,3.519220408987619,0.17023171072519389,0.9937203645922905,0.15622987779358896
2022-08,DR-AS normal,dras_normal,contract_balanced,9741,113.0,0.18087350696600218,0.08764295398164061,4.087207258858568,0.11307385634349569,0.9872080811351042,0.08704777390130122
2022-08,"Beta, no hurdle",beta_no_hurdle,equal,9741,9741.0,0.18087350696600218,0.08764295398164061,2.286967097563339,0.06779470381509105,0.9791602504876297,0.046597618301867386
2022-08,"Beta, no hurdle",beta_no_hurdle,volume,9741,610545.0,0.18087350696600218,0.08764295398164061,3.3416186963119907,0.14878935325414316,0.9780802397857653,0.12743310991594703
2022-08,"Beta, no hurdle",beta_no_hurdle,contract_balanced,9741,113.0,0.18087350696600218,0.08764295398164061,3.9254495851473297,0.10025281203553285,0.9794692577129918,0.07088884486998467
2022-08,"Hurdle beta, post-hoc coherence",hurdle_posthoc,equal,9741,9741.0,0.18087350696600218,0.08764295398164061,1.276355861328185,0.07308772413213571,0.9772097320603634,0.052298555409589984
2022-08,"Hurdle beta, post-hoc coherence",hurdle_posthoc,volume,9741,610545.0,0.18087350696600218,0.08764295398164061,2.5817450384229295,0.16046972180809393,0.9897042806017573,0.1438320948424729
2022-08,"Hurdle beta, post-hoc coherence",hurdle_posthoc,contract_balanced,9741,113.0,0.18087350696600218,0.08764295398164061,1.7948168160865912,0.109787286435616,0.9743067654915887,0.08020778358587168
2022-08,MHB,mhb,equal,9741,9741.0,0.18087350696600218,0.08764295398164061,1.273253653648153,0.07318136291538868,0.9776203675187353,0.05251120524381261
2022-08,MHB,mhb,volume,9741,610545.0,0.18087350696600218,0.08764295398164061,2.5821274450309417,0.16060573134825998,0.9897042806017573,0.14395777026499473
2022-08,MHB,mhb,contract_balanced,9741,113.0,0.18087350696600218,0.08764295398164061,1.7950870263411467,0.10991800628102788,0.9743067654915887,0.08031808015207523
2022-09,DR normal,dr_normal,equal,6826,6826.0,0.17905283189330745,0.08429033862848057,4.147842411052783,0.08574071114073324,0.9434515089364196,0.03884493847401989
2022-09,DR normal,dr_normal,volume,6826,1034142.0,0.17905283189330745,0.08429033862848057,10.217615652229476,0.16526955582467365,0.8621127466053985,0.05479220694568364
2022-09,DR normal,dr_normal,contract_balanced,6826,106.0,0.17905283189330745,0.08429033862848057,5.704009441084286,0.10706201657019099,0.9292018151049585,0.046191792568502324
2022-09,DR-AS normal,dras_normal,equal,6826,6826.0,0.17905283189330745,0.08429033862848057,3.4219102295797184,0.08390997310004429,0.9572223849985351,0.04807846810947522
2022-09,DR-AS normal,dras_normal,volume,6826,1034142.0,0.17905283189330745,0.08429033862848057,3.391054567693694,0.1642422995077062,0.9804552953076077,0.13659898572864757
2022-09,DR-AS normal,dras_normal,contract_balanced,6826,106.0,0.17905283189330745,0.08429033862848057,2.4750191461737314,0.11470891490497619,0.9860161688866143,0.09969416161141581
2022-09,"Beta, no hurdle",beta_no_hurdle,equal,6826,6826.0,0.17905283189330745,0.08429033862848057,3.5258925316063747,0.08277000456782714,0.956196894227952,0.04481450825328316
2022-09,"Beta, no hurdle",beta_no_hurdle,volume,6826,1034142.0,0.17905283189330745,0.08429033862848057,3.2700572236221532,0.14862744399441885,0.9744271096232432,0.10909245030784073
2022-09,"Beta, no hurdle",beta_no_hurdle,contract_balanced,6826,106.0,0.17905283189330745,0.08429033862848057,2.309104504799346,0.10482517809901136,0.9814718020906358,0.08258006022713485
2022-09,"Hurdle beta, post-hoc coherence",hurdle_posthoc,equal,6826,6826.0,0.17905283189330745,0.08429033862848057,1.6041149433282453,0.08638493045727709,0.9482859654263112,0.04853255137805889
2022-09,"Hurdle beta, post-hoc coherence",hurdle_posthoc,volume,6826,1034142.0,0.17905283189330745,0.08429033862848057,2.915825740760339,0.1541285653672914,0.9781113232031965,0.12020218712295999
2022-09,"Hurdle beta, post-hoc coherence",hurdle_posthoc,contract_balanced,6826,106.0,0.17905283189330745,0.08429033862848057,1.6193677606551131,0.1070682781302858,0.9827557410135499,0.08822413499912736
2022-09,MHB,mhb,equal,6826,6826.0,0.17905283189330745,0.08429033862848057,1.6017694061443402,0.08638007099954383,0.9494579548784061,0.04868802636884595
2022-09,MHB,mhb,volume,6826,1034142.0,0.17905283189330745,0.08429033862848057,2.916330355608938,0.15440665356612787,0.9781113232031965,0.12040639836973643
2022-09,MHB,mhb,contract_balanced,6826,106.0,0.17905283189330745,0.08429033862848057,1.6161308764667768,0.10831342766567385,0.9827557410135499,0.08943297792042881
2022-10,DR normal,dr_normal,equal,3406,3406.0,0.16260744691685203,0.07973712927823594,3.287913149656714,0.09468732670245966,0.9489136817381094,0.06035479512870351
2022-10,DR normal,dr_normal,volume,3406,502302.0,0.16260744691685203,0.07973712927823594,2.5342776080218057,0.1110523675892727,0.9300560220743697,0.06962853256225675
2022-10,DR normal,dr_normal,contract_balanced,3406,78.0,0.16260744691685203,0.07973712927823594,5.085574063877457,0.10325748410670242,0.9040928468508902,0.049667676314059654
2022-10,DR-AS normal,dras_normal,equal,3406,3406.0,0.16260744691685203,0.07973712927823594,3.3082600061564866,0.09847712029120548,0.9630064591896654,0.07294339222930477
2022-10,DR-AS normal,dras_normal,volume,3406,502302.0,0.16260744691685203,0.07973712927823594,2.960688150159642,0.155938016846022,0.9927931801983667,0.1492584261145606
2022-10,DR-AS normal,dras_normal,contract_balanced,3406,78.0,0.16260744691685203,0.07973712927823594,5.2734166990685,0.12025547335459552,0.9821967193186159,0.10544244708510794
2022-10,"Beta, no hurdle",beta_no_hurdle,equal,3406,3406.0,0.16260744691685203,0.07973712927823594,2.6909062124436756,0.09571776043103247,0.962419260129184,0.06839385420991849
2022-10,"Beta, no hurdle",beta_no_hurdle,volume,3406,502302.0,0.16260744691685203,0.07973712927823594,2.7744374865679298,0.13249272617328833,0.9906828959470597,0.12327170797202777
2022-10,"Beta, no hurdle",beta_no_hurdle,contract_balanced,3406,78.0,0.16260744691685203,0.07973712927823594,5.144596575767617,0.10347584391598447,0.9793299369298194,0.08704221082118785
2022-10,"Hurdle beta, post-hoc coherence",hurdle_posthoc,equal,3406,3406.0,0.16260744691685203,0.07973712927823594,1.7870504388173531,0.10186559158796286,0.9559600704638874,0.07505333914832708
2022-10,"Hurdle beta, post-hoc coherence",hurdle_posthoc,volume,3406,502302.0,0.16260744691685203,0.07973712927823594,2.577320787204376,0.14724745912777784,0.9927434093433831,0.13971840787692508
2022-10,"Hurdle beta, post-hoc coherence",hurdle_posthoc,contract_balanced,3406,78.0,0.16260744691685203,0.07973712927823594,1.9237664211903527,0.11250593389539401,0.9803247299423109,0.09472700089235549
2022-10,MHB,mhb,equal,3406,3406.0,0.16260744691685203,0.07973712927823594,1.7805517254213983,0.10228988797760422,0.9565472695243689,0.07559347322375416
2022-10,MHB,mhb,volume,3406,502302.0,0.16260744691685203,0.07973712927823594,2.5761691380585683,0.1472835892540518,0.9928827677373373,0.13976165365149318
2022-10,MHB,mhb,contract_balanced,3406,78.0,0.16260744691685203,0.07973712927823594,1.9233216604829688,0.11264484208443742,0.9802698092784823,0.09490225297494914
2022-11,DR normal,dr_normal,equal,846,846.0,0.14774407040208096,0.07319794431016002,11.993794478750791,0.2627068402636454,0.8900709219858156,0.08162240426680843
2022-11,DR normal,dr_normal,volume,846,303634.0,0.14774407040208096,0.07319794431016002,6.610613131138086,0.23897017215201954,0.825895650684706,0.06315143385315676
2022-11,DR normal,dr_normal,contract_balanced,846,48.0,0.14774407040208096,0.07319794431016002,89.1234739283605,1.4595153626489652,0.5847831391370616,0.046554233599540876
2022-11,DR-AS normal,dras_normal,equal,846,846.0,0.14774407040208096,0.07319794431016002,9.181745476031367,0.24337032199012926,0.9314420803782506,0.10433071404130294
2022-11,DR-AS normal,dras_normal,volume,846,303634.0,0.14774407040208096,0.07319794431016002,3.1481374048516573,0.184713811214417,0.9710770203600386,0.14168281219425172
2022-11,DR-AS normal,dras_normal,contract_balanced,846,48.0,0.14774407040208096,0.07319794431016002,72.99453867714485,1.3312671768279218,0.7517107782960266,0.10257061726781566
2022-11,"Beta, no hurdle",beta_no_hurdle,equal,846,846.0,0.14774407040208096,0.07319794431016002,9.843053814658067,0.24519789038666007,0.9243498817966903,0.09576577777786384
2022-11,"Beta, no hurdle",beta_no_hurdle,volume,846,303634.0,0.14774407040208096,0.07319794431016002,3.4588919517092913,0.18294261754450514,0.9666736926694639,0.11618344437662098
2022-11,"Beta, no hurdle",beta_no_hurdle,contract_balanced,846,48.0,0.14774407040208096,0.07319794431016002,72.99837550849934,1.359877673140961,0.7277524393954762,0.08540666267729499
2022-11,"Hurdle beta, post-hoc coherence",hurdle_posthoc,equal,846,846.0,0.14774407040208096,0.07319794431016002,6.546428659624448,0.2564830468629606,0.9243498817966903,0.11415619477123175
2022-11,"Hurdle beta, post-hoc coherence",hurdle_posthoc,volume,846,303634.0,0.14774407040208096,0.07319794431016002,3.004317760333969,0.18890932046700956,0.9678988519072304,0.12953580604910298
2022-11,"Hurdle beta, post-hoc coherence",hurdle_posthoc,contract_balanced,846,48.0,0.14774407040208096,0.07319794431016002,38.48095019232328,1.3754801719730874,0.6799755149241431,0.09430223361016613
2022-11,MHB,mhb,equal,846,846.0,0.14774407040208096,0.07319794431016002,5.715485047451414,0.25646936799192255,0.9278959810874705,0.11454158269755234
2022-11,MHB,mhb,volume,846,303634.0,0.14774407040208096,0.07319794431016002,3.0050508316352373,0.18901908787521565,0.9679515469282096,0.129549184252864
2022-11,MHB,mhb,contract_balanced,846,48.0,0.14774407040208096,0.07319794431016002,38.49014713251418,1.3754368930092549,0.6800685587919152,0.09433664064980804
2022-12,DR normal,dr_normal,equal,722,722.0,0.1454379312135834,0.07322528131479084,6.457439192763023,0.17648251147537591,0.916897506925208,0.10483279873250388
2022-12,DR normal,dr_normal,volume,722,322559.0,0.1454379312135834,0.07322528131479084,3.8729877670331696,0.16689150876508907,0.8368484525311648,0.08902746994956759
2022-12,DR normal,dr_normal,contract_balanced,722,51.0,0.1454379312135834,0.07322528131479084,3.3255388802964965,0.11470459934568206,0.8735629684244895,0.054646316459590116
2022-12,DR-AS normal,dras_normal,equal,722,722.0,0.1454379312135834,0.07322528131479084,3.9661099899481362,0.17265669371699366,0.9459833795013852,0.1263810862790134
2022-12,DR-AS normal,dras_normal,volume,722,322559.0,0.1454379312135834,0.07322528131479084,3.1797841483015414,0.18606645328526217,0.9933748554528008,0.16893168407765524
2022-12,DR-AS normal,dras_normal,contract_balanced,722,51.0,0.1454379312135834,0.07322528131479084,2.5081376129576567,0.12039148588313814,0.944970326731394,0.10122582392766064
2022-12,"Beta, no hurdle",beta_no_hurdle,equal,722,722.0,0.1454379312135834,0.07322528131479084,5.834351434770496,0.17076839344573588,0.9418282548476458,0.11951289753329108
2022-12,"Beta, no hurdle",beta_no_hurdle,volume,722,322559.0,0.1454379312135834,0.07322528131479084,3.1359951006563493,0.1686881142572976,0.9915147306384258,0.14919286859567854
2022-12,"Beta, no hurdle",beta_no_hurdle,contract_balanced,722,51.0,0.1454379312135834,0.07322528131479084,2.3887858152831707,0.10954865934833453,0.953012260138227,0.08964090999191857
2022-12,"Hurdle beta, post-hoc coherence",hurdle_posthoc,equal,722,722.0,0.1454379312135834,0.07322528131479084,3.7956979728256983,0.1868114569462638,0.9473684210526319,0.13980822926434322
2022-12,"Hurdle beta, post-hoc coherence",hurdle_posthoc,volume,722,322559.0,0.1454379312135834,0.07322528131479084,2.9174185446390726,0.17962451793530765,0.9926618076072904,0.1620167608169925
2022-12,"Hurdle beta, post-hoc coherence",hurdle_posthoc,contract_balanced,722,51.0,0.1454379312135834,0.07322528131479084,2.8517715322396375,0.12481541464635287,0.9186890503770819,0.09424060074087857
2022-12,MHB,mhb,equal,722,722.0,0.1454379312135834,0.07322528131479084,2.811848937379996,0.18755832772341902,0.9459833795013852,0.14044914675789633
2022-12,MHB,mhb,volume,722,322559.0,0.1454379312135834,0.07322528131479084,2.9095450865370815,0.17975944320145346,0.9923517868048946,0.16214203013478914
2022-12,MHB,mhb,contract_balanced,722,51.0,0.1454379312135834,0.07322528131479084,2.8413479631224092,0.12523132481592797,0.9186128797487809,0.09472219350309952
2023-01,DR normal,dr_normal,equal,373,373.0,0.14019093554932663,0.0709891455016672,7.077311472552913,0.19820023312815405,0.8954423592493299,0.09628910782818864
2023-01,DR normal,dr_normal,volume,373,198415.0,0.14019093554932663,0.0709891455016672,3.8178875566518538,0.17459320363389447,0.856613663281506,0.07513581379301848
2023-01,DR normal,dr_normal,contract_balanced,373,33.0,0.14019093554932663,0.0709891455016672,26.89125632822993,0.49178282191831885,0.688885412050574,0.05721579816278623
2023-01,DR-AS normal,dras_normal,equal,373,373.0,0.14019093554932663,0.0709891455016672,5.085806929115122,0.18244605043637452,0.93029490616622,0.1252057923445244
2023-01,DR-AS normal,dras_normal,volume,373,198415.0,0.14019093554932663,0.0709891455016672,3.1475236730905367,0.16827265286681042,0.9975455484716378,0.16316525936131487
2023-01,DR-AS normal,dras_normal,contract_balanced,373,33.0,0.14019093554932663,0.0709891455016672,4.769282825926729,0.36733168588912046,0.7998761218343866,0.12052114063903205
2023-01,"Beta, no hurdle",beta_no_hurdle,equal,373,373.0,0.14019093554932663,0.0709891455016672,5.009596017364026,0.1786871679885113,0.9168900804289546,0.1158847384589933
2023-01,"Beta, no hurdle",beta_no_hurdle,volume,373,198415.0,0.14019093554932663,0.0709891455016672,3.005151249703344,0.15335989717849058,0.9292039412342817,0.13987656856681321
2023-01,"Beta, no hurdle",beta_no_hurdle,contract_balanced,373,33.0,0.14019093554932663,0.0709891455016672,4.512876881616523,0.35890112255607887,0.7936884167669527,0.10079546965961994
2023-01,"Hurdle beta, post-hoc coherence",hurdle_posthoc,equal,373,373.0,0.14019093554932663,0.0709891455016672,2.929686533396202,0.18765127932970274,0.9356568364611262,0.13412365406679577
2023-01,"Hurdle beta, post-hoc coherence",hurdle_posthoc,volume,373,198415.0,0.14019093554932663,0.0709891455016672,2.924070977516002,0.15982033811080487,0.9923644885719326,0.15296070788044364
2023-01,"Hurdle beta, post-hoc coherence",hurdle_posthoc,contract_balanced,373,33.0,0.14019093554932663,0.0709891455016672,3.5752962878580155,0.3774999793940821,0.8147159691171308,0.1107778146213266
2023-01,MHB,mhb,equal,373,373.0,0.14019093554932663,0.0709891455016672,2.930153480846549,0.1882428645312777,0.9356568364611262,0.1347816947432678
2023-01,MHB,mhb,volume,373,198415.0,0.14019093554932663,0.0709891455016672,2.9248545875673777,0.15988952045655946,0.9923644885719326,0.15303766267758812
2023-01,MHB,mhb,contract_balanced,373,33.0,0.14019093554932663,0.0709891455016672,3.577012586586537,0.3771886423572905,0.8147159691171308,0.1108058452506405
2023-02,DR normal,dr_normal,equal,339,339.0,0.1361265471324284,0.06972825969905326,37.93558635672265,0.3119680781923133,0.7876106194690264,0.06422859061347241
2023-02,DR normal,dr_normal,volume,339,281743.0,0.1361265471324284,0.06972825969905326,20.20864309675871,0.18705847276902365,0.8633257969142091,0.05668073414937051
2023-02,DR normal,dr_normal,contract_balanced,339,41.0,0.1361265471324284,0.06972825969905326,181.8977724270924,0.7959572123853238,0.4584619872537896,0.03732468402919897
2023-02,DR-AS normal,dras_normal,equal,339,339.0,0.1361265471324284,0.06972825969905326,22.794614138027022,0.2776752980407373,0.8348082595870205,0.09530780573703193
2023-02,DR-AS normal,dras_normal,volume,339,281743.0,0.1361265471324284,0.06972825969905326,3.2982152551891493,0.19022371173246688,0.9612093290694,0.16353705122094342
2023-02,DR-AS normal,dras_normal,contract_balanced,339,41.0,0.1361265471324284,0.06972825969905326,82.66229839916485,0.5788447729311879,0.6772627501931192,0.10771224680567312
2023-02,"Beta, no hurdle",beta_no_hurdle,equal,339,339.0,0.1361265471324284,0.06972825969905326,24.924051181371432,0.28172991645742795,0.831858407079646,0.08368316661443871
2023-02,"Beta, no hurdle",beta_no_hurdle,volume,339,281743.0,0.1361265471324284,0.06972825969905326,3.349065890735401,0.17937699597072013,0.9575393177470248,0.13544178285437466
2023-02,"Beta, no hurdle",beta_no_hurdle,contract_balanced,339,41.0,0.1361265471324284,0.06972825969905326,83.63197184642894,0.5934886218319373,0.6482529716160709,0.08628194978480502
2023-02,"Hurdle beta, post-hoc coherence",hurdle_posthoc,equal,339,339.0,0.1361265471324284,0.06972825969905326,7.84832763467803,0.2824966542370579,0.8407079646017699,0.0983953004753429
2023-02,"Hurdle beta, post-hoc coherence",hurdle_posthoc,volume,339,281743.0,0.1361265471324284,0.06972825969905326,2.936249080377966,0.17959699576241542,0.9759923050439584,0.14685754438057225
2023-02,"Hurdle beta, post-hoc coherence",hurdle_posthoc,contract_balanced,339,41.0,0.1361265471324284,0.06972825969905326,14.5595815901884,0.5928385382897929,0.696763268993358,0.09428272356620547
2023-02,MHB,mhb,equal,339,339.0,0.1361265471324284,0.06972825969905326,7.862618748737038,0.282481472341504,0.8407079646017699,0.09841633602406417
2023-02,MHB,mhb,volume,339,281743.0,0.1361265471324284,0.06972825969905326,2.9431944661637717,0.17984816333201115,0.9759923050439584,0.1470753684619906
2023-02,MHB,mhb,contract_balanced,339,41.0,0.1361265471324284,0.06972825969905326,14.5931041892159,0.5931019633865482,0.696763268993358,0.09451096053194076
2023-03,DR normal,dr_normal,equal,1202,1202.0,0.1339667223080318,0.0683100518556391,16.22701478334732,0.2808212161200471,0.8618968386023294,0.0700087657882747
2023-03,DR normal,dr_normal,volume,1202,966835.0,0.1339667223080318,0.0683100518556391,8.073994665192279,0.31218439521856184,0.8829086659047304,0.10442110087936973
2023-03,DR normal,dr_normal,contract_balanced,1202,51.0,0.1339667223080318,0.0683100518556391,41.931231769869626,0.49952779816828363,0.7663468795811238,0.044398762037464644
2023-03,DR-AS normal,dras_normal,equal,1202,1202.0,0.1339667223080318,0.0683100518556391,12.627986679178829,0.25704152197529095,0.8910149750415974,0.09244702572804228
2023-03,DR-AS normal,dras_normal,volume,1202,966835.0,0.1339667223080318,0.0683100518556391,3.3758588127288007,0.2665595119429116,0.9566854737364701,0.16849416057840821
2023-03,DR-AS normal,dras_normal,contract_balanced,1202,51.0,0.1339667223080318,0.0683100518556391,14.24223848383492,0.320515994263178,0.8627443308972855,0.0971568374519069
2023-03,"Beta, no hurdle",beta_no_hurdle,equal,1202,1202.0,0.1339667223080318,0.0683100518556391,13.350746943496205,0.2616558018986459,0.8885191347753745,0.08560163191560584
2023-03,"Beta, no hurdle",beta_no_hurdle,volume,1202,966835.0,0.1339667223080318,0.0683100518556391,10.723525250414925,0.27627127976428123,0.9545858393624559,0.15477572394175942
2023-03,"Beta, no hurdle",beta_no_hurdle,contract_balanced,1202,51.0,0.1339667223080318,0.0683100518556391,14.942214050681041,0.36367465019479156,0.8169460437379105,0.08111577784020932
2023-03,"Hurdle beta, post-hoc coherence",hurdle_posthoc,equal,1202,1202.0,0.1339667223080318,0.0683100518556391,5.52850065895236,0.2580019555339681,0.9018302828618969,0.09802665984514515
2023-03,"Hurdle beta, post-hoc coherence",hurdle_posthoc,volume,1202,966835.0,0.1339667223080318,0.0683100518556391,10.580706490521854,0.2768619704761174,0.9572595117057202,0.16632040459854533
2023-03,"Hurdle beta, post-hoc coherence",hurdle_posthoc,contract_balanced,1202,51.0,0.1339667223080318,0.0683100518556391,5.807817800836435,0.3419308798848441,0.8248508886898911,0.08987105902178376
2023-03,MHB,mhb,equal,1202,1202.0,0.1339667223080318,0.0683100518556391,5.536756411979008,0.2581280425773727,0.9018302828618969,0.09817207204920902
2023-03,MHB,mhb,volume,1202,966835.0,0.1339667223080318,0.0683100518556391,10.58403922710044,0.27709250404567737,0.9572595117057202,0.16654652667314268
2023-03,MHB,mhb,contract_balanced,1202,51.0,0.1339667223080318,0.0683100518556391,5.813812990371851,0.3423074765910184,0.8248508886898911,0.0899124157390137
2023-04,DR normal,dr_normal,equal,611,611.0,0.13235011536217034,0.06960000522891957,4.551883604381626,0.17260631064600593,0.8903436988543371,0.08852587725906633
2023-04,DR normal,dr_normal,volume,611,551075.0,0.13235011536217034,0.06960000522891957,2.8101400556370093,0.09720986431030156,0.9702363562128566,0.07510486243151752
2023-04,DR normal,dr_normal,contract_balanced,611,38.0,0.13235011536217034,0.06960000522891957,8.878357243862583,0.20888646299407126,0.7439850918201324,0.05057905853211576
2023-04,DR-AS normal,dras_normal,equal,611,611.0,0.13235011536217034,0.06960000522891957,3.453003410696583,0.18035081472146303,0.9132569558101472,0.11138021487498685
2023-04,DR-AS normal,dras_normal,volume,611,551075.0,0.13235011536217034,0.06960000522891957,2.928543361962294,0.14829851774915165,0.9912226103524928,0.1365912302685015
2023-04,DR-AS normal,dras_normal,contract_balanced,611,38.0,0.13235011536217034,0.06960000522891957,4.555488563325833,0.22888712756025661,0.7939677905615906,0.09904517104029395
2023-04,"Beta, no hurdle",beta_no_hurdle,equal,611,611.0,0.13235011536217034,0.06960000522891957,3.4304728097975605,0.1752921469643549,0.9116202945990179,0.10415719811775141
2023-04,"Beta, no hurdle",beta_no_hurdle,volume,611,551075.0,0.13235011536217034,0.06960000522891957,2.7786860426859135,0.12867427382898894,0.9894823753572562,0.11633041824898574
2023-04,"Beta, no hurdle",beta_no_hurdle,contract_balanced,611,38.0,0.13235011536217034,0.06960000522891957,4.528024888249128,0.22031253467159212,0.7938923936862761,0.0846882180104527
2023-04,"Hurdle beta, post-hoc coherence",hurdle_posthoc,equal,611,611.0,0.13235011536217034,0.06960000522891957,2.901893376028376,0.17810657380329203,0.9296235679214402,0.12045440512301091
2023-04,"Hurdle beta, post-hoc coherence",hurdle_posthoc,volume,611,551075.0,0.13235011536217034,0.06960000522891957,2.362217276050614,0.13701155816077137,0.9919557229052307,0.12753532119365796
2023-04,"Hurdle beta, post-hoc coherence",hurdle_posthoc,contract_balanced,611,38.0,0.13235011536217034,0.06960000522891957,3.3710742943957284,0.21757767429184144,0.8219845883968679,0.09491479410558636
2023-04,MHB,mhb,equal,611,611.0,0.13235011536217034,0.06960000522891957,2.8985610985877757,0.178466124711202,0.9296235679214402,0.12085409511455839
2023-04,MHB,mhb,volume,611,551075.0,0.13235011536217034,0.06960000522891957,2.363611092576445,0.1372041111477419,0.9919557229052307,0.12773912139245774
2023-04,MHB,mhb,contract_balanced,611,38.0,0.13235011536217034,0.06960000522891957,3.372568139144787,0.2176185519946583,0.8219845883968679,0.0950150162767792
2023-05,DR normal,dr_normal,equal,691,691.0,0.1264849976033218,0.06577702277376898,7.429597509932378,0.23137040125665653,0.8798842257597683,0.070381231992262
2023-05,DR normal,dr_normal,volume,691,617850.0,0.1264849976033218,0.06577702277376898,3.1356190976304497,0.17469267732610327,0.8463025006069433,0.08750096571653371
2023-05,DR normal,dr_normal,contract_balanced,691,42.0,0.1264849976033218,0.06577702277376898,3.068323986621592,0.18001739754283275,0.8120782156903794,0.05742524603546605
2023-05,DR-AS normal,dras_normal,equal,691,691.0,0.1264849976033218,0.06577702277376898,6.2089582921971,0.21971882504287715,0.927641099855282,0.09545889006488427
2023-05,DR-AS normal,dras_normal,volume,691,617850.0,0.1264849976033218,0.06577702277376898,3.0503524393983303,0.16296507535647015,0.9876005502953791,0.1493327432580837
2023-05,DR-AS normal,dras_normal,contract_balanced,691,42.0,0.1264849976033218,0.06577702277376898,2.8124599255010416,0.14845608422454065,0.9345558316217093,0.10546437427883026
2023-05,"Beta, no hurdle",beta_no_hurdle,equal,691,691.0,0.1264849976033218,0.06577702277376898,6.95029964121991,0.2203865024969773,0.9247467438494932,0.08867058250661981
2023-05,"Beta, no hurdle",beta_no_hurdle,volume,691,617850.0,0.1264849976033218,0.06577702277376898,8.258865124035585,0.15718045848556514,0.9802929513635996,0.13985671414583034
2023-05,"Beta, no hurdle",beta_no_hurdle,contract_balanced,691,42.0,0.1264849976033218,0.06577702277376898,3.5034062704469466,0.15088429237616963,0.9064062722739007,0.09372360163755969
2023-05,"Hurdle beta, post-hoc coherence",hurdle_posthoc,equal,691,691.0,0.1264849976033218,0.06577702277376898,5.112078666767043,0.2210433399419755,0.9247467438494933,0.10186331119552769
2023-05,"Hurdle beta, post-hoc coherence",hurdle_posthoc,volume,691,617850.0,0.1264849976033218,0.06577702277376898,7.9207964268634345,0.16471665702388755,0.9829958727846564,0.15118574523616635
2023-05,"Hurdle beta, post-hoc coherence",hurdle_posthoc,contract_balanced,691,42.0,0.1264849976033218,0.06577702277376898,3.1238716868995837,0.1414589167261737,0.9014672573519485,0.1052756668878179
2023-05,MHB,mhb,equal,691,691.0,0.1264849976033218,0.06577702277376898,5.111481923689631,0.21943926502301475,0.927641099855282,0.10229415731890931
2023-05,MHB,mhb,volume,691,617850.0,0.1264849976033218,0.06577702277376898,7.912389019335998,0.1648577375379956,0.9830282431010763,0.1512952610082186
2023-05,MHB,mhb,contract_balanced,691,42.0,0.1264849976033218,0.06577702277376898,3.119927277545942,0.1415891762628864,0.9016073545794244,0.10534603512193219
2023-06,DR normal,dr_normal,equal,527,527.0,0.12005564019691145,0.06330153242191107,12.213325058176377,0.23071152580760418,0.9013282732447815,0.08478590157613078
2023-06,DR normal,dr_normal,volume,527,368201.0,0.12005564019691145,0.06330153242191107,13.12474530119802,0.22474599650768373,0.9217112392416099,0.07095157197825938
2023-06,DR normal,dr_normal,contract_balanced,527,38.0,0.12005564019691145,0.06330153242191107,35.32506754325038,0.39011178659296053,0.8320162179652117,0.06051485906478117
2023-06,DR-AS normal,dras_normal,equal,527,527.0,0.12005564019691145,0.06330153242191107,6.980833919095437,0.22477986337358719,0.9316888045540794,0.10556411968658945
2023-06,DR-AS normal,dras_normal,volume,527,368201.0,0.12005564019691145,0.06330153242191107,7.223823059783127,0.22974735645900374,0.9838756548732892,0.1203399255050133
2023-06,DR-AS normal,dras_normal,contract_balanced,527,38.0,0.12005564019691145,0.06330153242191107,6.325742969969232,0.3322223758841354,0.9269169283389005,0.11657404506418613
2023-06,"Beta, no hurdle",beta_no_hurdle,equal,527,527.0,0.12005564019691145,0.06330153242191107,8.269325546875809,0.22311674500766948,0.9297912713472483,0.09748690589660079
2023-06,"Beta, no hurdle",beta_no_hurdle,volume,527,368201.0,0.12005564019691145,0.06330153242191107,7.235374490435933,0.22261810992918452,0.9716839443673428,0.10360452941046039
2023-06,"Beta, no hurdle",beta_no_hurdle,contract_balanced,527,38.0,0.12005564019691145,0.06330153242191107,7.629141712015894,0.34587378868181096,0.9103937593268101,0.09755928935430364
2023-06,"Hurdle beta, post-hoc coherence",hurdle_posthoc,equal,527,527.0,0.12005564019691145,0.06330153242191107,5.430401273991999,0.23020782356433428,0.9487666034155595,0.11617199210183483
2023-06,"Hurdle beta, post-hoc coherence",hurdle_posthoc,volume,527,368201.0,0.12005564019691145,0.06330153242191107,6.640698548741132,0.23045521259800714,0.9839163934915984,0.11568485514471816
2023-06,"Hurdle beta, post-hoc coherence",hurdle_posthoc,contract_balanced,527,38.0,0.12005564019691145,0.06330153242191107,5.882224913218311,0.3496019129689546,0.926346446189471,0.11082215881596887
2023-06,MHB,mhb,equal,527,527.0,0.12005564019691145,0.06330153242191107,5.43012143107134,0.23044559436970136,0.9468690702087283,0.11625082840642814
2023-06,MHB,mhb,volume,527,368201.0,0.12005564019691145,0.06330153242191107,6.639356909067653,0.23056493289195398,0.9838756548732892,0.11576457937546378
2023-06,MHB,mhb,contract_balanced,527,38.0,0.12005564019691145,0.06330153242191107,5.886310277645778,0.350668618851968,0.9260397353564445,0.11076674793287318
2023-07,DR normal,dr_normal,equal,1649,1649.0,0.17340806448444435,0.09295313817862723,13.616170847461657,0.2978622671117706,0.8732565191024861,0.06251179657294001
2023-07,DR normal,dr_normal,volume,1649,320150.0,0.17340806448444435,0.09295313817862723,5.888550932363332,0.20927592110137647,0.9160362330157737,0.07183139209634881
2023-07,DR normal,dr_normal,contract_balanced,1649,85.0,0.17340806448444435,0.09295313817862723,16.481851808807477,0.3328566218384922,0.856835898371854,0.054184987397509154
2023-07,DR-AS normal,dras_normal,equal,1649,1649.0,0.17340806448444435,0.09295313817862723,12.432671459112502,0.29651671750570996,0.8872043662825955,0.07228467424871399
2023-07,DR-AS normal,dras_normal,volume,1649,320150.0,0.17340806448444435,0.09295313817862723,3.100954799256099,0.23156178850074688,0.9884116820240514,0.15522436578158444
2023-07,DR-AS normal,dras_normal,contract_balanced,1649,85.0,0.17340806448444435,0.09295313817862723,10.471800301906239,0.3227801418976546,0.921625924842133,0.09711270376349948
2023-07,"Beta, no hurdle",beta_no_hurdle,equal,1649,1649.0,0.17340806448444435,0.09295313817862723,10.991964735934378,0.2953971083541429,0.8859915100060642,0.0691670760599507
2023-07,"Beta, no hurdle",beta_no_hurdle,volume,1649,320150.0,0.17340806448444435,0.09295313817862723,3.022998813774263,0.2111176691357518,0.9878900515383414,0.12745135742383598
2023-07,"Beta, no hurdle",beta_no_hurdle,contract_balanced,1649,85.0,0.17340806448444435,0.09295313817862723,10.043912089162697,0.31729740867971534,0.9220460149359375,0.08386864031987312
2023-07,"Hurdle beta, post-hoc coherence",hurdle_posthoc,equal,1649,1649.0,0.17340806448444435,0.09295313817862723,5.774848211852518,0.30757509484088774,0.8762886597938142,0.08072182010004189
2023-07,"Hurdle beta, post-hoc coherence",hurdle_posthoc,volume,1649,320150.0,0.17340806448444435,0.09295313817862723,2.5475910291202233,0.22129012124341624,0.9885616117444948,0.14190454779882522
2023-07,"Hurdle beta, post-hoc coherence",hurdle_posthoc,contract_balanced,1649,85.0,0.17340806448444435,0.09295313817862723,5.655383905486593,0.32809289557269783,0.8981614580298273,0.09496350749848005
2023-07,MHB,mhb,equal,1649,1649.0,0.17340806448444435,0.09295313817862723,5.809194273377317,0.30717609583702576,0.8768950879320798,0.08106091535898188
2023-07,MHB,mhb,volume,1649,320150.0,0.17340806448444435,0.09295313817862723,2.547382441450828,0.22128532097987308,0.9885616117444948,0.1419436782292311
2023-07,MHB,mhb,contract_balanced,1649,85.0,0.17340806448444435,0.09295313817862723,5.680243172897029,0.3275232662534927,0.8988150528010691,0.09506179427469807
2023-08,DR normal,dr_normal,equal,1210,1210.0,0.17328764642617878,0.0926812022244944,3.6224772291425715,0.07346970665789117,0.9280991735537192,0.03702324050491649
2023-08,DR normal,dr_normal,volume,1210,158640.0,0.17328764642617878,0.0926812022244944,9.399548055369758,0.13392805098592825,0.8857602118003025,0.07089945900793039
2023-08,DR normal,dr_normal,contract_balanced,1210,71.0,0.17328764642617878,0.0926812022244944,19.49852216674228,0.12525685704726644,0.8795202834912947,0.04394258519709293
2023-08,DR-AS normal,dras_normal,equal,1210,1210.0,0.17328764642617878,0.0926812022244944,1.9173196596145585,0.07518826667209454,0.9446280991735538,0.05075263224826766
2023-08,DR-AS normal,dras_normal,volume,1210,158640.0,0.17328764642617878,0.0926812022244944,3.0791896541162727,0.1830544101329573,0.9944024205748865,0.1795341955731727
2023-08,DR-AS normal,dras_normal,contract_balanced,1210,71.0,0.17328764642617878,0.0926812022244944,2.347454836315677,0.11430753907059943,0.9751206178011451,0.10483275793266447
2023-08,"Beta, no hurdle",beta_no_hurdle,equal,1210,1210.0,0.17328764642617878,0.0926812022244944,1.8807965817730783,0.07247827481661481,0.9438016528925621,0.04617898227209949
2023-08,"Beta, no hurdle",beta_no_hurdle,volume,1210,158640.0,0.17328764642617878,0.0926812022244944,2.893208948395734,0.14895628428104318,0.9931417044881492,0.1429318237031405
2023-08,"Beta, no hurdle",beta_no_hurdle,contract_balanced,1210,71.0,0.17328764642617878,0.0926812022244944,2.246564477966571,0.09919032557379898,0.9704722656419855,0.08697052623694099
2023-08,"Hurdle beta, post-hoc coherence",hurdle_posthoc,equal,1210,1210.0,0.17328764642617878,0.0926812022244944,1.6451712779982899,0.07529443484349682,0.9504132231404959,0.05398653154851021
2023-08,"Hurdle beta, post-hoc coherence",hurdle_posthoc,volume,1210,158640.0,0.17328764642617878,0.0926812022244944,2.7632541733013953,0.1636675916094994,0.9944024205748865,0.15948173562137877
2023-08,"Hurdle beta, post-hoc coherence",hurdle_posthoc,contract_balanced,1210,71.0,0.17328764642617878,0.0926812022244944,2.1033225168431127,0.1063114328728919,0.9734192298757568,0.09599724627366257
2023-08,MHB,mhb,equal,1210,1210.0,0.17328764642617878,0.0926812022244944,1.6403406504300098,0.07530992824721935,0.9520661157024795,0.054122206698505544
2023-08,MHB,mhb,volume,1210,158640.0,0.17328764642617878,0.0926812022244944,2.762809052094677,0.16383205684909202,0.9944024205748865,0.15964179669638023
2023-08,MHB,mhb,contract_balanced,1210,71.0,0.17328764642617878,0.0926812022244944,2.086394354671214,0.10671634485457406,0.9745477961451683,0.09650019623375092
2023-09,DR normal,dr_normal,equal,927,927.0,0.1697644597878151,0.09093746631515398,19.372541410246882,0.3351443715686875,0.9093851132686083,0.05806547211416545
2023-09,DR normal,dr_normal,volume,927,316666.0,0.1697644597878151,0.09093746631515398,3.771645172283491,0.1690031821863454,0.9416893509249494,0.09688708921925
2023-09,DR normal,dr_normal,contract_balanced,927,60.0,0.1697644597878151,0.09093746631515398,24.70143619715168,0.4064228205183199,0.9022209032541219,0.049185445870267575
2023-09,DR-AS normal,dras_normal,equal,927,927.0,0.1697644597878151,0.09093746631515398,19.436811119950388,0.3422881627414306,0.9212513484358144,0.07271753102204931
2023-09,DR-AS normal,dras_normal,volume,927,316666.0,0.1697644597878151,0.09093746631515398,4.190234590143286,0.208033965458899,0.9801083791755352,0.16123499085875154
2023-09,DR-AS normal,dras_normal,contract_balanced,927,60.0,0.1697644597878151,0.09093746631515398,24.90317408413771,0.4255947934560863,0.9238580332579345,0.07607657413131919
2023-09,"Beta, no hurdle",beta_no_hurdle,equal,927,927.0,0.1697644597878151,0.09093746631515398,19.51926427940442,0.34030578693892366,0.9180151024811217,0.06797201228891238
2023-09,"Beta, no hurdle",beta_no_hurdle,volume,927,316666.0,0.1697644597878151,0.09093746631515398,4.156137516067462,0.21346528727598071,0.9749925789317452,0.1493248753095045
2023-09,"Beta, no hurdle",beta_no_hurdle,contract_balanced,927,60.0,0.1697644597878151,0.09093746631515398,25.007950906067315,0.42019416685772637,0.9212891146842138,0.06931559165726586
2023-09,"Hurdle beta, post-hoc coherence",hurdle_posthoc,equal,927,927.0,0.1697644597878151,0.09093746631515398,13.41243281158121,0.3421637349715042,0.9363538295577128,0.07602350428624674
2023-09,"Hurdle beta, post-hoc coherence",hurdle_posthoc,volume,927,316666.0,0.1697644597878151,0.09093746631515398,3.8950940470513413,0.2106971015697119,0.9785389021871626,0.15410016395036039
2023-09,"Hurdle beta, post-hoc coherence",hurdle_posthoc,contract_balanced,927,60.0,0.1697644597878151,0.09093746631515398,18.265128903811014,0.4183880125107758,0.941568988836838,0.07357821661137093
2023-09,MHB,mhb,equal,927,927.0,0.1697644597878151,0.09093746631515398,13.523627232645774,0.3424971839616444,0.9363538295577128,0.07655729791010489
2023-09,MHB,mhb,volume,927,316666.0,0.1697644597878151,0.09093746631515398,3.9072518208712617,0.2119718356156654,0.9785389021871626,0.15565719822178942
2023-09,MHB,mhb,contract_balanced,927,60.0,0.1697644597878151,0.09093746631515398,18.411178834380763,0.41927539567180483,0.941568988836838,0.07454070971227171
2023-10,DR normal,dr_normal,equal,398,398.0,0.16518039395394055,0.08879341857075593,8.026165545546375,0.1761977077542024,0.9095477386934675,0.04781484703430056
2023-10,DR normal,dr_normal,volume,398,508846.0,0.16518039395394055,0.08879341857075593,2.0485737729286946,0.062245554874643144,0.9298864489452605,0.03479070675799051
2023-10,DR normal,dr_normal,contract_balanced,398,21.0,0.16518039395394055,0.08879341857075593,38.18842298502369,1.079499226087688,0.8207954736412791,0.047209455723374774
2023-10,DR-AS normal,dras_normal,equal,398,398.0,0.16518039395394055,0.08879341857075593,4.644411055122696,0.1799510759525048,0.9447236180904524,0.07623487301436266
2023-10,DR-AS normal,dras_normal,volume,398,508846.0,0.16518039395394055,0.08879341857075593,2.6072613207057405,0.09744548776140144,0.9970462576103575,0.0941631368806905
2023-10,DR-AS normal,dras_normal,contract_balanced,398,21.0,0.16518039395394055,0.08879341857075593,37.917553972920494,1.0902710543413812,0.841963295665671,0.08373056456611994
2023-10,"Beta, no hurdle",beta_no_hurdle,equal,398,398.0,0.16518039395394055,0.08879341857075593,6.241022291820132,0.17663119392698806,0.9396984924623116,0.06833751271458513
2023-10,"Beta, no hurdle",beta_no_hurdle,volume,398,508846.0,0.16518039395394055,0.08879341857075593,2.4686476810464493,0.08628483110545078,0.995365984993495,0.08144389122047868
2023-10,"Beta, no hurdle",beta_no_hurdle,contract_balanced,398,21.0,0.16518039395394055,0.08879341857075593,37.78651767650466,1.0860587358242249,0.8398461782139375,0.07457810222029046
2023-10,"Hurdle beta, post-hoc coherence",hurdle_posthoc,equal,398,398.0,0.16518039395394055,0.08879341857075593,2.542648404781465,0.17958679842992614,0.9623115577889448,0.07904502788352628
2023-10,"Hurdle beta, post-hoc coherence",hurdle_posthoc,volume,398,508846.0,0.16518039395394055,0.08879341857075593,2.118389568585819,0.09363639579852906,0.9970541185348808,0.08962849307614305
2023-10,"Hurdle beta, post-hoc coherence",hurdle_posthoc,contract_balanced,398,21.0,0.16518039395394055,0.08879341857075593,5.275379239417928,1.0929036893949666,0.8419750796418202,0.08293194596942484
2023-10,MHB,mhb,equal,398,398.0,0.16518039395394055,0.08879341857075593,2.5363415093263124,0.1796236040803954,0.9623115577889448,0.07906850887245861
2023-10,MHB,mhb,volume,398,508846.0,0.16518039395394055,0.08879341857075593,2.1168384274161647,0.09374402568180099,0.9970541185348808,0.08973843007334885
2023-10,MHB,mhb,contract_balanced,398,21.0,0.16518039395394055,0.08879341857075593,5.1925864654342515,1.0931523033649435,0.8419750796418202,0.08297825486405924
2023-11,DR normal,dr_normal,equal,478,478.0,0.1577641087756781,0.0835131590836278,6.970671834530369,0.17650570534312982,0.8953974895397487,0.03562822859980205
2023-11,DR normal,dr_normal,volume,478,344123.0,0.1577641087756781,0.0835131590836278,12.652969348109778,0.20925009445145723,0.8277796020608911,0.03416342435980983
2023-11,DR normal,dr_normal,contract_balanced,478,49.0,0.1577641087756781,0.0835131590836278,17.727481766328374,0.34860823952049114,0.8170901308348792,0.026206290618052058
2023-11,DR-AS normal,dras_normal,equal,478,478.0,0.1577641087756781,0.0835131590836278,5.377326338631878,0.18174007223098906,0.928870292887029,0.05979302471737312
2023-11,DR-AS normal,dras_normal,volume,478,344123.0,0.1577641087756781,0.0835131590836278,4.086085564017534,0.23498089805559186,0.9813496918253066,0.12608376369962385
2023-11,DR-AS normal,dras_normal,contract_balanced,478,49.0,0.1577641087756781,0.0835131590836278,10.462936003931965,0.355091256312709,0.910731219892974,0.07808143838875065
2023-11,"Beta, no hurdle",beta_no_hurdle,equal,478,478.0,0.1577641087756781,0.0835131590836278,4.950500718234357,0.17881997989299198,0.928870292887029,0.052953212695659724
2023-11,"Beta, no hurdle",beta_no_hurdle,volume,478,344123.0,0.1577641087756781,0.0835131590836278,3.321263257317048,0.2243152029407018,0.9813496918253066,0.11132344973933853
2023-11,"Beta, no hurdle",beta_no_hurdle,contract_balanced,478,49.0,0.1577641087756781,0.0835131590836278,8.868301394236681,0.3461105274552707,0.910731219892974,0.06496749473113245
2023-11,"Hurdle beta, post-hoc coherence",hurdle_posthoc,equal,478,478.0,0.1577641087756781,0.0835131590836278,3.0565860820687685,0.17836792762391745,0.9456066945606691,0.06079224121161481
2023-11,"Hurdle beta, post-hoc coherence",hurdle_posthoc,volume,478,344123.0,0.1577641087756781,0.0835131590836278,2.750887676401338,0.21784974274704944,0.9813496918253066,0.10921604903416823
2023-11,"Hurdle beta, post-hoc coherence",hurdle_posthoc,contract_balanced,478,49.0,0.1577641087756781,0.0835131590836278,4.275139414839787,0.3522056128209306,0.9141325804371916,0.06866803113890489
2023-11,MHB,mhb,equal,478,478.0,0.1577641087756781,0.0835131590836278,3.07771530511738,0.17844494708344066,0.9456066945606691,0.060951575087829196
2023-11,MHB,mhb,volume,478,344123.0,0.1577641087756781,0.0835131590836278,2.7521666330194914,0.22128460282636164,0.9813496918253066,0.11261825831170211
2023-11,MHB,mhb,contract_balanced,478,49.0,0.1577641087756781,0.0835131590836278,4.288755001099804,0.35293816005325707,0.9141325804371916,0.06937315804724409
2023-12,DR normal,dr_normal,equal,1360,1360.0,0.18337107600100622,0.10175975718669437,3.9259646223619127,0.09026120032179183,0.9198529411764707,0.03996109340913849
2023-12,DR normal,dr_normal,volume,1360,215474.0,0.18337107600100622,0.10175975718669437,6.64478940453947,0.13088963666184247,0.7713273991293613,0.027743772897764186
2023-12,DR normal,dr_normal,contract_balanced,1360,54.0,0.18337107600100622,0.10175975718669437,11.272864537621746,0.1867053058824986,0.8303584642694294,0.02720706444112958
2023-12,DR-AS normal,dras_normal,equal,1360,1360.0,0.18337107600100622,0.10175975718669437,2.4341440641394447,0.09004748302578604,0.9360294117647059,0.0512082328090772
2023-12,DR-AS normal,dras_normal,volume,1360,215474.0,0.18337107600100622,0.10175975718669437,2.932049684166709,0.14862447317212818,0.9897853105247039,0.12998357760253867
2023-12,DR-AS normal,dras_normal,contract_balanced,1360,54.0,0.18337107600100622,0.10175975718669437,3.2285386410395107,0.19422100682808613,0.9223947185871796,0.09316242170789402
2023-12,"Beta, no hurdle",beta_no_hurdle,equal,1360,1360.0,0.18337107600100622,0.10175975718669437,2.8906802639745557,0.08852736539775041,0.9345588235294118,0.04779490168180109
2023-12,"Beta, no hurdle",beta_no_hurdle,volume,1360,215474.0,0.18337107600100622,0.10175975718669437,2.961846155834274,0.13348609826310687,0.9653554489172709,0.10562353450023401
2023-12,"Beta, no hurdle",beta_no_hurdle,contract_balanced,1360,54.0,0.18337107600100622,0.10175975718669437,3.2036899369509317,0.18614565190090487,0.9033195727888512,0.07541665598876907
2023-12,"Hurdle beta, post-hoc coherence",hurdle_posthoc,equal,1360,1360.0,0.18337107600100622,0.10175975718669437,1.531691860410448,0.0929552119816995,0.9477941176470588,0.059240116032404554
2023-12,"Hurdle beta, post-hoc coherence",hurdle_posthoc,volume,1360,215474.0,0.18337107600100622,0.10175975718669437,2.5441123147676534,0.13619804587677511,0.9897853105247039,0.11555402054087599
2023-12,"Hurdle beta, post-hoc coherence",hurdle_posthoc,contract_balanced,1360,54.0,0.18337107600100622,0.10175975718669437,2.2812744320554095,0.18311929284987422,0.9325184074389385,0.0853747952572435
2023-12,MHB,mhb,equal,1360,1360.0,0.18337107600100622,0.10175975718669437,1.532084808796803,0.09291158553575479,0.9477941176470588,0.0591780425286742
2023-12,MHB,mhb,volume,1360,215474.0,0.18337107600100622,0.10175975718669437,2.5425941701544326,0.13619405908323093,0.9897853105247039,0.11549257702693538
2023-12,MHB,mhb,contract_balanced,1360,54.0,0.18337107600100622,0.10175975718669437,2.2847542606221576,0.1830625111946455,0.9325184074389385,0.08530960911778697
2024-01,DR normal,dr_normal,equal,2942,2942.0,0.18118579622411676,0.10030245515133122,4.419312307859235,0.1008319056927306,0.8902107409925222,0.04003617708269061
2024-01,DR normal,dr_normal,volume,2942,507511.0,0.18118579622411676,0.10030245515133122,31.850153988100537,0.2846370684208991,0.8877856834630184,0.04038555393780373
2024-01,DR normal,dr_normal,contract_balanced,2942,66.0,0.18118579622411676,0.10030245515133122,24.40066351637975,0.23067518800923914,0.8135937819525165,0.04230730572866529
2024-01,DR-AS normal,dras_normal,equal,2942,2942.0,0.18118579622411676,0.10030245515133122,3.412261896790845,0.0964988326177675,0.9010876954452754,0.04919590873688455
2024-01,DR-AS normal,dras_normal,volume,2942,507511.0,0.18118579622411676,0.10030245515133122,3.061496845389576,0.21440898861752108,0.9507557471660713,0.12504497188688368
2024-01,DR-AS normal,dras_normal,contract_balanced,2942,66.0,0.18118579622411676,0.10030245515133122,2.915582591163539,0.14382207737750624,0.9306305645277015,0.11308444893208669
2024-01,"Beta, no hurdle",beta_no_hurdle,equal,2942,2942.0,0.18118579622411676,0.10030245515133122,3.38667314241751,0.09645305343033363,0.8993881713120329,0.0464086306905596
2024-01,"Beta, no hurdle",beta_no_hurdle,volume,2942,507511.0,0.18118579622411676,0.10030245515133122,3.044914599643241,0.2370107730526586,0.944483961923978,0.10335602044778593
2024-01,"Beta, no hurdle",beta_no_hurdle,contract_balanced,2942,66.0,0.18118579622411676,0.10030245515133122,2.91154389817092,0.1486217464185337,0.9134966830086562,0.09426487683086393
2024-01,"Hurdle beta, post-hoc coherence",hurdle_posthoc,equal,2942,2942.0,0.18118579622411676,0.10030245515133122,2.052685341527602,0.09484600895283592,0.9303195105370498,0.05700370238072555
2024-01,"Hurdle beta, post-hoc coherence",hurdle_posthoc,volume,2942,507511.0,0.18118579622411676,0.10030245515133122,2.970022894473432,0.23734399380612342,0.9486710632872982,0.1131019703128395
2024-01,"Hurdle beta, post-hoc coherence",hurdle_posthoc,contract_balanced,2942,66.0,0.18118579622411676,0.10030245515133122,2.5383747589878762,0.1476200083268338,0.9343591311546896,0.10705979501631414
2024-01,MHB,mhb,equal,2942,2942.0,0.18118579622411676,0.10030245515133122,2.0503375947424676,0.09493002339372357,0.9309993201903468,0.056975979186787
2024-01,MHB,mhb,volume,2942,507511.0,0.18118579622411676,0.10030245515133122,2.971867798842417,0.2375163178325478,0.9486710632872982,0.11309338296458807
2024-01,MHB,mhb,contract_balanced,2942,66.0,0.18118579622411676,0.10030245515133122,2.537945628818828,0.14796374882809624,0.9343591311546896,0.10706740671174042
2024-02,DR normal,dr_normal,equal,1300,1300.0,0.17856475448389833,0.0998846175421503,11.52968662943648,0.21955759808091035,0.8592307692307694,0.03343412330269045
2024-02,DR normal,dr_normal,volume,1300,393950.0,0.17856475448389833,0.0998846175421503,3.1919467070939973,0.05847437196483003,0.9152278207894402,0.036751855688124405
2024-02,DR normal,dr_normal,contract_balanced,1300,62.0,0.17856475448389833,0.0998846175421503,36.868970788503525,0.6383758392076911,0.7223233812105718,0.035626925685831604
2024-02,DR-AS normal,dras_normal,equal,1300,1300.0,0.17856475448389833,0.0998846175421503,10.97887737750341,0.2215729427792048,0.8746153846153848,0.04431647792085973
2024-02,DR-AS normal,dras_normal,volume,1300,393950.0,0.17856475448389833,0.0998846175421503,2.740408593658298,0.11872062870534864,0.9964411727376571,0.1160798075065471
2024-02,DR-AS normal,dras_normal,contract_balanced,1300,62.0,0.17856475448389833,0.0998846175421503,26.051874508664305,0.5937856626161374,0.7917034936521754,0.0812073250050256
2024-02,"Beta, no hurdle",beta_no_hurdle,equal,1300,1300.0,0.17856475448389833,0.0998846175421503,10.459988882117598,0.22015229014145582,0.8730769230769233,0.040958642806146084
2024-02,"Beta, no hurdle",beta_no_hurdle,volume,1300,393950.0,0.17856475448389833,0.0998846175421503,2.5339559051919145,0.10162617431758682,0.9944104581799721,0.09650377312649988
2024-02,"Beta, no hurdle",beta_no_hurdle,contract_balanced,1300,62.0,0.17856475448389833,0.0998846175421503,21.433280150153685,0.60169880987218,0.7751993676206674,0.06864900256789658
2024-02,"Hurdle beta, post-hoc coherence",hurdle_posthoc,equal,1300,1300.0,0.17856475448389833,0.0998846175421503,4.43001156725493,0.2224344557981613,0.8853846153846155,0.04939985073619317
2024-02,"Hurdle beta, post-hoc coherence",hurdle_posthoc,volume,1300,393950.0,0.17856475448389833,0.0998846175421503,2.28331813106348,0.11077407911640283,0.9966924736641706,0.10708151368813201
2024-02,"Hurdle beta, post-hoc coherence",hurdle_posthoc,contract_balanced,1300,62.0,0.17856475448389833,0.0998846175421503,5.291605285872121,0.6104256265317319,0.7603869162419976,0.07808706500929648
2024-02,MHB,mhb,equal,1300,1300.0,0.17856475448389833,0.0998846175421503,4.435195395306205,0.22278049075788048,0.8861538461538463,0.04936904900619092
2024-02,MHB,mhb,volume,1300,393950.0,0.17856475448389833,0.0998846175421503,2.2842481139396416,0.11076145997792106,0.9966924736641706,0.10706321303254511
2024-02,MHB,mhb,contract_balanced,1300,62.0,0.17856475448389833,0.0998846175421503,5.287530802552927,0.6122726001295307,0.7603869162419976,0.07791826737206467
2024-03,DR normal,dr_normal,equal,1549,1549.0,0.17235603822963694,0.09606852764976731,59.407223869683165,0.9089583491654823,0.7333763718528084,0.03270103015377058
2024-03,DR normal,dr_normal,volume,1549,574170.0,0.17235603822963694,0.09606852764976731,5.205104681712553,0.1953917753047262,0.891408467875368,0.06940717805578901
2024-03,DR normal,dr_normal,contract_balanced,1549,68.0,0.17235603822963694,0.09606852764976731,103.7950478748391,1.7022262207580825,0.6043355783173001,0.025918928299737173
2024-03,DR-AS normal,dras_normal,equal,1549,1549.0,0.17235603822963694,0.09606852764976731,58.1904864107982,0.8994862552065994,0.751452550032279,0.04380953327575581
2024-03,DR-AS normal,dras_normal,volume,1549,574170.0,0.17235603822963694,0.09606852764976731,3.8204465258468066,0.21959996127713732,0.9686312416183362,0.17893586029272995
2024-03,DR-AS normal,dras_normal,contract_balanced,1549,68.0,0.17235603822963694,0.09606852764976731,98.75488696542779,1.65268993684223,0.7281245361759182,0.0735900799723206
2024-03,"Beta, no hurdle",beta_no_hurdle,equal,1549,1549.0,0.17235603822963694,0.09606852764976731,53.35852616191805,0.8994949070094986,0.7475790832795353,0.04030959257405102
2024-03,"Beta, no hurdle",beta_no_hurdle,volume,1549,574170.0,0.17235603822963694,0.09606852764976731,4.224285659126744,0.19567931497720004,0.9674016406290821,0.14721506392209388
2024-03,"Beta, no hurdle",beta_no_hurdle,contract_balanced,1549,68.0,0.17235603822963694,0.09606852764976731,86.30341626964005,1.6545346665907774,0.70572160068428,0.06294097882930788
2024-03,"Hurdle beta, post-hoc coherence",hurdle_posthoc,equal,1549,1549.0,0.17235603822963694,0.09606852764976731,25.3273366896103,0.8911618569389852,0.7669464170432538,0.04670081352966278
2024-03,"Hurdle beta, post-hoc coherence",hurdle_posthoc,volume,1549,574170.0,0.17235603822963694,0.09606852764976731,3.9558860459637284,0.2002362552786823,0.9676088963199053,0.15929825699524225
2024-03,"Hurdle beta, post-hoc coherence",hurdle_posthoc,contract_balanced,1549,68.0,0.17235603822963694,0.09606852764976731,42.18127952318369,1.659630190078968,0.7267310822859535,0.06857484196013733
2024-03,MHB,mhb,equal,1549,1549.0,0.17235603822963694,0.09606852764976731,25.4003185368962,0.8910479233731179,0.7675919948353778,0.04678106296350529
2024-03,MHB,mhb,volume,1549,574170.0,0.17235603822963694,0.09606852764976731,3.957705428461657,0.20018360954968265,0.9676088963199053,0.15934540262766886
2024-03,MHB,mhb,contract_balanced,1549,68.0,0.17235603822963694,0.09606852764976731,42.30361692281399,1.6599336099291406,0.7267310822859535,0.06869891019778991
2024-04,DR normal,dr_normal,equal,1201,1201.0,0.17309884581373303,0.09582320007423906,8.750722787950323,0.1463816463959388,0.8151540383014155,0.03475652071529692
2024-04,DR normal,dr_normal,volume,1201,529316.0,0.17309884581373303,0.09582320007423906,3.1357036093597257,0.15147140709960108,0.8086757248977927,0.04993551683046036
2024-04,DR normal,dr_normal,contract_balanced,1201,66.0,0.17309884581373303,0.09582320007423906,4.115975859038175,0.08299572394889006,0.8431499226500642,0.03422464870837482
2024-04,DR-AS normal,dras_normal,equal,1201,1201.0,0.17309884581373303,0.09582320007423906,8.692849298558443,0.14772918537848562,0.835970024979184,0.04560512343271705
2024-04,DR-AS normal,dras_normal,volume,1201,529316.0,0.17309884581373303,0.09582320007423906,3.1155221984592276,0.17833706959098072,0.9977461478587462,0.17736679639758723
2024-04,DR-AS normal,dras_normal,contract_balanced,1201,66.0,0.17309884581373303,0.09582320007423906,3.905762426560703,0.09783813587649698,0.897493588077273,0.07211676150938984
2024-04,"Beta, no hurdle",beta_no_hurdle,equal,1201,1201.0,0.17309884581373303,0.09582320007423906,9.171650753897294,0.14529848336130827,0.8376353039134055,0.04250013861288822
2024-04,"Beta, no hurdle",beta_no_hurdle,volume,1201,529316.0,0.17309884581373303,0.09582320007423906,2.9456115096822,0.14394344201078424,0.9962819941207143,0.14232682147143735
2024-04,"Beta, no hurdle",beta_no_hurdle,contract_balanced,1201,66.0,0.17309884581373303,0.09582320007423906,3.7106242218328758,0.08886587624909795,0.886856350259575,0.06237640613327959
2024-04,"Hurdle beta, post-hoc coherence",hurdle_posthoc,equal,1201,1201.0,0.17309884581373303,0.09582320007423906,2.9091444736337153,0.141167101200975,0.8767693588676103,0.050571680474451985
2024-04,"Hurdle beta, post-hoc coherence",hurdle_posthoc,volume,1201,529316.0,0.17309884581373303,0.09582320007423906,2.949124975651415,0.1555932706469305,0.9978330524677131,0.15450521217535854
2024-04,"Hurdle beta, post-hoc coherence",hurdle_posthoc,contract_balanced,1201,66.0,0.17309884581373303,0.09582320007423906,2.4277616470920838,0.0946227251738267,0.9268981349282114,0.0702371693347008
2024-04,MHB,mhb,equal,1201,1201.0,0.17309884581373303,0.09582320007423906,2.939468495276065,0.14119125131457816,0.8759367194004997,0.05054972470177416
2024-04,MHB,mhb,volume,1201,529316.0,0.17309884581373303,0.09582320007423906,2.946766537334155,0.15556994433653912,0.9978330524677131,0.1544772085296685
2024-04,MHB,mhb,contract_balanced,1201,66.0,0.17309884581373303,0.09582320007423906,2.427648033457694,0.09448471181455324,0.9268981349282114,0.07022457614042638
2024-05,DR normal,dr_normal,equal,1639,1639.0,0.16356841954961288,0.09151016724193435,2.6882806242540447,0.0734217870002151,0.8108602806589384,0.029192067633729113
2024-05,DR normal,dr_normal,volume,1639,651414.0,0.16356841954961288,0.09151016724193435,2.0287939447471026,0.0667546766347791,0.9647551326805994,0.04341406087983733
2024-05,DR normal,dr_normal,contract_balanced,1639,55.0,0.16356841954961288,0.09151016724193435,2.762990337702483,0.07919273399011137,0.7494329329749235,0.034529531527604976
2024-05,DR-AS normal,dras_normal,equal,1639,1639.0,0.16356841954961288,0.09151016724193435,2.705148637020338,0.07664889427457423,0.816961561928005,0.035648915234693455
2024-05,DR-AS normal,dras_normal,volume,1639,651414.0,0.16356841954961288,0.09151016724193435,2.833418577922826,0.1350398106462996,0.9907662408238079,0.12557422905058396
2024-05,DR-AS normal,dras_normal,contract_balanced,1639,55.0,0.16356841954961288,0.09151016724193435,2.6846928475554854,0.10014824874465332,0.799613677673841,0.07117713014605134
2024-05,"Beta, no hurdle",beta_no_hurdle,equal,1639,1639.0,0.16356841954961288,0.09151016724193435,2.7072185924178145,0.07519160751250124,0.8133007931665651,0.03372951620677066
2024-05,"Beta, no hurdle",beta_no_hurdle,volume,1639,651414.0,0.16356841954961288,0.09151016724193435,2.666719244293393,0.11885541944360428,0.9907662408238079,0.10665897711049255
2024-05,"Beta, no hurdle",beta_no_hurdle,contract_balanced,1639,55.0,0.16356841954961288,0.09151016724193435,2.703201236107057,0.09353368544072121,0.7911058519560829,0.06324156437500218
2024-05,"Hurdle beta, post-hoc coherence",hurdle_posthoc,equal,1639,1639.0,0.16356841954961288,0.09151016724193435,2.09414810558343,0.0730569611029492,0.8694325808419769,0.04056703062780548
2024-05,"Hurdle beta, post-hoc coherence",hurdle_posthoc,volume,1639,651414.0,0.16356841954961288,0.09151016724193435,1.9700204543587494,0.12889089792965128,0.9907662408238079,0.1179066700318668
2024-05,"Hurdle beta, post-hoc coherence",hurdle_posthoc,contract_balanced,1639,55.0,0.16356841954961288,0.09151016724193435,2.212747126492194,0.0933309092804599,0.856051639531461,0.06904403959408317
2024-05,MHB,mhb,equal,1639,1639.0,0.16356841954961288,0.09151016724193435,2.0934244928429466,0.07296305331657815,0.8694325808419769,0.040503173602202236
2024-05,MHB,mhb,volume,1639,651414.0,0.16356841954961288,0.09151016724193435,1.9688172919539086,0.1289858119084884,0.9907662408238079,0.1179579077143599
2024-05,MHB,mhb,contract_balanced,1639,55.0,0.16356841954961288,0.09151016724193435,2.2072451251998233,0.09351054086994642,0.856051639531461,0.06928505038951183
2024-06,DR normal,dr_normal,equal,1037,1037.0,0.15787062980887373,0.08590565190746909,3.8445293071397413,0.06355082166787092,0.8775313404050147,0.02682243244615177
2024-06,DR normal,dr_normal,volume,1037,583069.0,0.15787062980887373,0.08590565190746909,2.289421088485654,0.08337249668343812,0.9593169933575614,0.03141164687644256
2024-06,DR normal,dr_normal,contract_balanced,1037,45.99999999999999,0.15787062980887373,0.08590565190746909,2.7280534966213166,0.05588358687318687,0.7885043435934449,0.021248174895959634
2024-06,DR-AS normal,dras_normal,equal,1037,1037.0,0.15787062980887373,0.08590565190746909,3.879406845301305,0.06839057658309028,0.883317261330762,0.035281530870461604
2024-06,DR-AS normal,dras_normal,volume,1037,583069.0,0.15787062980887373,0.08590565190746909,3.0530690756220347,0.164477576276654,0.9905671541447066,0.15011129659298747
2024-06,DR-AS normal,dras_normal,contract_balanced,1037,45.99999999999999,0.15787062980887373,0.08590565190746909,2.9457081501912175,0.07944494273406907,0.846307371020557,0.05590050085557392
2024-06,"Beta, no hurdle",beta_no_hurdle,equal,1037,1037.0,0.15787062980887373,0.08590565190746909,3.4596241987560523,0.06705329540644159,0.887174541947927,0.03344663989966161
2024-06,"Beta, no hurdle",beta_no_hurdle,volume,1037,583069.0,0.15787062980887373,0.08590565190746909,2.8810582918513292,0.13894413104479506,0.9905671541447066,0.12235327828518328
2024-06,"Beta, no hurdle",beta_no_hurdle,contract_balanced,1037,45.99999999999999,0.15787062980887373,0.08590565190746909,2.2454474836070313,0.07341509887071342,0.8523094205008673,0.04915867764376663
2024-06,"Hurdle beta, post-hoc coherence",hurdle_posthoc,equal,1037,1037.0,0.15787062980887373,0.08590565190746909,2.5251680240260934,0.06553431213601535,0.9151398264223725,0.03966142148493122
2024-06,"Hurdle beta, post-hoc coherence",hurdle_posthoc,volume,1037,583069.0,0.15787062980887373,0.08590565190746909,2.107670488011796,0.14851798386398646,0.9905671541447066,0.1332168156246773
2024-06,"Hurdle beta, post-hoc coherence",hurdle_posthoc,contract_balanced,1037,45.99999999999999,0.15787062980887373,0.08590565190746909,1.8458990319821376,0.07259635607870023,0.8757064341152725,0.05410111741047268
2024-06,MHB,mhb,equal,1037,1037.0,0.15787062980887373,0.08590565190746909,1.8469757470998265,0.0655733339496377,0.9151398264223725,0.03961669275377464
2024-06,MHB,mhb,volume,1037,583069.0,0.15787062980887373,0.08590565190746909,2.1083816448868293,0.14848676262184984,0.9905671541447066,0.13314382232787414
2024-06,MHB,mhb,contract_balanced,1037,45.99999999999999,0.15787062980887373,0.08590565190746909,1.8451788379281762,0.07255129737531274,0.8757064341152725,0.05407547702780347
2024-07,DR normal,dr_normal,equal,655,655.0,0.15301494204749236,0.08155673633930172,6.188646155415112,0.1546241259544226,0.8015267175572519,0.029484420491141063
2024-07,DR normal,dr_normal,volume,655,524534.0,0.15301494204749236,0.08155673633930172,2.650013034082926,0.0986104269267024,0.9214159615963884,0.04059632337691156
2024-07,DR normal,dr_normal,contract_balanced,655,39.0,0.15301494204749236,0.08155673633930172,4.5805715828305615,0.16527585143153148,0.6874901786294955,0.0228534927382694
2024-07,DR-AS normal,dras_normal,equal,655,655.0,0.15301494204749236,0.08155673633930172,6.089434045011743,0.15406053180925475,0.8213740458015266,0.04453009544907188
2024-07,DR-AS normal,dras_normal,volume,655,524534.0,0.15301494204749236,0.08155673633930172,3.0471046096295162,0.1717085541810269,0.9968429119942652,0.16936120016171474
2024-07,DR-AS normal,dras_normal,contract_balanced,655,39.0,0.15301494204749236,0.08155673633930172,3.6179710874371875,0.13997488528489926,0.7528739534222996,0.06218253577049883
2024-07,"Beta, no hurdle",beta_no_hurdle,equal,655,655.0,0.15301494204749236,0.08155673633930172,5.7849609873186285,0.15070556026019064,0.8198473282442749,0.04023743609674887
2024-07,"Beta, no hurdle",beta_no_hurdle,volume,655,524534.0,0.15301494204749236,0.08155673633930172,2.8136533652824,0.13579554305799363,0.9942272569556978,0.1312655457777883
2024-07,"Beta, no hurdle",beta_no_hurdle,contract_balanced,655,39.0,0.15301494204749236,0.08155673633930172,3.2840793106409216,0.13809081329203127,0.729508694613779,0.05096006843217519
2024-07,"Hurdle beta, post-hoc coherence",hurdle_posthoc,equal,655,655.0,0.15301494204749236,0.08155673633930172,2.914205262718096,0.14037103722911723,0.8519083969465648,0.04560388939799191
2024-07,"Hurdle beta, post-hoc coherence",hurdle_posthoc,volume,655,524534.0,0.15301494204749236,0.08155673633930172,2.4690369261663414,0.14660608129083713,0.9942653860378926,0.14297990702193214
2024-07,"Hurdle beta, post-hoc coherence",hurdle_posthoc,contract_balanced,655,39.0,0.15301494204749236,0.08155673633930172,2.730219920889847,0.12473818540293198,0.8207525444337807,0.05632231710612738
2024-07,MHB,mhb,equal,655,655.0,0.15301494204749236,0.08155673633930172,2.9196428531333245,0.14077074771212394,0.8519083969465648,0.046017752779559565
2024-07,MHB,mhb,volume,655,524534.0,0.15301494204749236,0.08155673633930172,2.4648695063824677,0.14677995410494468,0.9942653860378926,0.14313771307499745
2024-07,MHB,mhb,contract_balanced,655,39.0,0.15301494204749236,0.08155673633930172,2.733870714626608,0.12517751421573617,0.8207525444337807,0.056641725847153615
2024-08,DR normal,dr_normal,equal,1207,1207.0,0.14635744342510978,0.07778544782285084,15.08511500502123,0.26007622543129305,0.7149958574979287,0.034369692699361444
2024-08,DR normal,dr_normal,volume,1207,729396.0,0.14635744342510978,0.07778544782285084,5.340691252234169,0.31302951221629954,0.6494044387410953,0.04510318687866348
2024-08,DR normal,dr_normal,contract_balanced,1207,28.0,0.14635744342510978,0.07778544782285084,30.206631125624362,0.43885721906512587,0.46650297936508767,0.02314760920029942
2024-08,DR-AS normal,dras_normal,equal,1207,1207.0,0.14635744342510978,0.07778544782285084,14.767879327105824,0.2395886398088875,0.7729908864954432,0.054955346243400593
2024-08,DR-AS normal,dras_normal,volume,1207,729396.0,0.14635744342510978,0.07778544782285084,3.3176359968738565,0.19587862057647148,0.9956758742850249,0.19518749392910684
2024-08,DR-AS normal,dras_normal,contract_balanced,1207,28.0,0.14635744342510978,0.07778544782285084,27.39370695990314,0.29927131152056186,0.7786656979715674,0.09378661370990299
2024-08,"Beta, no hurdle",beta_no_hurdle,equal,1207,1207.0,0.14635744342510978,0.07778544782285084,12.770680361333802,0.23419477124472818,0.7688483844241922,0.04827678967970503
2024-08,"Beta, no hurdle",beta_no_hurdle,volume,1207,729396.0,0.14635744342510978,0.07778544782285084,3.155522499604608,0.15632409429880492,0.9898354254753248,0.15293163840278828
2024-08,"Beta, no hurdle",beta_no_hurdle,contract_balanced,1207,28.0,0.14635744342510978,0.07778544782285084,19.66801768361194,0.2796148369549911,0.7778361700937946,0.07510299454875259
2024-08,"Hurdle beta, post-hoc coherence",hurdle_posthoc,equal,1207,1207.0,0.14635744342510978,0.07778544782285084,7.032480147912675,0.21961134317622913,0.8102734051367027,0.05497310448211171
2024-08,"Hurdle beta, post-hoc coherence",hurdle_posthoc,volume,1207,729396.0,0.14635744342510978,0.07778544782285084,3.2036415066344124,0.16632901358900795,0.9935755063093299,0.1643330667017035
2024-08,"Hurdle beta, post-hoc coherence",hurdle_posthoc,contract_balanced,1207,28.0,0.14635744342510978,0.07778544782285084,5.39413111626277,0.2720219348102059,0.7826472789632546,0.08304491096154434
2024-08,MHB,mhb,equal,1207,1207.0,0.14635744342510978,0.07778544782285084,7.031947965097444,0.21983956203197935,0.8102734051367027,0.05487869516304982
2024-08,MHB,mhb,volume,1207,729396.0,0.14635744342510978,0.07778544782285084,3.200113123650981,0.16625360711526446,0.9935755063093299,0.16424170993268278
2024-08,MHB,mhb,contract_balanced,1207,28.0,0.14635744342510978,0.07778544782285084,5.393629026458522,0.27203146501437697,0.7826472789632546,0.08306003622389323
2024-09,DR normal,dr_normal,equal,1007,1007.0,0.1374051502317539,0.07502747502485016,22.410258576549367,0.4805584436229289,0.7179741807348559,0.0539083307888354
2024-09,DR normal,dr_normal,volume,1007,727265.0,0.1374051502317539,0.07502747502485016,10.391446873943176,0.4102354312887241,0.8792970925316081,0.08486846443289654
2024-09,DR normal,dr_normal,contract_balanced,1007,29.0,0.1374051502317539,0.07502747502485016,85.34995798926268,1.9586210516526386,0.6852223199792552,0.041591250363543913
2024-09,DR-AS normal,dras_normal,equal,1007,1007.0,0.1374051502317539,0.07502747502485016,20.84115969568754,0.4554439014945971,0.7527308838133067,0.07368176538508306
2024-09,DR-AS normal,dras_normal,volume,1007,727265.0,0.1374051502317539,0.07502747502485016,4.041694397934532,0.4136626565485988,0.9580510542924519,0.2741644225736195
2024-09,DR-AS normal,dras_normal,contract_balanced,1007,29.0,0.1374051502317539,0.07502747502485016,61.686598795826264,1.8121815628824338,0.7607230727102909,0.10523640119816399
2024-09,"Beta, no hurdle",beta_no_hurdle,equal,1007,1007.0,0.1374051502317539,0.07502747502485016,15.606896817228293,0.45043887370998503,0.7527308838133067,0.0676803899300857
2024-09,"Beta, no hurdle",beta_no_hurdle,volume,1007,727265.0,0.1374051502317539,0.07502747502485016,3.7436936621676153,0.38509782892717387,0.9569744178531897,0.22010222184735762
2024-09,"Beta, no hurdle",beta_no_hurdle,contract_balanced,1007,29.0,0.1374051502317539,0.07502747502485016,57.70687277734182,1.7576955360100945,0.7718762399208214,0.09395061489943006
2024-09,"Hurdle beta, post-hoc coherence",hurdle_posthoc,equal,1007,1007.0,0.1374051502317539,0.07502747502485016,10.961388191891041,0.4444332383021162,0.782522343594836,0.0734161771993473
2024-09,"Hurdle beta, post-hoc coherence",hurdle_posthoc,volume,1007,727265.0,0.1374051502317539,0.07502747502485016,3.3950691209869532,0.3962472811417817,0.9569744178531897,0.2315993752526776
2024-09,"Hurdle beta, post-hoc coherence",hurdle_posthoc,contract_balanced,1007,29.0,0.1374051502317539,0.07502747502485016,33.24546486009925,1.9052164314214923,0.7668475042886376,0.08843327115030525
2024-09,MHB,mhb,equal,1007,1007.0,0.1374051502317539,0.07502747502485016,10.974557211678363,0.4407486857758016,0.782522343594836,0.07376022101015602
2024-09,MHB,mhb,volume,1007,727265.0,0.1374051502317539,0.07502747502485016,3.3927918912906154,0.3943626391846803,0.9569744178531897,0.23171492111170214
2024-09,MHB,mhb,contract_balanced,1007,29.0,0.1374051502317539,0.07502747502485016,33.24825231930339,1.8520641559530802,0.7668475042886376,0.09196018234619113
2024-10,DR normal,dr_normal,equal,2018,2018.0,0.14283572621445473,0.07957697441900592,15.783994914771537,0.2608584967466854,0.9132804757185332,0.0496027367014375
2024-10,DR normal,dr_normal,volume,2018,131905080.0,0.14283572621445473,0.07957697441900592,1.866870524987497,0.04212397488966722,0.9984675343815417,0.041625285363140224
2024-10,DR normal,dr_normal,contract_balanced,2018,46.0,0.14283572621445473,0.07957697441900592,107.36870844606808,2.0315512493807732,0.5816867421458789,0.06065376643699728
2024-10,DR-AS normal,dras_normal,equal,2018,2018.0,0.14283572621445473,0.07957697441900592,16.074097011882515,0.29530542359338374,0.9236868186323092,0.09155765456226553
2024-10,DR-AS normal,dras_normal,volume,2018,131905080.0,0.14283572621445473,0.07957697441900592,3.21935857852781,0.20156793189259314,0.9999659224648514,0.20133462329691137
2024-10,DR-AS normal,dras_normal,contract_balanced,2018,46.0,0.14283572621445473,0.07957697441900592,104.83002651873637,2.018909131066463,0.6278608941346264,0.10041053334618907
2024-10,"Beta, no hurdle",beta_no_hurdle,equal,2018,2018.0,0.14283572621445473,0.07957697441900592,13.82451095332269,0.2805071398744333,0.923191278493558,0.07785930414068318
2024-10,"Beta, no hurdle",beta_no_hurdle,volume,2018,131905080.0,0.14283572621445473,0.07957697441900592,2.9582190214348985,0.15267562638661272,0.9999463629452331,0.15244809170207071
2024-10,"Beta, no hurdle",beta_no_hurdle,contract_balanced,2018,46.0,0.14283572621445473,0.07957697441900592,91.13790583105622,1.9879097170057123,0.6247388869260926,0.08956505358100192
2024-10,"Hurdle beta, post-hoc coherence",hurdle_posthoc,equal,2018,2018.0,0.14283572621445473,0.07957697441900592,7.126304788530821,0.2794849651490037,0.9321110009910802,0.08700304596021438
2024-10,"Hurdle beta, post-hoc coherence",hurdle_posthoc,volume,2018,131905080.0,0.14283572621445473,0.07957697441900592,2.153534959762096,0.16047029048401146,0.9999465524754619,0.16026958386858153
2024-10,"Hurdle beta, post-hoc coherence",hurdle_posthoc,contract_balanced,2018,46.0,0.14283572621445473,0.07957697441900592,65.00026538241441,1.9421911846301398,0.6721813449865661,0.10028345217887165
2024-10,MHB,mhb,equal,2018,2018.0,0.14283572621445473,0.07957697441900592,7.1414289095863035,0.27943960704760046,0.9321110009910802,0.08684755582417976
2024-10,MHB,mhb,volume,2018,131905080.0,0.14283572621445473,0.07957697441900592,2.1695041181707957,0.160128563716277,0.9999465524754619,0.15992845410872036
2024-10,MHB,mhb,contract_balanced,2018,46.0,0.14283572621445473,0.07957697441900592,64.97858453199763,1.9421537051292108,0.6721813449865661,0.1004331145224102
2024-11,DR normal,dr_normal,equal,2126,2126.0,0.013614718086875798,0.0028117509873505095,11.201501466752582,0.2398060593909549,0.9313264346190029,0.03781611796560011
2024-11,DR normal,dr_normal,volume,2126,373207793.0,0.013614718086875798,0.0028117509873505095,20.852356499980743,0.334370801441373,0.7019763223433011,0.028131891814663877
2024-11,DR normal,dr_normal,contract_balanced,2126,62.0,0.013614718086875798,0.0028117509873505095,52.93290458361735,0.9538986520433284,0.7208921462868825,0.06238738339023608
2024-11,DR-AS normal,dras_normal,equal,2126,2126.0,0.013614718086875798,0.0028117509873505095,10.478333531961392,0.2410470346888402,0.9435559736594543,0.051157864358581426
2024-11,DR-AS normal,dras_normal,volume,2126,373207793.0,0.013614718086875798,0.0028117509873505095,2.832021296188561,0.13526126846518194,0.9717114722735707,0.09263963499370706
2024-11,DR-AS normal,dras_normal,contract_balanced,2126,62.0,0.013614718086875798,0.0028117509873505095,52.34230723975975,0.9468507207897032,0.7459267185760526,0.06966626541045558
2024-11,"Beta, no hurdle",beta_no_hurdle,equal,2126,2126.0,0.013614718086875798,0.0028117509873505095,9.392305077724888,0.23806276325392772,0.9379115710253998,0.04227610696046229
2024-11,"Beta, no hurdle",beta_no_hurdle,volume,2126,373207793.0,0.013614718086875798,0.0028117509873505095,3.0947938744612595,0.21721441828911411,0.8906916715964718,0.05571451247450036
2024-11,"Beta, no hurdle",beta_no_hurdle,contract_balanced,2126,62.0,0.013614718086875798,0.0028117509873505095,47.159147747915625,0.9413437260155183,0.7349867013370622,0.0643760844132303
2024-11,"Hurdle beta, post-hoc coherence",hurdle_posthoc,equal,2126,2126.0,0.013614718086875798,0.0028117509873505095,6.566486249699867,0.23787535166034107,0.9506114769520226,0.049473865390399614
2024-11,"Hurdle beta, post-hoc coherence",hurdle_posthoc,volume,2126,373207793.0,0.013614718086875798,0.0028117509873505095,2.6768684811761982,0.20727231832124932,0.9020729559095783,0.06427239961274925
2024-11,"Hurdle beta, post-hoc coherence",hurdle_posthoc,contract_balanced,2126,62.0,0.013614718086875798,0.0028117509873505095,28.58648593906143,0.9290977800368626,0.8027576978047981,0.07244250357352883
2024-11,MHB,mhb,equal,2126,2126.0,0.013614718086875798,0.0028117509873505095,6.894651391367122,0.23788146565431206,0.9506114769520226,0.049471506842624705
2024-11,MHB,mhb,volume,2126,373207793.0,0.013614718086875798,0.0028117509873505095,2.678142810596389,0.20733539417968963,0.9020729559095783,0.06423369622086841
2024-11,MHB,mhb,contract_balanced,2126,62.0,0.013614718086875798,0.0028117509873505095,34.060117097149195,0.9289745371379946,0.8027576978047981,0.07228805371839367
2024-12,DR normal,dr_normal,equal,2024,2024.0,0.013589322224440443,0.006569321280411386,3.3498560194059124,0.1064501807042735,0.9668972332015806,0.08198217415207268
2024-12,DR normal,dr_normal,volume,2024,18035067.0,0.013589322224440443,0.006569321280411386,0.9747286210559747,0.017548273696196822,0.994775345165061,0.01598095329421794
2024-12,DR normal,dr_normal,contract_balanced,2024,69.99999999999999,0.013589322224440443,0.006569321280411386,12.843526291004718,0.1777884406415828,0.9082526577866442,0.07547587214604555
2024-12,DR-AS normal,dras_normal,equal,2024,2024.0,0.013589322224440443,0.006569321280411386,3.30059426052041,0.10779771810559867,0.9723320158102764,0.08635737404698884
2024-12,DR-AS normal,dras_normal,volume,2024,18035067.0,0.013589322224440443,0.006569321280411386,2.444907974247145,0.07048250544523882,0.9992252316001932,0.06981350785367457
2024-12,DR-AS normal,dras_normal,contract_balanced,2024,69.99999999999999,0.013589322224440443,0.006569321280411386,7.183703698025879,0.14499828758765732,0.9270576357902347,0.0847261304706578
2024-12,"Beta, no hurdle",beta_no_hurdle,equal,2024,2024.0,0.013589322224440443,0.006569321280411386,2.9046272020975232,0.10783477868301843,0.9708498023715413,0.08557149506156143
2024-12,"Beta, no hurdle",beta_no_hurdle,volume,2024,18035067.0,0.013589322224440443,0.006569321280411386,2.281624895793766,0.06720402767634508,0.9974285651392368,0.06637739302748803
2024-12,"Beta, no hurdle",beta_no_hurdle,contract_balanced,2024,69.99999999999999,0.013589322224440443,0.006569321280411386,7.136846709857169,0.15547679574808598,0.9123912208777709,0.08524799468219763
2024-12,"Hurdle beta, post-hoc coherence",hurdle_posthoc,equal,2024,2024.0,0.013589322224440443,0.006569321280411386,22.734485546851328,0.15989206613924573,0.7890316205533594,0.06811947553132652
2024-12,"Hurdle beta, post-hoc coherence",hurdle_posthoc,volume,2024,18035067.0,0.013589322224440443,0.006569321280411386,1.4329854059858842,0.05661436898314093,0.9914768822317099,0.05364634333184646
2024-12,"Hurdle beta, post-hoc coherence",hurdle_posthoc,contract_balanced,2024,69.99999999999999,0.013589322224440443,0.006569321280411386,22.513208253452795,0.2125325441286779,0.6708887476266112,0.07276055132785161
2024-12,MHB,mhb,equal,2024,2024.0,0.013589322224440443,0.006569321280411386,3.069044972076667,0.16100425674879332,0.7880434782608693,0.06904349964748435
2024-12,MHB,mhb,volume,2024,18035067.0,0.013589322224440443,0.006569321280411386,1.4334415871927983,0.05710126736353157,0.9914491584644514,0.054129248179904145
2024-12,MHB,mhb,contract_balanced,2024,69.99999999999999,0.013589322224440443,0.006569321280411386,4.342013009451468,0.21300089645108009,0.6707650017906586,0.07292401967426483
2025-01,DR normal,dr_normal,equal,1986,1986.0,0.013186920463154464,0.006268503568543197,2.62255919534944,0.11082782105757512,0.9723061430010074,0.08741519670397638
2025-01,DR normal,dr_normal,volume,1986,5422203.0,0.013186920463154464,0.006268503568543197,1.1633262778189928,0.02672191832222546,0.9964387168831561,0.02254110395798058
2025-01,DR normal,dr_normal,contract_balanced,1986,84.0,0.013186920463154464,0.006268503568543197,11.731914600458895,0.19109601098479767,0.8547633467284383,0.08186453204773159
2025-01,DR-AS normal,dras_normal,equal,1986,1986.0,0.013186920463154464,0.006268503568543197,2.3436238147558095,0.11183320379224489,0.9748237663645523,0.08975827858277823
2025-01,DR-AS normal,dras_normal,volume,1986,5422203.0,0.013186920463154464,0.006268503568543197,1.8349897527607344,0.03998012244521515,0.9969951327901224,0.036834821680121727
2025-01,DR-AS normal,dras_normal,contract_balanced,1986,84.0,0.013186920463154464,0.006268503568543197,3.639737423352272,0.18488982847702146,0.8652007684477879,0.08914134946296247
2025-01,"Beta, no hurdle",beta_no_hurdle,equal,1986,1986.0,0.013186920463154464,0.006268503568543197,2.6568698828936332,0.11127124990578079,0.9758308157099702,0.09020326818273651
2025-01,"Beta, no hurdle",beta_no_hurdle,volume,1986,5422203.0,0.013186920463154464,0.006268503568543197,1.7748427716356123,0.0417123515609264,0.9964097618624755,0.03860257284780597
2025-01,"Beta, no hurdle",beta_no_hurdle,contract_balanced,1986,84.0,0.013186920463154464,0.006268503568543197,11.665120179427483,0.18416813264459525,0.8646760447783322,0.08766403772977112
2025-01,"Hurdle beta, post-hoc coherence",hurdle_posthoc,equal,1986,1986.0,0.013186920463154464,0.006268503568543197,40.88027339972061,0.16727003507512805,0.7895266868076538,0.0695975912915493
2025-01,"Hurdle beta, post-hoc coherence",hurdle_posthoc,volume,1986,5422203.0,0.013186920463154464,0.006268503568543197,0.7307163158929431,0.026040837735383033,0.9849511351751309,0.020251686608665404
2025-01,"Hurdle beta, post-hoc coherence",hurdle_posthoc,contract_balanced,1986,84.0,0.013186920463154464,0.006268503568543197,22.501427219660858,0.2587332989026584,0.6797225845961951,0.07905970527664904
2025-01,MHB,mhb,equal,1986,1986.0,0.013186920463154464,0.006268503568543197,3.327411177213291,0.1676535295123668,0.7915407854984897,0.0704507569877169
2025-01,MHB,mhb,volume,1986,5422203.0,0.013186920463154464,0.006268503568543197,0.6328097971477201,0.025807064340236822,0.9875074762047824,0.01999340314397329
2025-01,MHB,mhb,contract_balanced,1986,84.0,0.013186920463154464,0.006268503568543197,4.287116283464829,0.25912540295712677,0.6799214575493113,0.07909393956839968
2025-02,DR normal,dr_normal,equal,3272,3272.0,0.013159233409076035,0.006206637139361355,3.447246327904337,0.1160025053371655,0.9575183374083133,0.0866657608043614
2025-02,DR normal,dr_normal,volume,3272,840955.0,0.013159233409076035,0.006206637139361355,2.343958035698181,0.12122995893417561,0.9806767306217337,0.10628601802635189
2025-02,DR normal,dr_normal,contract_balanced,3272,94.0,0.013159233409076035,0.006206637139361355,15.886881840242033,0.38930127835297706,0.8182727653339805,0.07784279640683114
2025-02,DR-AS normal,dras_normal,equal,3272,3272.0,0.013159233409076035,0.006206637139361355,3.4500691454935426,0.11648919598782134,0.9605745721271397,0.08848684134833618
2025-02,DR-AS normal,dras_normal,volume,3272,840955.0,0.013159233409076035,0.006206637139361355,2.446462683726433,0.1260590088203423,0.9920114631579573,0.11832952256279229
2025-02,DR-AS normal,dras_normal,contract_balanced,3272,94.0,0.013159233409076035,0.006206637139361355,15.70259949117537,0.38146750750520714,0.8358797615358218,0.0865921753386399
2025-02,"Beta, no hurdle",beta_no_hurdle,equal,3272,3272.0,0.013159233409076035,0.006206637139361355,3.423246984705618,0.11613541547098699,0.9596577017114917,0.08769091766365154
2025-02,"Beta, no hurdle",beta_no_hurdle,volume,3272,840955.0,0.013159233409076035,0.006206637139361355,2.392419909912128,0.12145307000144026,0.989061245845497,0.1125522212235755
2025-02,"Beta, no hurdle",beta_no_hurdle,contract_balanced,3272,94.0,0.013159233409076035,0.006206637139361355,15.195142127474133,0.3839475106480078,0.8247049100521265,0.08313441732503538
2025-02,"Hurdle beta, post-hoc coherence",hurdle_posthoc,equal,3272,3272.0,0.013159233409076035,0.006206637139361355,50.20706670065833,0.18807536945442238,0.6894865525672373,0.06072171591736482
2025-02,"Hurdle beta, post-hoc coherence",hurdle_posthoc,volume,3272,840955.0,0.013159233409076035,0.006206637139361355,3.7517301649322183,0.14341277297003965,0.8835252778091575,0.10361754268293562
2025-02,"Hurdle beta, post-hoc coherence",hurdle_posthoc,contract_balanced,3272,94.0,0.013159233409076035,0.006206637139361355,30.25109537307793,0.4648496034272273,0.698357381802629,0.07610680075851703
2025-02,MHB,mhb,equal,3272,3272.0,0.013159233409076035,0.006206637139361355,4.012468096207105,0.1883896230857799,0.6879584352078241,0.061060123920613066
2025-02,MHB,mhb,volume,3272,840955.0,0.013159233409076035,0.006206637139361355,2.5970793862932986,0.1451879021635864,0.8818723950746472,0.10364357826131167
2025-02,MHB,mhb,contract_balanced,3272,94.0,0.013159233409076035,0.006206637139361355,4.414224826682716,0.4656800171899559,0.6971038459669352,0.07626258756417656
2025-03,DR normal,dr_normal,equal,19291,19291.0,0.013156880640530806,0.006204694851714924,3.2144097427607345,0.16705272492367332,0.9820641750038878,0.1492752981294839
2025-03,DR normal,dr_normal,volume,19291,80263354.0,0.013156880640530806,0.006204694851714924,4.241944282704756,0.35804011957839643,0.9877800023158764,0.34190107740803366
2025-03,DR normal,dr_normal,contract_balanced,19291,261.0,0.013156880640530806,0.006204694851714924,7.529231489314745,0.30932396439948606,0.9664869100879485,0.2610976589177155
2025-03,DR-AS normal,dras_normal,equal,19291,19291.0,0.013156880640530806,0.006204694851714924,3.1776900317696524,0.16828781709911395,0.983878492561298,0.15144478594418442
2025-03,DR-AS normal,dras_normal,volume,19291,80263354.0,0.013156880640530806,0.006204694851714924,3.472310128097613,0.35852450261122243,0.9947067624410513,0.3471401877890775
2025-03,DR-AS normal,dras_normal,contract_balanced,19291,261.0,0.013156880640530806,0.006204694851714924,7.493806966315896,0.3109976620264007,0.975513546483083,0.2665001414589995
2025-03,"Beta, no hurdle",beta_no_hurdle,equal,19291,19291.0,0.013156880640530806,0.006204694851714924,5.474204863247054,0.16926409404841858,0.9832564408273288,0.15259613418725612
2025-03,"Beta, no hurdle",beta_no_hurdle,volume,19291,80263354.0,0.013156880640530806,0.006204694851714924,32.72008878546231,0.37020085540795533,0.9920769196861621,0.35709317722539424
2025-03,"Beta, no hurdle",beta_no_hurdle,contract_balanced,19291,261.0,0.013156880640530806,0.006204694851714924,23.651157126745524,0.3221907127847181,0.9704568299145577,0.2757873067567201
2025-03,"Hurdle beta, post-hoc coherence",hurdle_posthoc,equal,19291,19291.0,0.013156880640530806,0.006204694851714924,30.651714085978895,0.2101090081619829,0.8508630967808822,0.13529549217018438
2025-03,"Hurdle beta, post-hoc coherence",hurdle_posthoc,volume,19291,80263354.0,0.013156880640530806,0.006204694851714924,32.25767169364532,0.387520016001828,0.9759209539137874,0.3702707964722882
2025-03,"Hurdle beta, post-hoc coherence",hurdle_posthoc,contract_balanced,19291,261.0,0.013156880640530806,0.006204694851714924,36.145125717363385,0.35476585840752556,0.8974121372820089,0.281599062791773
2025-03,MHB,mhb,equal,19291,19291.0,0.013156880640530806,0.006204694851714924,4.9107280530259985,0.21131468129567338,0.8519516873153283,0.13629452718126311
2025-03,MHB,mhb,volume,19291,80263354.0,0.013156880640530806,0.006204694851714924,31.73648705790838,0.3879228362495665,0.9758392229659378,0.37051152351661104
2025-03,MHB,mhb,contract_balanced,19291,261.0,0.013156880640530806,0.006204694851714924,19.21204465827713,0.356055040803402,0.895320503746698,0.28187774364032525
2025-04,DR normal,dr_normal,equal,15879,15879.0,0.01317624946761847,0.006173398284756821,3.115491300681864,0.10944955805604607,0.9725423515334715,0.08099089002114954
2025-04,DR normal,dr_normal,volume,15879,36465375.0,0.01317624946761847,0.006173398284756821,7.629877551250633,0.5689311607590152,0.9233546892085985,0.24585764685210257
2025-04,DR normal,dr_normal,contract_balanced,15879,156.0,0.01317624946761847,0.006173398284756821,4.855671553467493,0.2543933327628878,0.8804934258367652,0.08836729971623974
2025-04,DR-AS normal,dras_normal,equal,15879,15879.0,0.01317624946761847,0.006173398284756821,3.028549366495416,0.10917936901905585,0.9770766421059258,0.08347933285823794
2025-04,DR-AS normal,dras_normal,volume,15879,36465375.0,0.01317624946761847,0.006173398284756821,7.384365421891163,0.5564020269924418,0.9441418880239131,0.2556523833417756
2025-04,DR-AS normal,dras_normal,contract_balanced,15879,156.0,0.01317624946761847,0.006173398284756821,4.504083186417633,0.2446906685302196,0.9024006124391671,0.10068564577383537
2025-04,"Beta, no hurdle",beta_no_hurdle,equal,15879,15879.0,0.01317624946761847,0.006173398284756821,3.276216472632103,0.1091853752819068,0.9760060457207629,0.0827845235763557
2025-04,"Beta, no hurdle",beta_no_hurdle,volume,15879,36465375.0,0.01317624946761847,0.006173398284756821,16.792091450483984,0.5551682265796247,0.9341088086986628,0.25036819526623844
2025-04,"Beta, no hurdle",beta_no_hurdle,contract_balanced,15879,156.0,0.01317624946761847,0.006173398284756821,5.518189244878606,0.24989862977828647,0.8944883477298637,0.09815416513957134
2025-04,"Hurdle beta, post-hoc coherence",hurdle_posthoc,equal,15879,15879.0,0.01317624946761847,0.006173398284756821,30.164825394496077,0.14804108613456085,0.7753007116317147,0.05043030099365428
2025-04,"Hurdle beta, post-hoc coherence",hurdle_posthoc,volume,15879,36465375.0,0.01317624946761847,0.006173398284756821,17.454917939271603,0.5938528938893359,0.9202463158544236,0.2941808170156137
2025-04,"Hurdle beta, post-hoc coherence",hurdle_posthoc,contract_balanced,15879,156.0,0.01317624946761847,0.006173398284756821,11.477293849140114,0.26239393760034047,0.8707915993830098,0.09713251358638524
2025-04,MHB,mhb,equal,15879,15879.0,0.01317624946761847,0.006173398284756821,3.288063826854594,0.14729323708650113,0.7798979784621196,0.05091127062681394
2025-04,MHB,mhb,volume,15879,36465375.0,0.01317624946761847,0.006173398284756821,14.721375835945826,0.6008634159324125,0.9216179183677665,0.2967900855894927
2025-04,MHB,mhb,contract_balanced,15879,156.0,0.01317624946761847,0.006173398284756821,3.834004914842584,0.2620440942997652,0.8811981679014931,0.09785294675411418
2025-05,DR normal,dr_normal,equal,40928,40928.0,0.014783947320803625,0.006427632010766337,1.6581583539274973,0.044967332172457936,0.9920103596559813,0.040246639619935805
2025-05,DR normal,dr_normal,volume,40928,8707226.0,0.014783947320803625,0.006427632010766337,2.9919023128675994,0.13732375766057311,0.9853071460416899,0.12682356908244977
2025-05,DR normal,dr_normal,contract_balanced,40928,180.0,0.014783947320803625,0.006427632010766337,6.44307583065072,0.08460338662579611,0.9815098913762947,0.05824257065358064
2025-05,DR-AS normal,dras_normal,equal,40928,40928.0,0.014783947320803625,0.006427632010766337,1.6200369412297024,0.045544509009423015,0.9926211884284597,0.04119716316835108
2025-05,DR-AS normal,dras_normal,volume,40928,8707226.0,0.014783947320803625,0.006427632010766337,2.7807603352121473,0.14502445716497234,0.9930470393211339,0.1392786717606638
2025-05,DR-AS normal,dras_normal,contract_balanced,40928,180.0,0.014783947320803625,0.006427632010766337,2.152657329560272,0.08831382386368117,0.9841092135429246,0.06824282609683713
2025-05,"Beta, no hurdle",beta_no_hurdle,equal,40928,40928.0,0.014783947320803625,0.006427632010766337,1.6561161984702772,0.04582068510052355,0.9926211884284597,0.04128493929562608
2025-05,"Beta, no hurdle",beta_no_hurdle,volume,40928,8707226.0,0.014783947320803625,0.006427632010766337,2.786548770822513,0.14413093661978454,0.9887906894802088,0.13641453992269376
2025-05,"Beta, no hurdle",beta_no_hurdle,contract_balanced,40928,180.0,0.014783947320803625,0.006427632010766337,2.134138892826666,0.08908202205454821,0.9830263555045118,0.06618406452662653
2025-05,"Hurdle beta, post-hoc coherence",hurdle_posthoc,equal,40928,40928.0,0.014783947320803625,0.006427632010766337,10.408304735448773,0.05178380117470179,0.906078967943706,0.020386747068649604
2025-05,"Hurdle beta, post-hoc coherence",hurdle_posthoc,volume,40928,8707226.0,0.014783947320803625,0.006427632010766337,4.73443611080684,0.1550770741467293,0.9681897541191649,0.14208370537183707
2025-05,"Hurdle beta, post-hoc coherence",hurdle_posthoc,contract_balanced,40928,180.0,0.014783947320803625,0.006427632010766337,3.9910596317620604,0.08960807420954986,0.9683755635936026,0.06253789963506981
2025-05,MHB,mhb,equal,40928,40928.0,0.014783947320803625,0.006427632010766337,1.2724318832088428,0.05173256016963183,0.9105013682564502,0.021615656703610542
2025-05,MHB,mhb,volume,40928,8707226.0,0.014783947320803625,0.006427632010766337,2.7572486567858023,0.15614589855361605,0.9696755315642434,0.14317007916340307
2025-05,MHB,mhb,contract_balanced,40928,180.0,0.014783947320803625,0.006427632010766337,1.4334570947478305,0.09002390820496695,0.9692094450519853,0.06289712974981598
2025-06,DR normal,dr_normal,equal,56809,56809.0,0.014746694164353352,0.006413074953786921,1.583843283627381,0.04078597081834079,0.9900543927898748,0.033570210621967383
2025-06,DR normal,dr_normal,volume,56809,6625711.0,0.014746694164353352,0.006413074953786921,2.600473075561982,0.12937721637453503,0.9753745673483194,0.11334326925475555
2025-06,DR normal,dr_normal,contract_balanced,56809,160.0,0.014746694164353352,0.006413074953786921,1.7589982615470565,0.059752153336534025,0.9808228610222696,0.050361751051848626
2025-06,DR-AS normal,dras_normal,equal,56809,56809.0,0.014746694164353352,0.006413074953786921,1.590743356707319,0.04108320673957118,0.9906352866623247,0.0342220101015219
2025-06,DR-AS normal,dras_normal,volume,56809,6625711.0,0.014746694164353352,0.006413074953786921,2.689923238244527,0.13387550475005697,0.985642597451051,0.12418959073813768
2025-06,DR-AS normal,dras_normal,contract_balanced,56809,160.0,0.014746694164353352,0.006413074953786921,1.9313779980933563,0.06482871408088743,0.9927089823023287,0.06071850891114184
2025-06,"Beta, no hurdle",beta_no_hurdle,equal,56809,56809.0,0.014746694164353352,0.006413074953786921,1.5573499970085742,0.041508923241792235,0.990723300885423,0.034547632906297254
2025-06,"Beta, no hurdle",beta_no_hurdle,volume,56809,6625711.0,0.014746694164353352,0.006413074953786921,2.675064421951833,0.13316564352025373,0.9829758647788894,0.12095164847186383
2025-06,"Beta, no hurdle",beta_no_hurdle,contract_balanced,56809,160.0,0.014746694164353352,0.006413074953786921,1.8586270044987185,0.06321630128463122,0.9855922909539144,0.05794635229960502
2025-06,"Hurdle beta, post-hoc coherence",hurdle_posthoc,equal,56809,56809.0,0.014746694164353352,0.006413074953786921,6.76526238565116,0.04750627384765091,0.9198014399126899,0.018183786758341557
2025-06,"Hurdle beta, post-hoc coherence",hurdle_posthoc,volume,56809,6625711.0,0.014746694164353352,0.006413074953786921,5.102569762584065,0.14333383974746036,0.971464194559648,0.127231955010681
2025-06,"Hurdle beta, post-hoc coherence",hurdle_posthoc,contract_balanced,56809,160.0,0.014746694164353352,0.006413074953786921,2.6835483676414196,0.0652555632455954,0.9743160322899638,0.05587323831751172
2025-06,MHB,mhb,equal,56809,56809.0,0.014746694164353352,0.006413074953786921,1.1153348617384966,0.0472028143932416,0.9254343501909909,0.019390223293872223
2025-06,MHB,mhb,volume,56809,6625711.0,0.014746694164353352,0.006413074953786921,2.4005998213710944,0.14436773311549989,0.9700057850395225,0.12787901187688777
2025-06,MHB,mhb,contract_balanced,56809,160.0,0.014746694164353352,0.006413074953786921,1.2986986861615397,0.06469547894487708,0.9794641918779375,0.056175035324046475
2025-07,DR normal,dr_normal,equal,59041,59041.0,0.014726551081816324,0.006401866251701699,1.7343274486832774,0.045149790464754466,0.992310428346403,0.0374690374938329
2025-07,DR normal,dr_normal,volume,59041,9218341.0,0.014726551081816324,0.006401866251701699,3.2147036033618095,0.1805060251388741,0.9780359611344384,0.15725258628952984
2025-07,DR normal,dr_normal,contract_balanced,59041,152.0,0.014726551081816324,0.006401866251701699,2.363860543119296,0.09698706194598879,0.9589407927647043,0.06468593458203947
2025-07,DR-AS normal,dras_normal,equal,59041,59041.0,0.014726551081816324,0.006401866251701699,1.6962142958526831,0.04536810479753929,0.9927677376738195,0.03815700721319704
2025-07,DR-AS normal,dras_normal,volume,59041,9218341.0,0.014726551081816324,0.006401866251701699,3.016106979847617,0.18250238843228073,0.9847227391566444,0.1688911257024131
2025-07,DR-AS normal,dras_normal,contract_balanced,59041,152.0,0.014726551081816324,0.006401866251701699,2.2288893893042028,0.09159523974102121,0.9701414103777104,0.07538315577507264
2025-07,"Beta, no hurdle",beta_no_hurdle,equal,59041,59041.0,0.014726551081816324,0.006401866251701699,1.6717054857916698,0.04604386423468425,0.9927169255263288,0.03871727925499959
2025-07,"Beta, no hurdle",beta_no_hurdle,volume,59041,9218341.0,0.014726551081816324,0.006401866251701699,3.100291708536441,0.18478791831179747,0.9827654455394956,0.16689881216292024
2025-07,"Beta, no hurdle",beta_no_hurdle,contract_balanced,59041,152.0,0.014726551081816324,0.006401866251701699,2.317264516580255,0.09771550696683926,0.9650489457216868,0.07410767796826516
2025-07,"Hurdle beta, post-hoc coherence",hurdle_posthoc,equal,59041,59041.0,0.014726551081816324,0.006401866251701699,8.300172888438343,0.049831964066382434,0.9344015175894713,0.021897706385216265
2025-07,"Hurdle beta, post-hoc coherence",hurdle_posthoc,volume,59041,9218341.0,0.014726551081816324,0.006401866251701699,3.8758432402889578,0.1931257018240497,0.9753379702486598,0.17467146243600423
2025-07,"Hurdle beta, post-hoc coherence",hurdle_posthoc,contract_balanced,59041,152.0,0.014726551081816324,0.006401866251701699,3.376388314968648,0.0960774211131331,0.9567101139123906,0.0723539304666685
2025-07,MHB,mhb,equal,59041,59041.0,0.014726551081816324,0.006401866251701699,1.0451014755568009,0.05030264107133485,0.9380430548263068,0.023385096033691405
2025-07,MHB,mhb,volume,59041,9218341.0,0.014726551081816324,0.006401866251701699,2.817533186654818,0.19436410572389576,0.9741587992893732,0.17561941088938432
2025-07,MHB,mhb,contract_balanced,59041,152.0,0.014726551081816324,0.006401866251701699,1.6102309338267937,0.096573036604194,0.9575432791462447,0.07270072611697656
2025-08,DR normal,dr_normal,equal,62397,62397.0,0.014718043126599908,0.006398274969487793,1.730827545574325,0.037987701670700424,0.9948234690770387,0.03072418745221708
2025-08,DR normal,dr_normal,volume,62397,8176282.0,0.014718043126599908,0.006398274969487793,2.681443413359787,0.12877380944084404,0.9696255584139588,0.11662372052589114
2025-08,DR normal,dr_normal,contract_balanced,62397,146.0,0.014718043126599908,0.006398274969487793,2.1450634322335667,0.0716890563686054,0.9813512923406502,0.059435991438333814
2025-08,DR-AS normal,dras_normal,equal,62397,62397.0,0.014718043126599908,0.006398274969487793,1.7372332968852504,0.03833823919824339,0.9953202878343508,0.03128649140705909
2025-08,DR-AS normal,dras_normal,volume,62397,8176282.0,0.014718043126599908,0.006398274969487793,2.812429882143362,0.13926532445096626,0.9930453719673564,0.13303120475332503
2025-08,DR-AS normal,dras_normal,contract_balanced,62397,146.0,0.014718043126599908,0.006398274969487793,2.3335941754022964,0.07853087469136705,0.9935788984836674,0.07037190977561104
2025-08,"Beta, no hurdle",beta_no_hurdle,equal,62397,62397.0,0.014718043126599908,0.006398274969487793,1.7167543506849676,0.0384165410805644,0.9951760501306149,0.03130701141224104
2025-08,"Beta, no hurdle",beta_no_hurdle,volume,62397,8176282.0,0.014718043126599908,0.006398274969487793,2.7755549338750773,0.13679493313405747,0.9816341951023705,0.12924118573983814
2025-08,"Beta, no hurdle",beta_no_hurdle,contract_balanced,62397,146.0,0.014718043126599908,0.006398274969487793,2.265960145078414,0.0791527339952722,0.990632169621906,0.07017387762153378
2025-08,"Hurdle beta, post-hoc coherence",hurdle_posthoc,equal,62397,62397.0,0.014718043126599908,0.006398274969487793,4.884822746368992,0.03549267012329844,0.9463756270333507,0.014031551897079136
2025-08,"Hurdle beta, post-hoc coherence",hurdle_posthoc,volume,62397,8176282.0,0.014718043126599908,0.006398274969487793,3.2886193618066666,0.1473460186678683,0.9869717066999403,0.13810608166705163
2025-08,"Hurdle beta, post-hoc coherence",hurdle_posthoc,contract_balanced,62397,146.0,0.014718043126599908,0.006398274969487793,2.138243920339802,0.07519258578754703,0.9865740789174806,0.0647020486706614
2025-08,MHB,mhb,equal,62397,62397.0,0.014718043126599908,0.006398274969487793,1.032235703356992,0.03596196012668653,0.9492603811080658,0.015324436209615731
2025-08,MHB,mhb,volume,62397,8176282.0,0.014718043126599908,0.006398274969487793,2.6209030139526526,0.14809064454277643,0.9865613734947009,0.13871626638245607
2025-08,MHB,mhb,contract_balanced,62397,146.0,0.014718043126599908,0.006398274969487793,1.5297737852322144,0.07580479990396753,0.9867075004784522,0.06530277209561937
2025-09,DR normal,dr_normal,equal,58001,58001.0,0.01466520835515782,0.006378189267861154,1.6723661807668564,0.04224490014578385,0.9949656040413097,0.037220794933815186
2025-09,DR normal,dr_normal,volume,58001,10290256.0,0.01466520835515782,0.006378189267861154,2.9243733909891843,0.1728404696577655,0.9915052647864155,0.16905064143956072
2025-09,DR normal,dr_normal,contract_balanced,58001,153.0,0.01466520835515782,0.006378189267861154,1.9988639754289323,0.07216719654549984,0.9783356704050056,0.061883117887963135
2025-09,DR-AS normal,dras_normal,equal,58001,58001.0,0.01466520835515782,0.006378189267861154,1.6773898356255763,0.042552116789208505,0.9952587024361649,0.03763371180131456
2025-09,DR-AS normal,dras_normal,volume,58001,10290256.0,0.01466520835515782,0.006378189267861154,3.018853205486574,0.1800142669937147,0.9975817899962839,0.17827880005187
2025-09,DR-AS normal,dras_normal,contract_balanced,58001,153.0,0.01466520835515782,0.006378189267861154,2.197413672586776,0.0765034100672674,0.9906807330164428,0.07022389391198844
2025-09,"Beta, no hurdle",beta_no_hurdle,equal,58001,58001.0,0.01466520835515782,0.006378189267861154,1.673502238079228,0.043191844786350284,0.995206979190014,0.0382335477569674
2025-09,"Beta, no hurdle",beta_no_hurdle,volume,58001,10290256.0,0.01466520835515782,0.006378189267861154,2.9899132262354406,0.18191466114069582,0.9920256600030164,0.17926584261001263
2025-09,"Beta, no hurdle",beta_no_hurdle,contract_balanced,58001,153.0,0.01466520835515782,0.006378189267861154,2.140147240872776,0.07755967892350986,0.9884588173757389,0.07033050542473882
2025-09,"Hurdle beta, post-hoc coherence",hurdle_posthoc,equal,58001,58001.0,0.01466520835515782,0.006378189267861154,6.230392272098035,0.03774433215998295,0.9484836468336754,0.016887653249039687
2025-09,"Hurdle beta, post-hoc coherence",hurdle_posthoc,volume,58001,10290256.0,0.01466520835515782,0.006378189267861154,4.870490677960198,0.20422979526441454,0.9852733498564079,0.19858987319222965
2025-09,"Hurdle beta, post-hoc coherence",hurdle_posthoc,contract_balanced,58001,153.0,0.01466520835515782,0.006378189267861154,3.0784596224179173,0.07798318755125139,0.9780791437700478,0.0681974031796821
2025-09,MHB,mhb,equal,58001,58001.0,0.01466520835515782,0.006378189267861154,0.8798106963919787,0.03807909253286451,0.9513973897001777,0.018188506012188736
2025-09,MHB,mhb,volume,58001,10290256.0,0.01466520835515782,0.006378189267861154,2.6531436017869687,0.20619888561387603,0.9856671204292682,0.20081976697238552
2025-09,MHB,mhb,contract_balanced,58001,153.0,0.01466520835515782,0.006378189267861154,1.2604668488959951,0.07810877745355624,0.9807304623914816,0.06897085673338982
2025-10,DR normal,dr_normal,equal,68433,68433.0,0.014628086493972717,0.006360455429190432,1.8490053117097434,0.04232500002606768,0.995017023950433,0.03456961619106805
2025-10,DR normal,dr_normal,volume,68433,7590144.0,0.014628086493972717,0.006360455429190432,5.616913477275791,0.16098671562436623,0.9872038000860063,0.11686433950344738
2025-10,DR normal,dr_normal,contract_balanced,68433,285.0,0.014628086493972717,0.006360455429190432,2.27557545368885,0.06184959037402792,0.9871361538218201,0.03934205925218814
2025-10,DR-AS normal,dras_normal,equal,68433,68433.0,0.014628086493972717,0.006360455429190432,1.8388176819423103,0.04244234465576546,0.9952654421112619,0.03481012466753659
2025-10,DR-AS normal,dras_normal,volume,68433,7590144.0,0.014628086493972717,0.006360455429190432,5.641579376657294,0.16768661333161985,0.9904325925832238,0.12785706148541426
2025-10,DR-AS normal,dras_normal,contract_balanced,68433,285.0,0.014628086493972717,0.006360455429190432,2.388069586305281,0.06710035559340768,0.9926995126056768,0.046762063731176015
2025-10,"Beta, no hurdle",beta_no_hurdle,equal,68433,68433.0,0.014628086493972717,0.006360455429190432,1.8072832472724238,0.04288511504067321,0.9953969576081714,0.035240279390769076
2025-10,"Beta, no hurdle",beta_no_hurdle,volume,68433,7590144.0,0.014628086493972717,0.006360455429190432,13.650374784691742,0.1831466469094235,0.9782523230125806,0.1389475721914205
2025-10,"Beta, no hurdle",beta_no_hurdle,contract_balanced,68433,285.0,0.014628086493972717,0.006360455429190432,2.318858402764436,0.06614983930199664,0.9921755201337612,0.044781392083055364
2025-10,"Hurdle beta, post-hoc coherence",hurdle_posthoc,equal,68433,68433.0,0.014628086493972717,0.006360455429190432,6.120923562302365,0.04078382596703528,0.9563806935250536,0.020615895780507525
2025-10,"Hurdle beta, post-hoc coherence",hurdle_posthoc,volume,68433,7590144.0,0.014628086493972717,0.006360455429190432,13.009283337836237,0.16576494451244067,0.9735837686346924,0.12145216788535458
2025-10,"Hurdle beta, post-hoc coherence",hurdle_posthoc,contract_balanced,68433,285.0,0.014628086493972717,0.006360455429190432,1.62488978730874,0.06923332467737794,0.9872693901516119,0.046542321238716725
2025-10,MHB,mhb,equal,68433,68433.0,0.014628086493972717,0.006360455429190432,0.7728688823637635,0.04117644250390143,0.95930326012304,0.022032125070659034
2025-10,MHB,mhb,volume,68433,7590144.0,0.014628086493972717,0.006360455429190432,10.779948952681446,0.16345887943338122,0.9726302952882052,0.11910924030302858
2025-10,MHB,mhb,contract_balanced,68433,285.0,0.014628086493972717,0.006360455429190432,1.0087578227216676,0.06930482140195038,0.9868348918227862,0.04718361507810612
2025-11,DR normal,dr_normal,equal,77507,77507.0,0.014727019887881677,0.006370885522759182,1.2849841929351233,0.03068487528821317,0.9939489336447033,0.02170393594128852
2025-11,DR normal,dr_normal,volume,77507,5773117.0,0.014727019887881677,0.006370885522759182,2.1294529599350667,0.08970560082309662,0.9523868994860142,0.05656101848900012
2025-11,DR normal,dr_normal,contract_balanced,77507,199.0,0.014727019887881677,0.006370885522759182,2.4515701138165022,0.06965406087928903,0.9861503833651439,0.04399477913516209
2025-11,DR-AS normal,dras_normal,equal,77507,77507.0,0.014727019887881677,0.006370885522759182,1.2981001471223708,0.03096376064306062,0.9944908201839836,0.02212342542364042
2025-11,DR-AS normal,dras_normal,volume,77507,5773117.0,0.014727019887881677,0.006370885522759182,2.465489872830071,0.09323350900340291,0.978861679054833,0.07822634669582261
2025-11,DR-AS normal,dras_normal,contract_balanced,77507,199.0,0.014727019887881677,0.006370885522759182,2.744688889873073,0.0770772615578923,0.9903355162744787,0.05357896975860352
2025-11,"Beta, no hurdle",beta_no_hurdle,equal,77507,77507.0,0.014727019887881677,0.006370885522759182,1.2377184052902446,0.03092461664777467,0.9945553304862789,0.022088553693747077
2025-11,"Beta, no hurdle",beta_no_hurdle,volume,77507,5773117.0,0.014727019887881677,0.006370885522759182,2.2957250269984817,0.0924652582829232,0.9773316563651835,0.07104290673934496
2025-11,"Beta, no hurdle",beta_no_hurdle,contract_balanced,77507,199.0,0.014727019887881677,0.006370885522759182,2.566276344217818,0.075764477868004,0.9902325906148652,0.05163997569491249
2025-11,"Hurdle beta, post-hoc coherence",hurdle_posthoc,equal,77507,77507.0,0.014727019887881677,0.006370885522759182,3.013523779795762,0.028355303547196096,0.9703639671255502,0.009840329934352765
2025-11,"Hurdle beta, post-hoc coherence",hurdle_posthoc,volume,77507,5773117.0,0.014727019887881677,0.006370885522759182,1.8085313684459732,0.09825701548708995,0.9696486317530026,0.07539521926377864
2025-11,"Hurdle beta, post-hoc coherence",hurdle_posthoc,contract_balanced,77507,199.0,0.014727019887881677,0.006370885522759182,2.3052895599331067,0.07668289788354048,0.9835773176148882,0.05052866074312198
2025-11,MHB,mhb,equal,77507,77507.0,0.014727019887881677,0.006370885522759182,0.5428297223832255,0.028582369018088104,0.972441198859458,0.010823354896579422
2025-11,MHB,mhb,volume,77507,5773117.0,0.014727019887881677,0.006370885522759182,1.7016443301475737,0.09849803155451195,0.9731512456788941,0.07606759911132166
2025-11,MHB,mhb,contract_balanced,77507,199.0,0.014727019887881677,0.006370885522759182,1.500774656566697,0.07719897264175385,0.9856097492934345,0.05137517222204439
2025-12,DR normal,dr_normal,equal,65568,65568.0,0.014759752450734043,0.006345200920647224,1.2560743718946579,0.031306169572615346,0.9939604685212299,0.02515918388962922
2025-12,DR normal,dr_normal,volume,65568,5529527.0,0.014759752450734043,0.006345200920647224,2.3997606529507287,0.07198015124322121,0.9693769467081,0.05137359531963035
2025-12,DR normal,dr_normal,contract_balanced,65568,210.0,0.014759752450734043,0.006345200920647224,2.4652424085361626,0.06695575561503993,0.9710035459257469,0.04219503094037798
2025-12,DR-AS normal,dras_normal,equal,65568,65568.0,0.014759752450734043,0.006345200920647224,1.2683833831378521,0.03162958075271226,0.9944332601268913,0.025612716280059577
2025-12,DR-AS normal,dras_normal,volume,65568,5529527.0,0.014759752450734043,0.006345200920647224,2.845292539385512,0.08550683781725651,0.9855012915209563,0.06791612681421275
2025-12,DR-AS normal,dras_normal,contract_balanced,65568,210.0,0.014759752450734043,0.006345200920647224,2.7573241676051694,0.07398769787495615,0.9785418548645164,0.050443898356754543
2025-12,"Beta, no hurdle",beta_no_hurdle,equal,65568,65568.0,0.014759752450734043,0.006345200920647224,1.4848502916821378,0.031954944536675495,0.9943112493899464,0.025854185414031422
2025-12,"Beta, no hurdle",beta_no_hurdle,volume,65568,5529527.0,0.014759752450734043,0.006345200920647224,3.868689563382945,0.08110835174113823,0.9820738735881025,0.06246526121449111
2025-12,"Beta, no hurdle",beta_no_hurdle,contract_balanced,65568,210.0,0.014759752450734043,0.006345200920647224,3.0849113513956707,0.07350780908935484,0.977648426794995,0.04907504110636633
2025-12,"Hurdle beta, post-hoc coherence",hurdle_posthoc,equal,65568,65568.0,0.014759752450734043,0.006345200920647224,3.7145762439839274,0.03138336558884783,0.9620546608101512,0.012094478543198577
2025-12,"Hurdle beta, post-hoc coherence",hurdle_posthoc,volume,65568,5529527.0,0.014759752450734043,0.006345200920647224,2.962454720445895,0.08274842068040543,0.9690045821279107,0.06161207630352594
2025-12,"Hurdle beta, post-hoc coherence",hurdle_posthoc,contract_balanced,65568,210.0,0.014759752450734043,0.006345200920647224,3.7790215387597037,0.07696959306427568,0.9673701249125959,0.04353611707073604
2025-12,MHB,mhb,equal,65568,65568.0,0.014759752450734043,0.006345200920647224,0.8999685092640303,0.03136436057990829,0.9646778916544656,0.013027547239416962
2025-12,MHB,mhb,volume,65568,5529527.0,0.014759752450734043,0.006345200920647224,2.5761476061809896,0.08321565452873958,0.9700818894636016,0.0625148513071214
2025-12,MHB,mhb,contract_balanced,65568,210.0,0.014759752450734043,0.006345200920647224,1.8881779258443714,0.07718894706251418,0.9686177377716302,0.04523194973886162
2026-01,DR normal,dr_normal,equal,60098,60098.0,0.014751560698688592,0.006309386369956034,1.5212062392918706,0.05221132637532368,0.9948084794835101,0.04733400899612526
2026-01,DR normal,dr_normal,volume,60098,71116254.0,0.014751560698688592,0.006309386369956034,3.332038045904087,0.2563396113022714,0.9593014699565025,0.1908535140567566
2026-01,DR normal,dr_normal,contract_balanced,60098,224.0,0.014751560698688592,0.006309386369956034,7.659832749727026,0.15585809486667984,0.9601772675687638,0.06269183109465797
2026-01,DR-AS normal,dras_normal,equal,60098,60098.0,0.014751560698688592,0.006309386369956034,1.539628109419387,0.05278441512353292,0.9952910246597224,0.0481545230673638
2026-01,DR-AS normal,dras_normal,volume,60098,71116254.0,0.014751560698688592,0.006309386369956034,3.431203540146845,0.25221549127426873,0.961579556763493,0.2058198989715658
2026-01,DR-AS normal,dras_normal,contract_balanced,60098,224.0,0.014751560698688592,0.006309386369956034,6.956236695776628,0.15833901539027492,0.9733926585794799,0.07039177775026743
2026-01,"Beta, no hurdle",beta_no_hurdle,equal,60098,60098.0,0.014751560698688592,0.006309386369956034,1.7076291654386981,0.05315638350355946,0.9948084794835101,0.048458770647426236
2026-01,"Beta, no hurdle",beta_no_hurdle,volume,60098,71116254.0,0.014751560698688592,0.006309386369956034,10.360634848593078,0.2565777170883341,0.9446817038478996,0.20157385146822218
2026-01,"Beta, no hurdle",beta_no_hurdle,contract_balanced,60098,224.0,0.014751560698688592,0.006309386369956034,7.117956824926944,0.15826479279739172,0.9703251497705208,0.06881376258208441
2026-01,"Hurdle beta, post-hoc coherence",hurdle_posthoc,equal,60098,60098.0,0.014751560698688592,0.006309386369956034,8.279503066440995,0.04835870785797929,0.9433259010283204,0.023794617526118982
2026-01,"Hurdle beta, post-hoc coherence",hurdle_posthoc,volume,60098,71116254.0,0.014751560698688592,0.006309386369956034,14.595962890346414,0.25942499320893714,0.9481613584427548,0.21547340067182222
2026-01,"Hurdle beta, post-hoc coherence",hurdle_posthoc,contract_balanced,60098,224.0,0.014751560698688592,0.006309386369956034,4.893709904167755,0.1591789395367986,0.9609319813727613,0.06570083920760605
2026-01,MHB,mhb,equal,60098,60098.0,0.014751560698688592,0.006309386369956034,1.0615102192969068,0.04839111901811251,0.9462710905520981,0.025108944762539515
2026-01,MHB,mhb,volume,60098,71116254.0,0.014751560698688592,0.006309386369956034,10.013021506733674,0.2601760848585553,0.9481978901757114,0.2179757564678733
2026-01,MHB,mhb,contract_balanced,60098,224.0,0.014751560698688592,0.006309386369956034,2.81895119149777,0.15951842571344138,0.9614333198495449,0.0667323494997141
2026-02,DR normal,dr_normal,equal,34056,34056.0,0.014604229694385464,0.006195995750311456,1.8923797351006906,0.0605865610174846,0.9911616161616161,0.05332626426757732
2026-02,DR normal,dr_normal,volume,34056,18784465.0,0.014604229694385464,0.006195995750311456,1.3401355418732082,0.038263928006173106,0.9876139671797945,0.0364536779047957
2026-02,DR normal,dr_normal,contract_balanced,34056,229.0,0.014604229694385464,0.006195995750311456,2.0734565455648775,0.08110346766257961,0.9501218747896996,0.05283600428427248
2026-02,DR-AS normal,dras_normal,equal,34056,34056.0,0.014604229694385464,0.006195995750311456,1.9093945351739472,0.06160952115283902,0.9920425182053089,0.05456825444272766
2026-02,DR-AS normal,dras_normal,volume,34056,18784465.0,0.014604229694385464,0.006195995750311456,1.750011010855653,0.04944046313500573,0.9985006227220206,0.0486802875652288
2026-02,DR-AS normal,dras_normal,contract_balanced,34056,229.0,0.014604229694385464,0.006195995750311456,2.2521976423082197,0.08377214701087757,0.9637547545324462,0.05866332325893917
2026-02,"Beta, no hurdle",beta_no_hurdle,equal,34056,34056.0,0.014604229694385464,0.006195995750311456,2.441712317268383,0.06163895196686223,0.9921599718111346,0.054497969142821096
2026-02,"Beta, no hurdle",beta_no_hurdle,volume,34056,18784465.0,0.014604229694385464,0.006195995750311456,2.367103150934038,0.045079308300408114,0.9963738120835488,0.04409464054641825
2026-02,"Beta, no hurdle",beta_no_hurdle,contract_balanced,34056,229.0,0.014604229694385464,0.006195995750311456,5.965842679109536,0.08628278849324686,0.9555220861070867,0.05941959442291439
2026-02,"Hurdle beta, post-hoc coherence",hurdle_posthoc,equal,34056,34056.0,0.014604229694385464,0.006195995750311456,9.766585869538595,0.05796268199629364,0.9246241484613578,0.02391157923559068
2026-02,"Hurdle beta, post-hoc coherence",hurdle_posthoc,volume,34056,18784465.0,0.014604229694385464,0.006195995750311456,1.818619580844644,0.041646242845087264,0.9844733400711705,0.03760128492779596
2026-02,"Hurdle beta, post-hoc coherence",hurdle_posthoc,contract_balanced,34056,229.0,0.014604229694385464,0.006195995750311456,6.767043466943108,0.09437171085864944,0.9476562323247373,0.05483309122203324
2026-02,MHB,mhb,equal,34056,34056.0,0.014604229694385464,0.006195995750311456,1.7610501582216234,0.05840805053147708,0.9270025839793282,0.025312745805982965
2026-02,MHB,mhb,volume,34056,18784465.0,0.014604229694385464,0.006195995750311456,1.5610236943439382,0.041544817602139086,0.9843927415553224,0.037526281158906785
2026-02,MHB,mhb,contract_balanced,34056,229.0,0.014604229694385464,0.006195995750311456,5.178467322402329,0.09425006854437945,0.9499482477971527,0.05607733212802754
2026-03,DR normal,dr_normal,equal,47888,47888.0,0.014558274370670376,0.006082789692620698,3.172709044627603,0.08889624766510108,0.9767791513531572,0.05532911262810173
2026-03,DR normal,dr_normal,volume,47888,170068218.0,0.014558274370670376,0.006082789692620698,2.9454251869830745,0.07653772942163194,0.9667213776532897,0.04518511984088103
2026-03,DR normal,dr_normal,contract_balanced,47888,272.0,0.014558274370670376,0.006082789692620698,10.654679774442126,0.2293701102994398,0.9318938048177614,0.05984426264903453
2026-03,DR-AS normal,dras_normal,equal,47888,47888.0,0.014558274370670376,0.006082789692620698,3.194804808115556,0.08993230034690342,0.97815736719011,0.057191539031264324
2026-03,DR-AS normal,dras_normal,volume,47888,170068218.0,0.014558274370670376,0.006082789692620698,2.3658155193569392,0.08412632024425053,0.9845410328224877,0.0598723041863076
2026-03,DR-AS normal,dras_normal,contract_balanced,47888,272.0,0.014558274370670376,0.006082789692620698,9.781075047338843,0.22776525200532566,0.9438917655196726,0.06589050013185478
2026-03,"Beta, no hurdle",beta_no_hurdle,equal,47888,47888.0,0.014558274370670376,0.006082789692620698,2.951429881384966,0.08991616988676174,0.9771967925158702,0.056877671129188054
2026-03,"Beta, no hurdle",beta_no_hurdle,volume,47888,170068218.0,0.014558274370670376,0.006082789692620698,2.2640648217420987,0.08153253758601593,0.9818010970162574,0.055063368785655945
2026-03,"Beta, no hurdle",beta_no_hurdle,contract_balanced,47888,272.0,0.014558274370670376,0.006082789692620698,7.386463651796889,0.23039191080440174,0.9365222171181888,0.06502338362930246
2026-03,"Hurdle beta, post-hoc coherence",hurdle_posthoc,equal,47888,47888.0,0.014558274370670376,0.006082789692620698,9.287435601728511,0.10063812931030386,0.8932300367524221,0.029763307061202064
2026-03,"Hurdle beta, post-hoc coherence",hurdle_posthoc,volume,47888,170068218.0,0.014558274370670376,0.006082789692620698,1.1777952184414249,0.08133920915585746,0.9707514780921618,0.054692053664049015
2026-03,"Hurdle beta, post-hoc coherence",hurdle_posthoc,contract_balanced,47888,272.0,0.014558274370670376,0.006082789692620698,5.861500754103226,0.22857128822628853,0.9272712279788289,0.062466479457728805
2026-03,MHB,mhb,equal,47888,47888.0,0.014558274370670376,0.006082789692620698,1.8899128626222932,0.09993386135011365,0.8958402940193783,0.030621800151583504
2026-03,MHB,mhb,volume,47888,170068218.0,0.014558274370670376,0.006082789692620698,1.1067750313457776,0.08051767818145343,0.9694496593125941,0.053878160222361
2026-03,MHB,mhb,contract_balanced,47888,272.0,0.014558274370670376,0.006082789692620698,4.562899109953673,0.22823974693332938,0.9278709790813122,0.06330544856219569
2026-04,DR normal,dr_normal,equal,31387,31387.0,0.015867848329560667,0.0054665110952523445,2.8401794754880436,0.09381813483089312,0.9787491636664862,0.07647048896044681
2026-04,DR normal,dr_normal,volume,31387,57008800.06,0.015867848329560667,0.0054665110952523445,3.9504129681870426,0.44064060970530444,0.9786644190244336,0.3044165630829818
2026-04,DR normal,dr_normal,contract_balanced,31387,148.0,0.015867848329560667,0.0054665110952523445,2.6799819212429465,0.14027079541879717,0.9780014381281125,0.11725271013176358
2026-04,DR-AS normal,dras_normal,equal,31387,31387.0,0.015867848329560667,0.0054665110952523445,2.8044371258699208,0.09391523990864141,0.9793863701532483,0.07715667253054355
2026-04,DR-AS normal,dras_normal,volume,31387,57008800.06,0.015867848329560667,0.0054665110952523445,3.9421436766375466,0.4334648509558943,0.9787323546764017,0.3122939757858384
2026-04,DR-AS normal,dras_normal,contract_balanced,31387,148.0,0.015867848329560667,0.0054665110952523445,2.7391617693295216,0.1415715752828314,0.9827803648496979,0.1229211132227839
2026-04,"Beta, no hurdle",beta_no_hurdle,equal,31387,31387.0,0.015867848329560667,0.0054665110952523445,2.6769182592930068,0.09514405555799571,0.9794500908019244,0.07837415870326817
2026-04,"Beta, no hurdle",beta_no_hurdle,volume,31387,57008800.06,0.015867848329560667,0.0054665110952523445,4.238801501429702,0.43990490129161836,0.9788062888759563,0.30630748236118965
2026-04,"Beta, no hurdle",beta_no_hurdle,contract_balanced,31387,148.0,0.015867848329560667,0.0054665110952523445,2.779456742295546,0.14793336223830064,0.9820555196311593,0.12667368563374304
2026-04,"Hurdle beta, post-hoc coherence",hurdle_posthoc,equal,31387,31387.0,0.015867848329560667,0.0054665110952523445,22.961925187766973,0.11334518326123597,0.829674706088508,0.04016016191848663
2026-04,"Hurdle beta, post-hoc coherence",hurdle_posthoc,volume,31387,57008800.06,0.015867848329560667,0.0054665110952523445,3.9415825343677726,0.4787792499180752,0.9759859214970468,0.34715336730646384
2026-04,"Hurdle beta, post-hoc coherence",hurdle_posthoc,contract_balanced,31387,148.0,0.015867848329560667,0.0054665110952523445,19.457727413477336,0.15972659954803223,0.9387285121944525,0.12095693546809291
2026-04,MHB,mhb,equal,31387,31387.0,0.015867848329560667,0.0054665110952523445,2.541349821860979,0.11266076828007479,0.8361742122534808,0.04219856280574662
2026-04,MHB,mhb,volume,31387,57008800.06,0.015867848329560667,0.0054665110952523445,3.11616542927244,0.48180429124645907,0.9762557893066448,0.35080958605351475
2026-04,MHB,mhb,contract_balanced,31387,148.0,0.015867848329560667,0.0054665110952523445,2.273236916787388,0.16094788810575575,0.9420111990609482,0.1237473726120902
